被评人工号,一级组织,二级组织,三级组织,四级组织,五级组织,六级组织,被评人问卷,关系,评估人工号,理解公司战略并洞察本领域的内外部环境，识别风险点和挖掘业务增长的机会点,根据年度战略规划进行系统思考，梳理本部门的策略和重点工作事项，并制定具体可执行的计划,根据部门重点工作目标和资源现状，平衡效益和风险，在工作中做出正确判断和行动，快速推动战略落地,主动识别和记录业务管理中遇到的问题和挑战，创造性地提出改进设想并推动落地,在日常工作中，积极采取新措施和尝试新方法，持续提升工作效率,积极倾听部门成员的创新想法，建立激励机制，奖励成功实施创新想法的个人或团队，同时认可那些虽未成功但勇于尝试的创新行为,主动地学习、理解和尊重不同文化，持续提升自身的国际化视野,认识到不同视角、立场或文化带来的价值和风险，结合对各地区差异的理解，形成合理的管理机制,有效地发挥跨部门影响力，链接跨部门资源，推进复杂问题的解决,把响应客户需求作为首要任务，积极倾听，快速响应内外部客户的需求,帮助内外部客户解决问题，确保最终的产品或服务让客户满意,深入洞察，持续跟踪内外部客户需求及满足情况，建立稳定良好的客户关系,主动探索和学习本领域相关的数字化技术、AI等，引入至部门工作中，有效提升工作效率,积极参与公司数字化项目，助力公司数字化变革成功,根据部门目标，制定部门内部及跨部门的工作流程和沟通协作机制，促进工作高效开展,梳理部门成员能力现状，合理规划人才队伍，建立人才梯队,为部门设立高绩效标准，通过授权、激励、辅导等形式，挖掘员工潜力，带领部门持续打胜仗,在部门内营造良好的学习氛围，结合部门需求与员工的发展意愿，为团队成员提供多样的学习和挑战机会,对员工表现给予及时反馈，表扬优秀与进步，对于不足之处提供合理的改进建议，从而帮助员工持续提升工作表现与能力,主动识别需要完成的任务并积极采取行动，不会被动等待他人的要求,以结果为导向，并能够在过程中合理规划人力、时间、预算等各项资源，及时跟进落地情况，不断推动结果达成,深刻理解公司文化内涵，以身作则，积极践行并主动传播文化价值观，保持其日常行为与价值观导向高度一致,重视文化建设，关注员工体验，将部门日常工作与公司文化紧密结合，积极参与并推进文化传播活动，表彰积极践行文化的行为，在部门内营造良好的文化氛围,以坦诚精神、言出必行和公开透明的作风，建立与同事间的信赖和信任感，构建简单、互信、尊重、友爱的人际关系,自觉维护团结，能够顾全大局，多帮助多补位,树立“合规”意识，带头践行合规文化，将合规理念贯穿于日常经营行动的每一个环节,杜绝官僚主义作风，不拉帮结派，不搞权力斗争，不任人唯亲，不默认、纵容下属的任何迎合和奉承行为,树立道德高线，严守纪律底线,请列举2-3个您认为被评估人表现出色并值得他人学习的行为。,请指出2-3个您认为被评估人有可发展空间的方面，并提供具体的发展建议。,您对被评估人的其他建议？,司龄,年龄,直接下属人数,上一次晋升时间,一级序列,二级序列,去年年度绩效数据
10043642,光储集团,营销体系,海外战略大客户中心&中东非大区,海外战略大客户中心,技术营销部,,执行层,协同方,10041340,3,3,4,4,4,4,5,4,3,4,4,4,,,,,,,,4,4,3,4,4,4,4,4,4,"1、积极参与各项事务；
2、专业技能优秀；",无,无,1,43,9,6/5/2026,营销,技术营销,B+
10043642,光储集团,营销体系,海外战略大客户中心&中东非大区,海外战略大客户中心,技术营销部,,执行层,协同方,10015464,,,,,,,,,,,,,,,,,,,,,,,,,,,,,,,,1,43,9,6/5/2026,营销,技术营销,B+
10043642,光储集团,营销体系,海外战略大客户中心&中东非大区,海外战略大客户中心,技术营销部,,执行层,协同方,10036152,4,3,3,4,4,3,5,4,4,4,4,4,,,,,,,,4,3,5,3,4,4,4,4,5,Dr Goh is a professional who are passionate and committed with his work. ,"Dr Goh is going to be promoted to be a team leader, he is advised to improve leadership and motivational skills to manage a cross-culture and cross-region team.","Adapt the new role swiftly and effectively, looking forward to seeing his vision come to implementation and add great value to OSKA and Sungrow",1,43,9,6/5/2026,营销,技术营销,B+
10043642,光储集团,营销体系,海外战略大客户中心&中东非大区,海外战略大客户中心,技术营销部,,执行层,协同方,10020397,4,5,5,5,5,4,5,4,5,5,5,5,,,,,,,,5,5,4,4,5,5,5,5,5,业务思维导向，有针对性地开展技术营销工作；在专业领域足够专业，赢得客户认可,进一步加深客户侧技术关键人和高层的客户关系管理,无,1,43,9,6/5/2026,营销,技术营销,B+
10043642,光储集团,营销体系,海外战略大客户中心&中东非大区,海外战略大客户中心,技术营销部,,执行层,上级,10005139,4,4,4,5,5,4,4,5,4,5,4,5,4,3,4,4,4,5,4,5,4,4,4,4,4,5,5,5,深入挖掘客户需求；针对性准备营销材料,"进一步深入了解公司情况，以利于在现有资源基础上寻求最优解；
更多关注下属的需求，统一团队思想",无,1,43,9,6/5/2026,营销,技术营销,B+
10043642,光储集团,营销体系,海外战略大客户中心&中东非大区,海外战略大客户中心,技术营销部,,执行层,协同方,10017585,4,4,4,4,4,3,5,5,2,4,4,4,,,,,,,,3,4,3,4,3,4,4,3,3,专业，热情，有思想,需要熟悉内部工作流程，建立和其他部门的良好关系,加油,1,43,9,6/5/2026,营销,技术营销,B+
10043642,光储集团,营销体系,海外战略大客户中心&中东非大区,海外战略大客户中心,技术营销部,,执行层,自己,10043642,5,5,4,4,5,4,5,5,4,5,5,5,5,4,4,4,5,4,5,5,4,4,5,5,4,5,4,5,"I always taking the ownership of the issue and proactively looking for the solutions. Moreover, I take the lead in the team to effectively deliver the projects.",I have heavy workload and always working overtime. I will need to look into the management of my time.,Keep up with the good work.,1,43,9,6/5/2026,营销,技术营销,B+
10015526,光储集团,储能事业部,研发中心,储能产品系统部,电力储能系统部,,执行层,协同方,10033530,5,5,5,5,5,5,4,5,4,5,5,5,,,,,,,,5,4,5,5,5,5,5,5,5,共创相互协同能力强，系统思维优秀,无,无,5.3,31,0,,产品与研发,系统,B+
10015526,光储集团,储能事业部,研发中心,储能产品系统部,电力储能系统部,,执行层,协同方,10019397,5,4,4,5,4,4,3,4,5,5,3,4,,,,,,,,4,4,4,3,4,5,5,5,5,"1.人际影响力方面非常强，与业务相关方的工作对接非常高效顺畅
2.敢于且有能力承接挑战性任务","1.作为新产品立项团队的最高负责人
2.作为全序列新产品立项或技术路线固定评审委员",希望能把自己的一些处理事情的经验以方法论的形式做分享,5.3,31,0,,产品与研发,系统,B+
10015526,光储集团,储能事业部,研发中心,储能产品系统部,电力储能系统部,,执行层,协同方,10016369,5,4,5,5,3,3,4,4,4,4,4,3,,,,,,,,4,4,5,4,5,5,4,5,5,"1、面对高强度压力时，会为团队分担压力，在关键时刻能够顶上
2、能够分解复杂问题，最终带领大家突破困境",1、需要增加对下属的培养，为自己减负,暂无,5.3,31,0,,产品与研发,系统,B+
10015526,光储集团,储能事业部,研发中心,储能产品系统部,电力储能系统部,,执行层,协同方,10001822,5,5,5,5,5,5,5,5,5,5,5,5,,,,,,,,5,5,5,5,5,5,5,5,5,面对工作任务时，工作思路清晰，能够高效开展。,暂无,暂无,5.3,31,0,,产品与研发,系统,B+
10015526,光储集团,储能事业部,研发中心,储能产品系统部,电力储能系统部,,执行层,上级,10007018,4,4,4,5,4,4,4,4,5,5,5,5,3,3,4,4,4,4,5,4,5,5,5,5,5,4,5,5,"1.业务思维突出，能够主动基于业务全局考虑问题，敢于决策技术问题；
2.沟通协调能力突出，能够主动协调推动相关方，解决开发过程中的卡点问题，促成目标实现；","1.有魄力的同时需要增加谨慎，建议后期工作中多关注技术风险管控；
2.加强学习，提升管理及策划能力，多通过策略方法高效解决问题。",无,5.3,31,0,,产品与研发,系统,B+
10015526,光储集团,储能事业部,研发中心,储能产品系统部,电力储能系统部,,执行层,自己,10015526,5,4,5,4,4,5,5,4,5,4,5,5,4,4,3,5,4,4,5,5,4,5,5,5,5,4,5,5,"1，责任心强，业务相关事情不推诿，主动解决，达到目标进行闭环；
2，抗压能力强，长期从事高压工作，能在高压中完成任务，达成组织目标；","1，需要多走出去，了解市场业务动态；
2，需要多了解一些行业发展动态和技术发展趋势；
3，需要多一些时间思考和自我学习成长。",暂无,5.3,31,0,,产品与研发,系统,B+
10018912,光储集团,储能事业部,产品经营中心,电力储能产品部,,,执行层,上级,10009176,4,4,4,3,5,4,4,3,5,5,5,5,5,5,4,3,3,4,3,5,4,5,3,5,4,4,5,5,态度诚恳，为人坦诚，亲和力。,需更加细心，自我约束。,暂无,4.6,34,3,6/19/2026,产品与研发,产品,A
10018912,光储集团,储能事业部,产品经营中心,电力储能产品部,,,执行层,协同方,10003244,5,5,5,5,4,5,5,4,5,5,5,5,,,,,,,,4,4,5,5,4,5,5,4,4,团队的优秀管理者，在团队内的公信力卓越，对业务思考全面。,团队成员对韩总认可度非常高，业务和规划上希望可以多参与,无,4.6,34,3,6/19/2026,产品与研发,产品,A
10018912,光储集团,储能事业部,产品经营中心,电力储能产品部,,,执行层,协同方,10019447,3,3,3,3,4,4,4,3,4,4,4,4,,,,,,,,4,3,4,3,4,4,5,5,5,执行力强，有创造力,沟通协调能力可以再加强,无,4.6,34,3,6/19/2026,产品与研发,产品,A
10018912,光储集团,储能事业部,产品经营中心,电力储能产品部,,,执行层,协同方,10022546,3,4,4,4,3,4,4,4,4,4,4,4,,,,,,,,4,4,4,4,5,5,4,5,5,有韧劲,暂无建议,暂无,4.6,34,3,6/19/2026,产品与研发,产品,A
10018912,光储集团,储能事业部,产品经营中心,电力储能产品部,,,执行层,协同方,10004028,4,5,4,5,4,4,5,4,5,4,4,5,,,,,,,,5,4,5,5,4,5,4,5,4,结果导向，做事有耐心，能充分听取员工建议。,安排任务建议要把背景情况和目的说清楚，确保大家理解和任务需求是一致的。,关键事情上要有杀伐果断的决心,4.6,34,3,6/19/2026,产品与研发,产品,A
10018912,光储集团,储能事业部,产品经营中心,电力储能产品部,,,执行层,自己,10018912,4,5,4,4,5,3,4,3,5,5,5,4,5,5,3,3,3,5,4,5,5,4,3,4,5,3,5,5,无,无,无,4.6,34,3,6/19/2026,产品与研发,产品,A
10027592,财务中心,财务管理&共享,财务共享部,,,,执行层,下级,10045676,4,5,5,4,5,5,5,4,5,4,4,4,5,5,5,5,5,4,5,5,5,4,5,5,4,5,5,5,"1. 主动拥抱 AI 等新兴变化，面对新概念、新理念，何总能够快速理解、深入钻研，并结合业务实际融会贯通，借力新科技赋能日常工作、助推业务发展。
2. 在工作推进中，何总始终前瞻布局、先人一步。尤其在各类数字化项目上，坚持提前谋划、前置启动，把复杂任务拆解消化在日常阶段，有效缓解项目中后期攻坚压力，同时也为专项工作预留充足优化完善的时间。","1.自身业务和管理经验非常丰富，建议多进行经验总结梳理，适时在团队内做分享交流，带动团队整体能力共同提升。
2.建议进一步加强核心骨干培养与人才梯队搭建，多给予下属员工独立牵头项目、决策历练的机会，做好传帮带，完善人才成长路径，夯实团队可持续发展能力。",暂无其他,3.1,45,23,,财务,财务核算,A
10027592,财务中心,财务管理&共享,财务共享部,,,,执行层,下级,10046221,5,5,5,4,5,5,5,5,4,5,5,4,5,5,5,5,4,4,4,5,4,4,3,4,4,4,4,5,"1.一直保持持续学习的态度和精神，并时常提醒团队和下属也要不断精进自身的专业、语言与沟通能力提升自我价值；
2.一直重视团队合作、在团队中建立了友善交流、互帮互助、知识共享的良好氛围",无其他建议,无其他建议,3.1,45,23,,财务,财务核算,A
10027592,财务中心,财务管理&共享,财务共享部,,,,执行层,下级,10037810,4,5,4,4,3,3,4,4,5,4,4,5,4,5,4,4,4,3,3,4,5,5,4,3,4,5,4,5,积极推进财务数字化建设；主动分享经验,专业知识,无,3.1,45,23,,财务,财务核算,A
10027592,财务中心,财务管理&共享,财务共享部,,,,执行层,下级,10036866,5,5,5,5,4,5,5,5,5,5,4,5,5,5,5,5,4,5,5,5,5,5,4,5,5,5,5,5,专业、认真、严谨,暂无,暂无,3.1,45,23,,财务,财务核算,A
10027592,财务中心,财务管理&共享,财务共享部,,,,执行层,下级,10043297,4,5,4,5,5,4,5,5,5,5,5,5,5,5,5,4,4,3,5,4,5,5,5,5,5,5,5,5,"1.积极推动数字化平台建设
2.重视跨国文化学习",无,无,3.1,45,23,,财务,财务核算,A
10027592,财务中心,财务管理&共享,财务共享部,,,,执行层,下级,10042193,5,5,5,5,5,5,5,5,5,5,5,5,4,5,5,5,5,5,5,5,5,5,5,5,5,5,4,5,"1. 善于沟通  
2. 敢于担当  
3. 赋能团队",无,无,3.1,45,23,,财务,财务核算,A
10027592,财务中心,财务管理&共享,财务共享部,,,,执行层,下级,10042025,5,5,5,5,5,5,5,5,5,5,5,5,5,5,5,5,5,5,5,5,5,5,5,5,5,5,5,5,大力推动数字化,无,无,3.1,45,23,,财务,财务核算,A
10027592,财务中心,财务管理&共享,财务共享部,,,,执行层,下级,10042129,5,5,5,5,5,5,5,5,5,5,5,5,5,5,5,5,5,5,5,5,5,5,5,5,5,5,5,5,1.解决问题有大局观，善于发现问题所在并指导团队解决问题；2.做事有条理有规划，乐于听取下级意见。,建议在团队日常繁忙之余，为成员创造一些跨模块轮岗或海外专项历练的机会，既能拓宽人才储备，也能让团队保持新鲜感和进取心。,暂无,3.1,45,23,,财务,财务核算,A
10027592,财务中心,财务管理&共享,财务共享部,,,,执行层,下级,10041481,5,5,5,5,5,5,5,5,5,5,5,5,5,5,5,5,5,5,5,5,5,5,5,5,5,5,5,5,能够在下属遇到跨部门工作难题时提供必要的协助；能够经常分享作为过来人的职场经验；,无,无,3.1,45,23,,财务,财务核算,A
10027592,财务中心,财务管理&共享,财务共享部,,,,执行层,下级,10031677,5,5,5,5,5,5,5,5,5,5,5,5,5,5,4,5,5,5,5,5,5,5,5,5,5,5,4,5,"1.积极推动数字化变革，引入AI等其他技术提升工作效率
2.领导力较强，带领团队拓宽国际化视野",无,无,3.1,45,23,,财务,财务核算,A
10027592,财务中心,财务管理&共享,财务共享部,,,,执行层,下级,10031612,4,5,5,5,5,5,5,5,5,5,4,5,5,5,5,5,5,5,5,5,5,4,4,4,4,5,4,5,国际化能力，跨文化沟通能力，将新思路和新技术应用不断应用到工作之中。,建议后续多开展团队经验分享，进一步沉淀管理方法，带动整体团队能力提升；保持务实担当的风格，进一步提升精细化管理和过程指导。,无,3.1,45,23,,财务,财务核算,A
10027592,财务中心,财务管理&共享,财务共享部,,,,执行层,下级,10031824,5,5,5,5,5,5,5,5,5,5,5,5,5,5,5,4,5,5,5,5,5,5,5,5,5,5,5,5,对全球化有深刻理解，善于组织协调各方,无,无,3.1,45,23,,财务,财务核算,A
10027592,财务中心,财务管理&共享,财务共享部,,,,执行层,下级,10031797,5,5,5,5,5,4,5,4,5,5,5,5,5,5,4,5,5,5,4,5,5,5,5,5,5,5,4,5,"1.统筹格局强，大局把控能力突出领导具备很强的全局管理思维和顶层统筹意识，擅长向上对接、对外协调资源，人际关系与商务沟通能力十分出众。面对复杂工作局面和外部对接事宜时，谈吐得体、逻辑清晰、口才出众，能快速稳住局面、维护团队对外形象，也善于把握工作风向与潜在风险，风控意识强，站位高、考虑周全，非常值得我们学习处事格局和大局思维。
2.行事稳重有分寸，职场格局成熟为人处世成熟老练，深谙职场规则，遇事善于权衡利弊、规避风险，自我边界感和保护意识强。在向上汇报、跨部门沟通中总能精准把握分寸，能很好争取上层领导认可与支持，也擅长把控工作节奏，在团队方向引领、人际关系维系上有独到优势，处事方式值得借鉴。
3.团队引领有气场，带队凝聚力足管理风格干练有魄力，个人气场足，日常统筹分工条理清晰，善于把控团队整体工作导向。沟通表达感染力强，对内对外都能清晰传递工作思路，在资源整合、人际交际、场面把控上能力突出，具备优秀管理者的综合素养。","1.下沉一线实操赋能有待加强建议后续可适当多深入基层具体业务环节，多参与一线实际工作落地，进一步夯实专业业务功底。在统筹管理之余，多结合实操细节指导下属，既能进一步提升自身专业沉淀，也能更精准给到团队业务实操帮扶，带动整体业务能力提升。
2.日常沟通方式可更亲和包容建议在日常工作对接、下属工作指导中，多采用更温和包容的沟通方式，放缓沟通语气、多倾听基层员工的想法与诉求。既能进一步拉近团队距离、提升员工归属感与工作积极性，也能让团队氛围更融洽，提升整体协作效率。","建议后续在团队管理中，多侧重务实落地、结果导向，把优秀的对外交际和格局优势，更多转化为团队实际工作成果，以实绩引领团队发展。
希望后续能多给予下属自主发挥、成长历练的空间，多包容试错，以更亲和的管理风格凝聚团队向心力，进一步提升整体团队战斗力和稳定性。",3.1,45,23,,财务,财务核算,A
10027592,财务中心,财务管理&共享,财务共享部,,,,执行层,下级,10012125,5,5,5,5,5,4,5,5,5,5,5,5,5,5,5,5,5,5,5,5,5,5,5,5,5,5,5,5,领导工作能力突出，处事沉稳干练，目标把控精准。以身作则、责任心强，待人公正谦和，无论是业务统筹还是团队管理都极具章法，是大家学习的榜样。,综合能力扎实，视野开阔，在战略布局、跨部门统筹上仍有较大提升空间，未来发展潜力十足,无,3.1,45,23,,财务,财务核算,A
10027592,财务中心,财务管理&共享,财务共享部,,,,执行层,下级,10000045,4,4,5,4,3,4,4,4,3,3,4,4,4,5,3,4,4,4,4,4,5,3,3,5,4,5,5,5,跨部门/组工作衔接，能有效把控节点及组员的专业特长,数智管理见解高，能高效完成并提出风控点,是位值得尊敬的领导，行为低调，做事效率高，提出问题能第一时间给予解答。,3.1,45,23,,财务,财务核算,A
10027592,财务中心,财务管理&共享,财务共享部,,,,执行层,下级,10014208,4,4,4,4,4,4,4,4,4,4,4,4,4,4,4,4,4,4,4,4,4,4,4,4,4,4,4,4,1、不吝啬对下属的即时表扬与鼓励；2、营造好的学习氛围，比如开展了英语角活动，激发团队学习积极性，自我提升。,无。,无。,3.1,45,23,,财务,财务核算,A
10027592,财务中心,财务管理&共享,财务共享部,,,,执行层,下级,10000451,4,3,3,2,3,3,3,5,2,4,3,2,3,4,3,2,3,3,2,3,4,3,2,2,3,3,2,4,"沟通能力很强
善于规避管理风险",提升领导力,无,3.1,45,23,,财务,财务核算,A
10027592,财务中心,财务管理&共享,财务共享部,,,,执行层,上级,10007421,4,5,5,5,5,4,4,4,5,5,5,4,5,5,4,5,4,5,4,5,5,4,4,4,4,5,5,5,结果导向、不惧挑战、快速行动,增强协同、耐心辅导、增强领导力,暂无,3.1,45,23,,财务,财务核算,A
10027592,财务中心,财务管理&共享,财务共享部,,,,执行层,协同方,10017146,5,5,5,4,3,3,4,4,3,5,4,5,,,,,,,,4,3,4,3,4,5,5,5,5,愿意推动有挑战性工作。,多倾听他人诉求。,提升创新思维。,3.1,45,23,,财务,财务核算,A
10027592,财务中心,财务管理&共享,财务共享部,,,,执行层,协同方,10009367,4,4,4,4,4,3,4,4,4,4,3,4,,,,,,,,4,3,3,3,4,3,4,4,4,"跨部门协作上积极沟通协调，推动项目进行，合作较愉快有效率
",多一些对下属员工的关怀，管理有温度,暂无,3.1,45,23,,财务,财务核算,A
10027592,财务中心,财务管理&共享,财务共享部,,,,执行层,协同方,10021158,4,5,4,5,4,5,4,5,4,5,4,5,,,,,,,,4,5,4,5,4,5,4,5,4,培训能力佳,已经在向好的方面改变了，但协作成本较高。,增加柔性管理，多关爱下属,3.1,45,23,,财务,财务核算,A
10027592,财务中心,财务管理&共享,财务共享部,,,,执行层,协同方,10015007,5,5,5,4,5,5,5,4,5,4,5,5,,,,,,,,5,5,5,4,4,5,5,5,5,坚守财务合规底线，同时善于换位思考，遇到跨部门争议事项能理性沟通、有理有据平衡各方诉求；财务专业功底扎实，对费用、税务、预算规则解读清晰，能提前做好风险提示，主动为业务及项目提供合规可行的财务解决方案,"1.业务前置参与度有待加强，多停留在事后审核把关，事前介入业务规划、项目前期研判偏少；
建议：主动前置介入新项目、重大合同、预算编制前期研讨，从财务视角提前给出成本、税务、回款风险建议，由事后管控转向事前赋能",提高业财联动赋能业务的深度,3.1,45,23,,财务,财务核算,A
10027592,财务中心,财务管理&共享,财务共享部,,,,执行层,协同方,10001771,4,5,4,4,5,4,5,4,5,5,5,4,,,,,,,,4,4,5,4,5,4,4,5,5,无,无,无,3.1,45,23,,财务,财务核算,A
10027592,财务中心,财务管理&共享,财务共享部,,,,执行层,协同方,10040535,,,,,,,,,,,,,,,,,,,,,,,,,,,,,,,,3.1,45,23,,财务,财务核算,A
10027592,财务中心,财务管理&共享,财务共享部,,,,执行层,协同方,10021383,3,4,3,3,3,2,3,3,2,3,3,2,,,,,,,,2,3,3,3,2,2,4,4,4,具备一定的国际化视野,建立单纯的沟通协作机制，从内部客户角度出发，满足双方需求。,无,3.1,45,23,,财务,财务核算,A
10027592,财务中心,财务管理&共享,财务共享部,,,,执行层,协同方,10012270,3,4,4,4,5,4,4,4,4,4,5,3,,,,,,,,3,4,4,4,3,4,5,4,5,"1. 在日常工作中积极探索优化方案，主动尝试新方法和新工具，持续提升工作效率与质量；
2. 主动协同内外部团队解决问题，注重结果导向，确保最终交付能够满足并提升客户满意度。",在推动海外业务方面起到了积极作用，建议针对部分会计核算基础相对薄弱的区域，进一步加强总部层面的专业支持与资源投入，以提升整体财务管理水平和核算质量。,五,3.1,45,23,,财务,财务核算,A
10027592,财务中心,财务管理&共享,财务共享部,,,,执行层,协同方,10007851,4,4,4,3,3,4,4,3,3,3,3,3,,,,,,,,4,4,5,5,3,5,5,5,5,资源协调能力强。,共享业务进度及覆盖度待提升,暂无,3.1,45,23,,财务,财务核算,A
10027592,财务中心,财务管理&共享,财务共享部,,,,执行层,协同方,10044121,3,3,3,3,3,3,4,3,2,3,3,3,,,,,,,,3,2,3,3,3,3,3,3,3,暂无,暂无,暂无,3.1,45,23,,财务,财务核算,A
10027592,财务中心,财务管理&共享,财务共享部,,,,执行层,协同方,10029123,4,4,4,5,4,4,4,4,4,4,4,4,,,,,,,,4,5,4,4,4,4,5,4,4,"不畏困难，在难点问题迎难而上
对待下级同事也能积极听从意见","
团队建设加强，团队中人才梯队可逐步搭建",无,3.1,45,23,,财务,财务核算,A
10027592,财务中心,财务管理&共享,财务共享部,,,,执行层,协同方,10028428,3,3,3,4,5,4,5,5,4,4,4,4,,,,,,,,3,5,5,5,4,4,5,4,5,自信  善表达,成果导向  主动赋能  倾听  严谨,无,3.1,45,23,,财务,财务核算,A
10027592,财务中心,财务管理&共享,财务共享部,,,,执行层,自己,10027592,3,4,4,3,3,3,4,3,3,3,3,3,4,4,3,4,3,3,3,4,3,4,3,3,3,3,4,4,财经数字化转型推进、变革管理、人才梯队建设,大团队建设与领导力，包容与融合,.,3.1,45,23,,财务,财务核算,A
10000898,光储集团,光储技术平台,产品技术中心,网络安全技术部,,,执行层,协同方,10023351,4,3,4,3,3,4,4,4,3,3,3,3,,,,,,,,3,3,4,4,3,3,4,3,4,积极主动推动事情,跨团队协作信息透明上可以做的更好,暂无,16.6,42,3,12/16/2025,产品与研发,软件,A
10000898,光储集团,光储技术平台,产品技术中心,网络安全技术部,,,执行层,协同方,10006920,3,3,4,4,3,4,3,3,3,4,4,4,,,,,,,,3,3,4,3,5,4,4,4,5,1.对工作认真负载，对技术比较专注。,1.行业领域技术专家。,无,16.6,42,3,12/16/2025,产品与研发,软件,A
10000898,光储集团,光储技术平台,产品技术中心,网络安全技术部,,,执行层,协同方,10000924,,,,,,,,,,,,,,,,,,,,,,,,,,,,,,,,16.6,42,3,12/16/2025,产品与研发,软件,A
10042601,光储集团,营销体系,北美大区,人力资源部,,,执行层,上级,10010753,4,4,5,4,4,5,5,5,4,5,4,5,4,4,4,5,5,5,5,5,4,5,4,5,5,5,4,5,工作思路清晰，认真负责，积极性高，有效成为总部和海外大区之间、公司与员工之间的桥梁，能较好地传递阳光价值观。,业务发展进入不同阶段，可进一步加强响应业务需求的本地HR战略的思考，不仅有效解决当下业务痛点，还要升级人力资源体系和机制的建设，让HR的专业度有效促进业务成功。,无,1.1,45,5,,人力资源,——,A
10046881,储能技术研究所,,,,,,执行层,下级,10012350,4,4,5,4,4,5,4,5,4,5,4,5,4,5,4,5,4,5,5,4,5,4,5,4,5,4,5,4,以身作则，身先士卒；奋斗精神。,无,无,0.3,43,6,,赋能管理,赋能管理,
10036280,制造体系,总部交付中心,运营管理部,运营管理组,,,执行层,自己,10036280,4,5,5,4,4,5,4,4,4,5,4,4,4,4,5,5,4,4,4,4,4,4,5,5,5,5,5,5,"1、善于沟通，耐心倾听，能够快速共情，并能结合实际给予对话方反馈；
2、人员培养，能够结合岗位和人员的特点进行适配，并充分激发团队成员的创新热情，挖掘业务工作价值，让团队同事工作高效完成的同时，成就个人成长。","1、对于文化运营工作接触时间较短，领域的专业知识需持续学习；
2、在工作推进中需要更加坚定目标和任务，不受他人影响",无,1.8,35,0,,行政管理,综合行政,B+
10036280,制造体系,总部交付中心,运营管理部,运营管理组,,,执行层,协同方,10020662,5,5,5,4,5,5,5,5,5,4,4,4,,,,,,,,5,5,4,5,5,4,5,5,4,工厂年会现场主动各会场巡查确保晚会顺利开展。,对业务的深入了解还需持续,暂无,1.8,35,0,,行政管理,综合行政,B+
10036280,制造体系,总部交付中心,运营管理部,运营管理组,,,执行层,协同方,10013789,4,4,4,4,3,4,4,3,3,4,4,3,,,,,,,,4,4,4,5,5,4,5,2,5,沟通协同较好,聚焦运营工作，基于一线，多发现一线问题，同时树立一线标杆；,无,1.8,35,0,,行政管理,综合行政,B+
10036280,制造体系,总部交付中心,运营管理部,运营管理组,,,执行层,协同方,10000974,5,5,5,5,4,5,5,5,4,5,5,5,,,,,,,,5,5,5,4,5,5,5,5,5,积极主动，善于发现问题。,无,细节跟进，落实到位。,1.8,35,0,,行政管理,综合行政,B+
10036280,制造体系,总部交付中心,运营管理部,运营管理组,,,执行层,协同方,10000859,4,4,4,4,4,5,5,4,4,4,4,4,,,,,,,,5,4,4,4,4,4,4,5,5,主动跨部门沟通,考虑问题可以更全面一点,无,1.8,35,0,,行政管理,综合行政,B+
10036280,制造体系,总部交付中心,运营管理部,运营管理组,,,执行层,协同方,10000367,4,5,4,4,3,4,4,4,5,5,5,4,,,,,,,,4,5,5,5,5,4,5,5,5,"1、具备丰富的精益管理经验
2、思路清晰，注重工作条例","1、拉通各业务单元，以文化牵引存进组织发展
2、组织内数据治理，减少人工统计",无,1.8,35,0,,行政管理,综合行政,B+
10036280,制造体系,总部交付中心,运营管理部,运营管理组,,,执行层,下级,10037808,4,4,4,4,4,3,3,3,3,4,3,4,4,3,3,3,4,3,4,4,3,4,4,3,4,4,4,4,"1、对工作有很高的要求；
2、擅长与人沟通并建立较好关系；","1、严于律己，尤其是面对下属；
2、多鼓励员工自由表达意见，哪怕自己可能认为是片面甚至错误的，也要对下属积极思考并提出看法给予肯定。",无,1.8,35,0,,行政管理,综合行政,B+
10000455,制造体系,总部交付中心,国内分工厂,涡阳工厂,品管部,,执行层,上级,10002732,3,4,4,3,3,4,3,5,4,5,4,4,3,3,4,5,4,4,5,4,4,4,4,5,5,4,4,5,"1.对于规划好的事项能够按期推进工作完成，不拖延。
2.具备较好的沟通能力，团队成员稳定，组织氛围良好。","1.提升风险识别敏锐度，严格按照文件要求实施风险管控。
2.提升团队质量改进意识，积极协调各方资源推进TOP问题解决。
3.强化人才梯队建设，培养专业技术人才和管理人才。",无,18,35,8,2/2/2026,质量,质量检验(QC),B+
10000455,制造体系,总部交付中心,国内分工厂,涡阳工厂,品管部,,执行层,下级,10022081,4,5,4,5,4,3,2,4,5,5,5,2,4,3,5,5,4,3,5,4,4,5,5,4,5,5,5,5,和善，没有官僚主义，对待员工亲和，好说话，做事有底线,暂无,暂无,18,35,8,2/2/2026,质量,质量检验(QC),B+
10000455,制造体系,总部交付中心,国内分工厂,涡阳工厂,品管部,,执行层,下级,10029205,5,5,5,5,5,5,5,5,5,5,5,5,5,5,5,5,5,5,5,5,5,5,4,5,5,5,5,5,1，积极学习吸收新事物，2，帮助下属解决日常工作、生活中一些问题。,暂无,暂无,18,35,8,2/2/2026,质量,质量检验(QC),B+
10000455,制造体系,总部交付中心,国内分工厂,涡阳工厂,品管部,,执行层,下级,10029565,5,5,5,5,5,5,4,5,5,5,5,5,5,5,5,4,5,5,5,5,5,5,5,5,4,5,5,5,"1.对待员工亲切
2.知识面范围广
3.专业领域强",无,无,18,35,8,2/2/2026,质量,质量检验(QC),B+
10000455,制造体系,总部交付中心,国内分工厂,涡阳工厂,品管部,,执行层,下级,10030592,5,5,5,5,4,5,4,3,5,5,5,5,3,3,5,5,5,5,5,4,5,5,5,5,4,4,4,5,工作中贯彻公司规章制度，理论知识丰厚，对待下属有耐心,暂无,无,18,35,8,2/2/2026,质量,质量检验(QC),B+
10000455,制造体系,总部交付中心,国内分工厂,涡阳工厂,品管部,,执行层,下级,10030971,5,5,5,5,5,5,4,5,4,5,5,5,4,4,5,5,4,5,5,4,5,4,5,5,4,5,5,5,"1、质量为先
2、遵守公司规章制度
3、善于用人",无,无,18,35,8,2/2/2026,质量,质量检验(QC),B+
10000455,制造体系,总部交付中心,国内分工厂,涡阳工厂,品管部,,执行层,下级,10037535,4,5,5,4,4,4,3,4,5,3,3,1,3,3,5,4,5,4,5,5,4,5,3,5,4,5,5,5,"对待员工公平公正，不偏袒
对于员工不足之处给予点评并规划学习计划帮助员工提升自身能力",暂无,无,18,35,8,2/2/2026,质量,质量检验(QC),B+
10000455,制造体系,总部交付中心,国内分工厂,涡阳工厂,品管部,,执行层,下级,10037536,5,5,4,5,5,4,4,5,4,5,5,4,4,5,5,4,4,4,4,5,4,5,5,5,4,4,5,5,"1、沟通充分，会对责任人进行多方面沟通进行综合处理
2、会主动询问下属相关情况再做出决策","1、在人才授权方面投入更多关注
2、保持更加独立和慎重的判断",无,18,35,8,2/2/2026,质量,质量检验(QC),B+
10000455,制造体系,总部交付中心,国内分工厂,涡阳工厂,品管部,,执行层,下级,10037615,5,5,5,5,5,4,4,4,5,5,5,5,4,4,5,5,5,5,4,4,5,5,5,4,5,5,5,5,关心下属的工作状态，任务下发明确,开展更多培训,建议多开展团建活动,18,35,8,2/2/2026,质量,质量检验(QC),B+
10000455,制造体系,总部交付中心,国内分工厂,涡阳工厂,品管部,,执行层,协同方,10001590,4,4,4,5,4,4,4,5,4,5,5,5,,,,,,,,4,5,4,4,5,4,5,5,5,"1、国内分工厂需要管理人员负责的时候主动申请，一直在开拓新工厂的工作中；
2、和内外部门同事工作的时候都是非常认真对待；","1、工厂级别的管理需要提升，提升影响力；
2、外语能力建议提升",无,18,35,8,2/2/2026,质量,质量检验(QC),B+
10000455,制造体系,总部交付中心,国内分工厂,涡阳工厂,品管部,,执行层,协同方,10007217,5,4,5,5,5,5,4,5,5,5,4,4,,,,,,,,5,4,5,4,5,5,5,5,5,一直站在其他团队或是客户角度考虑，为整个供应链条的推动做出了贡献,无,无,18,35,8,2/2/2026,质量,质量检验(QC),B+
10000455,制造体系,总部交付中心,国内分工厂,涡阳工厂,品管部,,执行层,协同方,10009214,5,5,5,5,5,5,5,5,5,5,5,5,,,,,,,,5,5,5,5,5,5,5,5,5,对待本职工作认真细致，严格遵守规章制度，针对质量问题比较严谨责任心值得全员学习。,具备良好的职业素养与岗位基础能力，学习意愿与执行力良好，具备稳定培养和晋升发展的潜力。后续持续强化问题根源分析、前置预防、数据复盘、闭环推进、主动改善五项能力，可有效提升个人专业高度，更好地支撑部门品质稳定与持续改善。,无,18,35,8,2/2/2026,质量,质量检验(QC),B+
10000455,制造体系,总部交付中心,国内分工厂,涡阳工厂,品管部,,执行层,协同方,10011982,5,5,5,4,5,5,4,5,5,5,4,5,,,,,,,,4,5,4,5,5,5,5,5,5,业务场景经验丰富，,对产品功能特性需要进一步了解,无,18,35,8,2/2/2026,质量,质量检验(QC),B+
10000455,制造体系,总部交付中心,国内分工厂,涡阳工厂,品管部,,执行层,协同方,10016080,4,5,4,5,4,4,4,4,4,5,5,4,,,,,,,,4,5,5,5,4,4,5,4,5,"1、责任心强，主动担当；
2、严谨细致，注重质量","1、创新优化余主动突破意识不足；发展建议：在完成基本本职工作后，多复盘现有工作流程，主动思考提质增效的优化方案
2、主动沟通余问题反馈意识需提升；工作遇到难点、卡点时，主动及时对接上级及协作同事；",无,18,35,8,2/2/2026,质量,质量检验(QC),B+
10000455,制造体系,总部交付中心,国内分工厂,涡阳工厂,品管部,,执行层,协同方,10021384,4,4,5,5,5,4,4,4,5,4,5,4,,,,,,,,5,5,4,5,5,5,4,5,5,"1. 在项目中，面对突发的技术难题，范子旋主动沟通联系协同资源，在一周内提出解决方案，使项目按时交付，这种迎难而上的钻研精神值得学习。
2. 日常工作中，他坚持整理工作纪要并分享给团队，帮助新同事快速熟悉业务流程，这种乐于分享的习惯提升了团队整体效率。","可发展空间： 跨部门沟通的主动性以及工作汇报的条理性。
发展建议： 建议在项目推进过程中，更主动地与上下游部门对齐进度，减少信息差；同时，建议在汇报工作时采用“结论先行”的结构，提升沟通效率。","目前暂时没有其他特别建议，希望继续保持当前的工作热情和积极态度，期待未来有更多的合作机会。
",18,35,8,2/2/2026,质量,质量检验(QC),B+
10000455,制造体系,总部交付中心,国内分工厂,涡阳工厂,品管部,,执行层,协同方,10036860,5,4,5,5,5,5,5,4,5,5,5,5,,,,,,,,5,4,4,4,5,4,4,4,5,对工作负责，跨部门沟通,无,无,18,35,8,2/2/2026,质量,质量检验(QC),B+
10000455,制造体系,总部交付中心,国内分工厂,涡阳工厂,品管部,,执行层,协同方,10042268,3,4,4,2,3,3,2,2,3,5,5,5,,,,,,,,3,4,4,5,5,5,5,4,4,工作经验丰富，熟悉公司产品、对公司忠诚度高。,境外交流、学习新事物方面有待提高。,以后工作更好的配合，多多交流。,18,35,8,2/2/2026,质量,质量检验(QC),B+
10000455,制造体系,总部交付中心,国内分工厂,涡阳工厂,品管部,,执行层,自己,10000455,5,4,5,5,5,5,4,5,5,4,5,5,4,4,5,5,5,5,5,4,5,5,4,5,5,5,5,5,"1.自身能够以身作则，拒绝外部诱惑，有较强合规意识
2.能够换位思考，主动去克服困难、解决问题",业务能力还需继续提升，提升自身的沟通技巧。,无,18,35,8,2/2/2026,质量,质量检验(QC),B+
10000473,阳光氢能,项目管理部,,,,,执行层,上级,10011587,5,5,5,4,5,4,5,5,5,5,5,5,4,4,5,5,5,4,5,4,5,5,5,5,5,5,5,5,1.积极担当；2.团队培养,1.产品知识；2.内部沟通,无,18.3,45,5,,产品与研发,产品,B+
10000473,阳光氢能,项目管理部,,,,,执行层,下级,10012297,5,5,5,5,5,5,5,5,5,5,5,5,5,5,5,5,5,5,5,5,5,5,5,5,5,5,5,5,"1、能扛事不甩锅，敢于担当：部门刚成立那会儿，ACME项目一堆烂摊子，跨部门推来推去。胡总从来不慌，该拍板拍板，该兜底兜底。尤其在资源紧张的情况下，自己下场干两个项目，他让我知道：当领导不是光发号施令，关键时候得自己先顶上去。

2、善于赋能下属，激发潜能：胡总充分信任团队，敢于交任务、压担子。他很少直接给“标准答案”，而是引导我们思考。给我们试错的空间，比如起草项目管理制度，他让我们先出方案，他在后面兜着。这种“你不是替我干活，是你自己干”的感觉，让人觉得被信任，成长也确实快。

3、处理冲突格局高，顾全大局：项目上遇到扯皮，他从不纠结“谁对谁错”，而是首先问“对项目好不好、对公司风险大不大”。跟他做事久了，我也学会看长远、看闭环，不陷在局部细节里。这本事，我觉得非常值得跟学。
","1、建议进一步加强“拒绝的艺术”：胡总是一位结果导向的领导，为了项目成功常常扛下许多额外压力和工作量。建议在资源极度紧张或需求边界模糊时，可以更果断地向相关方“Say No”或将压力向上传递，避免团队陷入长期的救火模式，这其实是对团队更长远的保护。

2、事后多说两句“暖心话”，对团队的情绪“托底”：胡总在处理具体业务瓶颈时能力很强，但在团队成员面临高强度挫折或跨部门激烈冲突后，如果能在解决完事情后，再多花几分钟进行“情绪复盘”和安抚，毕竟团队里的【软妹】还挺多，这样团队的安全感和凝聚力会更上一个台阶呦。",暂时没有。胡总是个实干型领导，项目管理部从0到1，基本是他带着我们几个硬干出来的。希望之后他能继续带着我们，把流程拉得更顺、把梯队建起来，让每个人都能找到自己往上走的路。,18.3,45,5,,产品与研发,产品,B+
10000473,阳光氢能,项目管理部,,,,,执行层,下级,10044685,5,5,5,5,5,5,4,4,4,4,5,5,5,5,5,4,4,5,5,5,5,5,5,5,5,4,4,4,"1、在工作中，具有创新性，能够及时发现项目管理中的漏洞和缺口，主动进行流程和制度的起草，填补工作的空白。
2、积极主动，面对项目存在的问题，能及时发现，主动牵头寻求解决方案。",1、多多开展培训，将自己的见识、能力、经验分享给其他同事，带动大家一起学习和进步,多多开展跨部门的培训，分享自己的经验和见识。,18.3,45,5,,产品与研发,产品,B+
10000473,阳光氢能,项目管理部,,,,,执行层,协同方,10000645,4,4,4,4,4,3,5,5,4,4,4,4,,,,,,,,4,5,4,3,4,4,5,5,4,工作交集不多，无法评价,工作交集不多，无法评价,工作交集不多，无法评价,18.3,45,5,,产品与研发,产品,B+
10000473,阳光氢能,项目管理部,,,,,执行层,协同方,10000731,5,5,5,5,5,5,4,5,4,4,5,5,,,,,,,,5,5,5,4,5,5,5,5,4,工作主动积极，对于责任模糊的任务，能够积极补位。主动承担,在项目管理中需更多参与营销端的过程决策，从源头把控，避免达不成客户期望,无,18.3,45,5,,产品与研发,产品,B+
10000473,阳光氢能,项目管理部,,,,,执行层,协同方,10000939,4,4,4,4,4,4,5,4,4,4,5,4,,,,,,,,4,4,4,4,4,4,5,4,5,"学习能力强
组织协调能力强
","加强客户需求的倾听
加强专业技术方面能力的提升",加强项目复盘，优化项目管理流程和堵点，加强客户端的联系,18.3,45,5,,产品与研发,产品,B+
10000473,阳光氢能,项目管理部,,,,,执行层,协同方,10001431,4,4,3,4,4,4,4,5,4,4,4,4,,,,,,,,4,5,5,4,4,4,5,4,5,"1、工作责任心较强，持续推动项目管理工作，改善项目交付。
2、沟通能力较强，善于言辞和表达。","1、从事多年商务工作，善于沟通可以继续在市场方向发展。
",1、在跨部门沟通协助方面，基于业务发展的需求多承接相关需求。,18.3,45,5,,产品与研发,产品,B+
10000473,阳光氢能,项目管理部,,,,,执行层,协同方,10001476,4,4,5,4,4,4,5,4,5,5,5,5,,,,,,,,4,4,5,5,5,5,4,4,5,跨部门协调,无,无,18.3,45,5,,产品与研发,产品,B+
10000473,阳光氢能,项目管理部,,,,,执行层,协同方,10002257,5,5,5,5,5,4,5,5,5,5,5,4,,,,,,,,5,5,5,5,5,5,5,5,5,敢于迎接挑战，承担责任,提升改善沟通技巧和沟通方式,无,18.3,45,5,,产品与研发,产品,B+
10000473,阳光氢能,项目管理部,,,,,执行层,协同方,10006075,4,3,4,3,3,2,4,3,3,3,3,3,,,,,,,,3,4,4,3,4,3,3,4,3,积极沟通，跨领域沟通能力强。,多创新，多思考，不拘囿于现有的经验，结合氢能行业新情况，创造性的提出一些新的管理突破思路并勇于尝试。,多换位思考，不过于快速下结论。,18.3,45,5,,产品与研发,产品,B+
10000473,阳光氢能,项目管理部,,,,,执行层,协同方,10007223,4,4,5,4,4,4,5,5,5,5,4,3,,,,,,,,4,4,4,4,3,4,4,4,5,积极主动，敢于承担,沟通方式可以改善,无,18.3,45,5,,产品与研发,产品,B+
10000473,阳光氢能,项目管理部,,,,,执行层,协同方,10008507,4,4,4,4,4,4,4,4,4,4,4,4,,,,,,,,4,4,5,4,4,4,4,4,5,"1、对内催货的主动推动与闭环跟进意识；
2、客户与项目端的双向交付意识较强。","1、对内催货的结构化推动能力；
2、进一步提高配合招标标或报价能力。",增强服务意识和界面，对交付要预警和解决能力。对配合招投标方案和报价能优化。,18.3,45,5,,产品与研发,产品,B+
10000473,阳光氢能,项目管理部,,,,,执行层,协同方,10009019,5,5,5,3,5,4,4,3,5,5,5,3,,,,,,,,4,4,5,4,4,4,5,5,5,"细化交付管理流程，推进项目交付顺利进行
",强化内部交付管理，提升影响力,无,18.3,45,5,,产品与研发,产品,B+
10000473,阳光氢能,项目管理部,,,,,执行层,协同方,10012884,3,4,4,4,4,5,5,4,4,4,4,3,,,,,,,,4,4,5,4,5,4,4,3,4,不回避问题，不逃避责任，能够积极主动、协同推进问题解决；有格局观；,不武断发表意见，虚心听取他人的认知。,无,18.3,45,5,,产品与研发,产品,B+
10000473,阳光氢能,项目管理部,,,,,执行层,协同方,10014681,4,3,3,4,5,4,5,3,4,4,3,4,,,,,,,,5,4,4,4,4,3,4,4,4,1、积极协调各方资源加快战略落地；,结合氢能实际情况开展项目管理相应工作内容。,无,18.3,45,5,,产品与研发,产品,B+
10000473,阳光氢能,项目管理部,,,,,执行层,协同方,10017878,4,5,5,4,4,4,4,5,5,4,5,4,,,,,,,,4,4,5,5,5,5,4,5,5,"项目节点拆解清晰、排期合理，全程进度把控到位，能有效规避延期风险。
善于联动技术、采购、施工等多方，高效解决现场及流程卡点，推动事项闭环落地",项目启动前细化范围、节点、资源、风险四大维度策划，梳理潜在卡点清单；完善前期交底机制，把问题前置规划，减少施工及执行中的临时变更,无,18.3,45,5,,产品与研发,产品,B+
10000473,阳光氢能,项目管理部,,,,,执行层,协同方,10020805,4,4,4,5,4,4,5,4,4,4,4,5,,,,,,,,4,5,5,4,4,4,5,5,4,"高效的跨部门沟通；
交付项目管理紧扣时间节点；
",对交付项目各个环节时间节点的管理,暂无,18.3,45,5,,产品与研发,产品,B+
10000473,阳光氢能,项目管理部,,,,,执行层,协同方,10021478,3,4,3,4,4,3,4,3,4,4,4,4,,,,,,,,3,4,4,4,4,5,5,3,4,在开展交付项目工作中积极组织协调推进目标达成,项目管理过程中节后前后道关系把控项目风险，识别卡点有效解决,无,18.3,45,5,,产品与研发,产品,B+
10000473,阳光氢能,项目管理部,,,,,执行层,协同方,10023163,5,5,5,5,5,3,5,5,5,5,5,5,,,,,,,,5,5,5,3,4,5,5,5,5,"1、主动积极
2、结果导向
3、公司利益为先","1、项目执行力上要发挥绝对主导地位，刚性考核
2、定期在领导层小范围内开项目复盘会，高频暴露问题",不要怕得罪人，一切为了公司，干就完了,18.3,45,5,,产品与研发,产品,B+
10000473,阳光氢能,项目管理部,,,,,执行层,协同方,10035203,4,4,4,3,4,4,4,4,4,3,3,4,,,,,,,,3,3,4,3,4,4,4,5,5,认证负责，有担当，有经验,拥抱AI,无,18.3,45,5,,产品与研发,产品,B+
10000473,阳光氢能,项目管理部,,,,,执行层,协同方,10046346,5,5,4,3,3,3,3,3,4,5,4,4,,,,,,,,4,3,3,3,4,4,3,5,5,主动提出项目运行交付中可能出现的风险，并且带头识别负责人并持续跟进，ACME，ACWA项目中的交付（火山岩母线方案）以及（ACWA大修方案）都积极沟通部门间信息并促成结果达成,团队本地化程度不够，对外交流的能力还需提升，弥补目前销售/技术补位的现状，持续提高团队竞争力,继续保持对海外热舞的热情,18.3,45,5,,产品与研发,产品,B+
10000473,阳光氢能,项目管理部,,,,,执行层,自己,10000473,5,5,4,4,5,4,5,5,5,4,4,5,5,5,5,5,4,3,4,5,5,4,3,5,5,4,5,5,执行力比较强，能根据实际情况在自己职责范围内进行快速决策。遇事不推诿，等候，主动寻找解决方案。,继续加强管理经验和知识的学习。,无,18.3,45,5,,产品与研发,产品,B+
10036280,制造体系,总部交付中心,运营管理部,运营管理组,,,执行层,下级,10035046,3,4,4,4,4,4,2,3,4,3,4,4,4,4,5,4,4,5,5,4,5,3,4,4,4,5,5,5,就事论事,无,无,1.8,35,0,,行政管理,综合行政,B+
10036280,制造体系,总部交付中心,运营管理部,运营管理组,,,执行层,下级,10026310,4,4,4,4,4,3,5,5,4,4,5,3,5,3,3,4,4,3,4,4,5,5,5,4,4,5,5,5,有担当，有引导力,暂无,暂无,1.8,35,0,,行政管理,综合行政,B+
10036280,制造体系,总部交付中心,运营管理部,运营管理组,,,执行层,下级,10022523,4,3,4,3,4,4,3,3,3,3,3,4,4,3,4,4,3,3,4,3,4,3,4,3,4,3,4,3,面对困难任务时不推诿、不抱怨，而是主动分析问题、积极寻求解决方案；遇到批评时不急于辩解，而是虚心接纳、持续改进,追求每件事都到位，可能导致在低价值细节上过度投入；每周围绕“20%关键动作”，设定“合格线”而非“完美线”。,无,1.8,35,0,,行政管理,综合行政,B+
10036280,制造体系,总部交付中心,运营管理部,运营管理组,,,执行层,下级,10021042,3,4,4,4,3,4,4,3,3,4,4,4,4,4,4,5,5,4,4,5,4,4,4,4,4,5,4,4,积极倾听部门成员的创新想法，对员工表现给予及时反馈，表扬优秀与进步，对于不足之处提供合理的改进建议，从而帮助员工持续提升工作表现与能力,暂无,暂无,1.8,35,0,,行政管理,综合行政,B+
10036280,制造体系,总部交付中心,运营管理部,运营管理组,,,执行层,下级,10015547,5,5,5,5,5,5,4,5,4,5,5,5,5,5,5,5,5,5,5,5,5,5,5,5,5,5,5,5,"1、有创新意识，带头落实创新思想；
2、有长远的管理目光；
3、团队相处融洽，能够积极发现下属的优缺点。",1、普通信息传递的及时性，避免常规任务变成紧急任务；,暂无,1.8,35,0,,行政管理,综合行政,B+
10036280,制造体系,总部交付中心,运营管理部,运营管理组,,,执行层,下级,10015429,5,5,4,4,5,5,5,5,5,4,5,5,5,5,4,5,5,5,5,4,4,5,5,5,5,5,5,5,"1、遇到问题不推诿，牵头解决并落实复盘，做到“事事有回应”
2、沟通时结论先行、逻辑清晰，显著提升跨团队协作效率。","1、跨部门推动力：在需要其他部门配合时，先明确“对方能获得的收益”，再提需求，提升协作意愿
2、去除多余步骤：建议梳理流程，明确输出内容，对历史遗留的无效环节做减法",按员工能力阶段分配工作安排，避免能者多劳、弱者闲置,1.8,35,0,,行政管理,综合行政,B+
10036280,制造体系,总部交付中心,运营管理部,运营管理组,,,执行层,上级,10003879,3,4,4,3,4,5,4,3,4,5,4,4,3,4,4,4,3,3,4,5,4,5,4,5,4,4,5,5,能倾听他人意见，责任心强；,要多一些系统思维；,/,1.8,35,0,,行政管理,综合行政,B+
10033789,阳光宸智,计划部,,,,,执行层,自己,10033789,5,5,5,4,4,4,5,4,4,5,5,5,4,4,4,4,4,5,5,5,5,5,4,5,5,5,5,5,"1.“前置管理”的思路，搭建/优化了产销协同机制，从“被动接单”转向“主动策划”。
2.逻辑清晰，主张“计划永远赶不上变化，但计划可以控制变化的影响面”。
3.较好的责任心和态度。","1.“柔性沟通”能力。在指出问题前，需先倾听对方的痛点。
2.有时过于“唯数据论”，需了解对方的实际困难和情绪。",无,2.1,38,10,,生产,计划物控,A
10033789,阳光宸智,计划部,,,,,执行层,协同方,10000949,4,4,4,4,5,4,3,3,4,4,5,4,,,,,,,,4,5,4,4,4,3,4,4,5,对外部门协调效率高。面对难题具有钻研精神。,内部计划衔接加强,无,2.1,38,10,,生产,计划物控,A
10033789,阳光宸智,计划部,,,,,执行层,协同方,10033392,4,5,5,5,4,4,5,5,5,5,5,4,,,,,,,,5,5,4,4,5,5,5,5,5,"1、交付遇到问题会积极拉通制造、工艺、自动化等部门商量对策；
2、责任心较强，工作积极。","1、加强非暴力沟通能力；
2、排产时建议评估内部生产能力，考虑过程中可能遇到的人工、设备、工艺和质量风险。",暂无。,2.1,38,10,,生产,计划物控,A
10033789,阳光宸智,计划部,,,,,执行层,协同方,10029295,4,4,4,4,5,4,4,4,4,4,5,4,,,,,,,,5,4,4,4,4,4,5,4,4,"1、认定定的事，坚持到底；
2、跨部门沟通效果好；",1、沟通技巧要适当灵活；,无,2.1,38,10,,生产,计划物控,A
10033789,阳光宸智,计划部,,,,,执行层,协同方,10024317,4,4,4,4,4,3,3,4,4,4,3,4,,,,,,,,4,4,3,4,4,4,3,4,4,对待部门人员一视同仁，保持公平公正。,提前做好工作预判和统筹规划。,改善沟通方式，提升跨部门协同效率。,2.1,38,10,,生产,计划物控,A
10033789,阳光宸智,计划部,,,,,执行层,协同方,10018489,5,5,5,4,5,4,5,5,5,5,5,4,,,,,,,,5,5,5,5,4,5,5,5,5,对待职责内工作认真负责，发现其他部门的方案潜在风险或不合理问题时能及时提醒，避免出现问题,无,无,2.1,38,10,,生产,计划物控,A
10033789,阳光宸智,计划部,,,,,执行层,协同方,10015394,,,,,,,,,,,,,,,,,,,,,,,,,,,,,,,,2.1,38,10,,生产,计划物控,A
10033789,阳光宸智,计划部,,,,,执行层,协同方,10003906,4,5,5,4,4,5,4,4,4,5,4,5,,,,,,,,5,5,5,5,5,5,4,5,5,计划过程跟踪和交付协同能力,订单需求梳理和计划排查优化提升。,给予生产订单周期和物料共计保障,2.1,38,10,,生产,计划物控,A
10033789,阳光宸智,计划部,,,,,执行层,协同方,10003526,3,4,4,3,3,4,3,3,3,3,4,4,,,,,,,,3,4,4,4,4,3,4,4,4,无,无,无,2.1,38,10,,生产,计划物控,A
10033789,阳光宸智,计划部,,,,,执行层,下级,10047122,5,5,5,5,4,5,5,5,5,4,5,5,4,4,5,5,5,5,5,5,4,5,5,5,5,5,5,5,"1.倾听关心下属意见，提供意见与指导；
2.公平公正地维护下属，如下属遇问题积极协调；
","1.推动部门数字化建设，整理生产基础数据
2.定期组织部门内部会议，加强部门内部沟通",无其他建议，很棒的领导,2.1,38,10,,生产,计划物控,A
10033789,阳光宸智,计划部,,,,,执行层,下级,10042714,5,5,5,5,5,5,4,4,5,5,5,5,5,5,5,5,5,5,5,5,5,5,5,5,4,5,4,4,认真负责,无,无,2.1,38,10,,生产,计划物控,A
10033789,阳光宸智,计划部,,,,,执行层,下级,10036759,5,4,4,4,4,4,3,4,5,5,5,5,4,4,4,4,4,4,4,4,5,4,5,5,4,4,4,4,"1.以结果为导向，来保证各个事业部的项目交付
2.对于工作中的问题能够快速响应并跟踪落地",1.评估产能方面的准确性有待提高。建议：以实际的产能来安排对应的达成目标,暂无,2.1,38,10,,生产,计划物控,A
10033789,阳光宸智,计划部,,,,,执行层,下级,10029360,4,4,4,4,4,5,5,5,5,5,4,4,4,4,4,5,4,4,5,4,4,5,5,4,5,4,5,5,根据部门重点工作目标和资源现状，平衡效益和风险，在工作中做出正确判断和行动，快速推动战略落地,无,无,2.1,38,10,,生产,计划物控,A
10033789,阳光宸智,计划部,,,,,执行层,下级,10018980,5,5,5,5,5,4,4,5,4,5,4,5,4,4,5,4,5,4,5,4,5,4,5,4,5,4,5,5,对工作有热情   领导力出色,"下属现有业务的交叉串联学习安排加强
团建频次提高促进团队活力",暂无,2.1,38,10,,生产,计划物控,A
10033789,阳光宸智,计划部,,,,,执行层,下级,10012282,4,4,4,4,4,3,3,4,4,4,4,5,2,3,5,2,4,2,4,4,4,4,4,4,4,4,3,4,积极分解任务目标，监督并达成，过程问题积极解决。,内部组织需重点关注，新人成长较慢。,暂无,2.1,38,10,,生产,计划物控,A
10033789,阳光宸智,计划部,,,,,执行层,上级,10009457,5,4,5,4,4,5,4,4,5,4,5,5,4,4,5,5,4,4,4,5,5,4,4,4,4,4,5,5,数据意识强、排产逻辑严谨，跨部门协同协调能力较好,前瞻性预判不足，偏被动接单排产，物料齐套前置管控不够深入,团队人才培养与梯队建设偏弱，计划体系与标准化沉淀不足,2.1,38,10,,生产,计划物控,A
10000546,光储集团,营销体系,直销经营中心,国内直销,国内经营策略部,国内行销部,执行层,上级,10009508,3,3,3,4,4,4,3,3,4,5,4,5,4,3,3,5,4,4,5,5,5,5,5,4,4,5,5,5,"1、专业技术功底过硬，能高效解决区域各类疑难技术问题，是团队技术后盾。
2、做事专注专注务实，自驱力强","1、对外主动营销意识较弱，不擅长创新。
2、当众表达、工作汇报和灵活应变能力较弱。建议：主动参与会议发言，定期梳理工作内容，锻炼总结汇报能力。",暂无,18.1,41,5,,营销,技术营销,A
10000546,光储集团,营销体系,直销经营中心,国内直销,国内经营策略部,国内行销部,执行层,下级,10019113,5,4,5,4,3,3,3,3,4,5,4,4,2,2,3,2,2,3,3,3,3,5,3,4,4,5,5,5,分析问题的逻辑非常清晰，推动问题解决能力非常强,团队管理和组织建设能力具有很大的发展空间,暂无,18.1,41,5,,营销,技术营销,A
10000546,光储集团,营销体系,直销经营中心,国内直销,国内经营策略部,国内行销部,执行层,下级,10019749,5,5,5,5,5,5,5,5,5,5,5,5,5,5,5,5,5,5,5,5,5,5,5,5,5,5,5,5,"1、专业技术过硬
2、客户服务意识强",1、提升团队的活跃性与战斗力,无,18.1,41,5,,营销,技术营销,A
10000546,光储集团,营销体系,直销经营中心,国内直销,国内经营策略部,国内行销部,执行层,下级,10021291,4,4,5,5,5,4,4,5,5,5,4,5,5,5,5,4,4,5,5,5,5,4,5,5,4,5,5,4,/,/,/,18.1,41,5,,营销,技术营销,A
10000546,光储集团,营销体系,直销经营中心,国内直销,国内经营策略部,国内行销部,执行层,下级,10027675,5,5,5,4,4,5,5,4,4,5,5,4,4,4,5,4,5,4,4,4,5,5,3,5,5,5,5,5,1.个人专业能力过硬，日常积极帮助团队高效处理问题。2.能根据团队个人能力情况给予提升建议。,暂无,自觉维护团结，能够顾全大局，能给予团队多帮助多补位。,18.1,41,5,,营销,技术营销,A
10000546,光储集团,营销体系,直销经营中心,国内直销,国内经营策略部,国内行销部,执行层,下级,10035164,4,4,4,4,4,4,4,4,4,4,4,4,4,4,4,4,4,4,4,4,4,4,4,4,4,4,4,4,解决问题逻辑缜密，讨论问题客观公正,暂无,暂无,18.1,41,5,,营销,技术营销,A
10000546,光储集团,营销体系,直销经营中心,国内直销,国内经营策略部,国内行销部,执行层,协同方,10002849,4,3,3,4,4,4,4,4,5,4,5,4,,,,,,,,4,4,4,4,4,4,4,3,4,做事认真，踏实,整体体系性的支撑大区，设计院的关系突破,具备商务属性,18.1,41,5,,营销,技术营销,A
10000546,光储集团,营销体系,直销经营中心,国内直销,国内经营策略部,国内行销部,执行层,协同方,10012376,5,5,4,5,4,4,5,4,5,5,5,5,,,,,,,,5,5,4,5,5,5,5,5,5,工作认真负责，做事踏实稳重；,可加强工作事前规划与预判能力，同时多主动分享工作思路,暂无,18.1,41,5,,营销,技术营销,A
10000546,光储集团,营销体系,直销经营中心,国内直销,国内经营策略部,国内行销部,执行层,协同方,10017582,4,5,4,4,4,5,3,4,5,5,5,5,,,,,,,,5,4,4,4,5,5,4,4,4,对方技术能力突出，能够精准理解业务诉求，定制化方案落地效果良好。对接人员专业耐心，主动跟进项目进展,推进新项目/新任务时，可提前做好风险预判与预案，增强兜底能力。,无,18.1,41,5,,营销,技术营销,A
10000546,光储集团,营销体系,直销经营中心,国内直销,国内经营策略部,国内行销部,执行层,协同方,10022318,5,5,4,5,4,5,5,5,4,5,5,5,,,,,,,,5,4,5,5,5,5,5,4,5,技术能力扎实，对接工作一丝不苟。,无,无,18.1,41,5,,营销,技术营销,A
10000546,光储集团,营销体系,直销经营中心,国内直销,国内经营策略部,国内行销部,执行层,自己,10000546,5,4,5,4,4,4,3,3,5,4,5,4,3,3,4,4,4,3,4,4,5,5,3,4,5,5,5,5,"在中煤的模块化项目对接过程中，带领团队成员提前考虑模块化产品集成对接中会遇到的问题，逐个细节分析应对措施，并在区域的内审会上为大家普及风险意识，避免出错；
在蒙能的光伏项目上，以客户的需求为指导，克服公司内部流程的复杂性，拉通ETS、商务、研发一起参与到现场故障问题的处理当中来，及时提供临时解决方案并引导客户正确的面对现场故障问题的责任归属。",对复杂事项需要根据目标来制定计划，然后在有限的材料中去分析，多一些宏观的点，减少技术性语言。,需要考虑如何提升团队成员的积极性，当前的工作内容下，团队缺少了一些活性。,18.1,41,5,,营销,技术营销,A
10033392,阳光宸智,自动化部,,,,,执行层,自己,10033392,4,5,5,5,5,5,4,5,5,4,5,4,5,5,5,5,5,4,5,5,5,5,4,5,5,5,5,5,"1、积极学习管理方面的相关知识并应用到日常工作中；
2、面对问题的发生积极响应，高效解决；
3、绝大部分自动化项目评审严谨，降低失败或不满足预期的风险。","1、应对突发状况时要更仔细分析后给出解决对策；
2、加强提升团队凝聚力的能力。",做好运维成本控制，多做提效降本项目，解决生产过程中遇到的问题。,2.2,33,4,,生产,自动化,B+
10033392,阳光宸智,自动化部,,,,,执行层,协同方,10033789,3,3,3,3,4,3,4,3,3,4,4,4,,,,,,,,3,4,4,3,4,4,4,4,4,"1.流程化意识。
2.闭环思维。","1.依据现状，主动推动自动化改善意识。
2.对于产能瓶颈、生产线平衡价值敏感度，对设备稼动率结果及改善的关注度。",无,2.2,33,4,,生产,自动化,B+
10033392,阳光宸智,自动化部,,,,,执行层,协同方,10029295,2,3,3,2,2,3,3,4,2,3,2,3,,,,,,,,2,3,2,3,3,3,3,4,3,1、碰到理解差异，坚持找到根因,1、业务需求的深度了解和提升；,无,2.2,33,4,,生产,自动化,B+
10033392,阳光宸智,自动化部,,,,,执行层,协同方,10024317,3,3,3,4,4,3,3,3,3,4,3,4,,,,,,,,3,3,3,3,4,4,3,4,4,组织部门人员常态化学习和技能培训。,加强对重点项目做好过程跟进。,鼓励员工提出创新想法，优化项目方案。,2.2,33,4,,生产,自动化,B+
10033392,阳光宸智,自动化部,,,,,执行层,协同方,10018489,5,5,4,5,5,5,5,5,4,5,4,5,,,,,,,,5,5,5,4,5,5,5,5,5,在需要跨部门配合时，能够积极主动思考给对方提供便利或妥协方案，不推诿工作,无,无,2.2,33,4,,生产,自动化,B+
10033392,阳光宸智,自动化部,,,,,执行层,协同方,10003906,3,4,4,3,3,5,4,4,3,4,4,4,,,,,,,,4,4,5,5,5,5,5,5,5,对员工授权管理比较充分，提升员工自主工作和任务分解。,对生产设备专业性研究方面可以提升设备利用和改造，提高设备运行稳定和利用率。,多观察和多了解设备实际使用情况。,2.2,33,4,,生产,自动化,B+
10033392,阳光宸智,自动化部,,,,,执行层,协同方,10000949,3,4,3,4,4,4,3,3,4,4,4,4,,,,,,,,4,5,4,4,4,3,4,4,5,对新技术的钻研值得学习。对待工作严谨,项目落地效果评估需要加强。,无,2.2,33,4,,生产,自动化,B+
10033392,阳光宸智,自动化部,,,,,执行层,下级,10043613,5,5,5,5,5,5,4,5,5,5,5,5,5,5,5,5,4,5,5,5,5,4,5,5,5,5,5,5,"1、积极组织团建，加强部门凝聚力；
2、主动承担并处理下属造成的失误，树立榜样；
","可发展空间：在跨部门项目中，主动同步进度、协调需求的意识可以进一步加强，偶尔会出现信息传递不及时导致的协作滞后。
发展建议： 建立固定的跨部门同步机制，比如每周用15分钟同步项目进展、风险点和需求。
可发展空间：日常工作多以完成任务为主，主动梳理、优化现有工作流程的意识不足，部分重复性工作可以进一步提效。
发展建议：每季度对负责的工作做一次流程复盘，梳理出耗时久、重复度高的环节，尝试用工具（如自动化脚本、模板）简化。
    ",更多外部学习资源获取与分享,2.2,33,4,,生产,自动化,B+
10033392,阳光宸智,自动化部,,,,,执行层,下级,10034670,5,5,5,5,5,5,1,4,5,5,5,5,3,3,5,5,4,4,4,5,4,5,4,4,4,5,5,5,"1.关心员工工作状态，主动帮助员工心理疏导
2.做事顾全大局，合理规划任务",1.成就客户的同时，也要多注意自身,暂无,2.2,33,4,,生产,自动化,B+
10033392,阳光宸智,自动化部,,,,,执行层,下级,10028854,5,5,5,4,5,4,4,5,4,5,5,4,4,5,5,4,5,5,5,4,5,5,4,5,5,4,5,5,自觉维护团结，能够顾全大局，深刻理解公司文化内涵，以身作则，积极践行并主动传播文化价值观，保持其日常行为与价值观导向高度一致,自觉维护团结，能够顾全大局，深刻理解公司文化内涵，以身作则，积极践行并主动传播文化价值观，保持其日常行为与价值观导向高度一致,自觉维护团结，能够顾全大局，深刻理解公司文化内涵，以身作则，积极践行并主动传播文化价值观，保持其日常行为与价值观导向高度一致,2.2,33,4,,生产,自动化,B+
10033392,阳光宸智,自动化部,,,,,执行层,下级,10025262,4,5,4,4,4,5,4,4,4,5,5,4,4,4,5,4,4,4,4,4,5,4,4,5,4,5,4,4,团队绩效相对平衡，基本按照业绩达成情况进行分配。,自动化设备导入开发方面需要建立更加完善的流程机制，对于不合理的诉求需要谨慎评估，对于供应商的筛选需要加强。,建议在跨部门协同的时候，加强本部门的话语权，从技术角度出发，拒绝隐患较大的、华而不实的自动化项目。,2.2,33,4,,生产,自动化,B+
10033392,阳光宸智,自动化部,,,,,执行层,上级,10009457,3,4,4,4,4,4,4,4,3,4,4,5,4,3,5,4,4,4,4,4,4,4,4,4,4,4,5,5,能主动对接生产、工艺等部门，推动需求对齐、资源协调，自动化专业功底扎实，主动推进降本提效,风险预判和备用预案准备不充分，团队人才培养与梯队建设偏弱,汇报工作偏流水账，缺少完成情况、问题卡点、不够精简高效。工作计划颗粒度不够细，过程管控需加强,2.2,33,4,,生产,自动化,B+
10023501,制造体系,制造技术中心,运营管理部,,,,执行层,协同方,10015009,4,5,4,5,4,5,4,4,5,5,4,4,,,,,,,,4,5,5,5,5,4,5,4,5,"1、在中心年度战略规划中，协助各部门将制造体系目标转化为可执行的行动计划表，提升组织整体执行力。
2、建立中心运营数据盘（覆盖人力、项目、任务等），通过数据复盘，推动组织管理策略调整。","1、战略规划方面，建议：增加战略规划管理深度，联动各部门分解各事业部变化带来的组织中长期能力布局。
2、运营方面，建议：依据中心发展方向，指导各部门日常运营策略的落地。",无,3.7,35,8,,行政管理,综合行政,B+
10020397,光储集团,营销体系,海外战略大客户中心&中东非大区,海外战略大客户中心,大客户一部,,执行层,协同方,10029774,4,4,3,4,4,3,4,4,3,4,4,3,,,,,,,,3,3,4,3,3,3,4,4,4,"1. 责任心强，用于担当
2. 工作主观能动性强",无,无,4.3,35,5,,营销,商务销售,B+
10018878,制造体系,总部交付中心,运维,储能运维部,,,执行层,自己,10018878,3,4,4,3,4,3,3,3,4,4,4,3,4,4,4,4,3,4,3,4,4,4,3,4,4,5,5,5,"1、工作负责，不推诿责任
2、主动学习AI工具提升工作效率
3、积极对待员工学习需求，帮助创造条件","1、向上管理较弱，不善于沟通
2、团队管理上培训赋能需要加强，培训较少",无,4.6,34,7,,生产,自动化-设备,A
10018878,制造体系,总部交付中心,运维,储能运维部,,,执行层,协同方,10001672,4,4,5,4,4,5,4,3,5,4,4,4,,,,,,,,5,5,4,4,4,4,4,5,5,1.工作任劳任怨，积极主动。2.解决问题经常到深夜，问题不解决绝不回家。,1.人员管理可以多和写作部门交流下,/,4.6,34,7,,生产,自动化-设备,A
10018878,制造体系,总部交付中心,运维,储能运维部,,,执行层,协同方,10027745,4,5,5,4,5,5,4,3,5,5,5,5,,,,,,,,5,5,4,4,5,5,4,4,4,工作认真负责，刻苦奋斗,积极主动融入大团体,更多关注设备预防性维护工作,4.6,34,7,,生产,自动化-设备,A
10018878,制造体系,总部交付中心,运维,储能运维部,,,执行层,协同方,10017923,4,3,4,4,3,4,3,3,4,4,4,3,,,,,,,,5,4,4,4,4,3,4,5,4,行动力强，处理异常快速,学习从根本上解决问题,暂无,4.6,34,7,,生产,自动化-设备,A
10018878,制造体系,总部交付中心,运维,储能运维部,,,执行层,协同方,10017158,5,5,5,4,5,4,4,5,5,5,5,5,,,,,,,,5,4,5,4,5,5,5,5,5,"1、工作主动性较强，能够主动识别任务和问题，不等不靠，遇到现场或业务需求时响应较快，能够积极推动问题落地解决；
2、结果导向意识较好，能够围绕重点任务做好过程跟进，对工作进展、问题风险和交付结果保持较强关注。
在团队协作中态度积极，能够主动补位、配合跨部门沟通，在推动具体事项落地过程中体现出较好的执行力和协同意识；","1、建议进一步提升系统性思考能力。 在完成具体任务的同时，可更多从部门整体目标、资源配置和长期价值角度思考问题，提升从“事项推进”到“体系建设”的能力；
2、建议进一步加强创新方法沉淀。 对日常工作中的改善经验、问题处理方法和优秀案例，可进一步总结成标准化方法，提升后续复用和推广价值。",建议继续保持主动积极、执行力强、协同配合好的优势，同时在工作中进一步加强系统性总结和方法论沉淀。后续可更多承担跨部门、跨专业的复杂任务，在实践中提升统筹协调能力和综合解决问题的能力。,4.6,34,7,,生产,自动化-设备,A
10018878,制造体系,总部交付中心,运维,储能运维部,,,执行层,协同方,10014863,4,5,4,3,4,4,4,3,4,5,4,4,,,,,,,,4,4,5,4,4,4,4,5,5,1.日常建立团队成长的常态化成长计划,无,无,4.6,34,7,,生产,自动化-设备,A
10018878,制造体系,总部交付中心,运维,储能运维部,,,执行层,协同方,10015276,5,5,5,4,5,5,4,5,5,4,5,4,,,,,,,,4,5,5,5,4,5,5,5,5,重视人才培养和文化建设，推行系统化的人才培养体系，重视榜样的力量；,/,/,4.6,34,7,,生产,自动化-设备,A
10018878,制造体系,总部交付中心,运维,储能运维部,,,执行层,协同方,10001344,4,4,5,4,4,4,4,3,4,4,4,5,,,,,,,,5,5,5,4,4,4,5,5,5,遇事不慌，能够冷静思考事件背后的原因。,无,不要追求让所有的员工认同，敢于淘汰跟不上的员工。,4.6,34,7,,生产,自动化-设备,A
10018878,制造体系,总部交付中心,运维,储能运维部,,,执行层,协同方,10000140,3,4,4,4,4,3,4,5,4,4,4,4,,,,,,,,5,4,4,4,4,4,5,5,4,-,-,-,4.6,34,7,,生产,自动化-设备,A
10018878,制造体系,总部交付中心,运维,储能运维部,,,执行层,下级,10034477,5,5,4,5,5,5,4,5,5,5,5,4,5,5,5,5,5,4,5,5,5,5,5,5,5,5,5,5,积极拥抱数字化变革，主动站位，积极推进数字化应用和试验,可以继续学习，拥抱国际化人才队伍,无,4.6,34,7,,生产,自动化-设备,A
10018878,制造体系,总部交付中心,运维,储能运维部,,,执行层,下级,10033508,4,5,5,4,4,5,3,4,5,5,5,5,4,5,4,5,5,5,5,5,4,4,3,5,4,4,5,5,"1、任何需要外部部门协助解决推动的事项，能够立即协调相应资源
2、对工作中有不了解的地方随时可以咨询，会耐心解答
3、其下达的工作清晰，明确，每个人都知道自己该干什么，什么时候给回复","1、做任何事都注重细节，导致下属汇报时间过长
建议：重要的事情过问细节，不重要的关注最终结果",暂无,4.6,34,7,,生产,自动化-设备,A
10018878,制造体系,总部交付中心,运维,储能运维部,,,执行层,下级,10026537,5,5,5,5,5,4,4,4,4,5,5,5,4,4,5,5,5,4,5,5,5,4,4,4,5,5,5,5,"1、致力于学习先进知识，提升能力，帮助部门有效成长
2、工作严谨，对问题理解透彻","1、有时需要简化沟通
2、为下属争取外派学习机会",无,4.6,34,7,,生产,自动化-设备,A
10018878,制造体系,总部交付中心,运维,储能运维部,,,执行层,下级,10023479,4,4,4,4,4,5,4,3,4,4,4,4,5,4,4,4,5,4,4,4,4,4,4,5,4,4,4,4,"1、做事细心
2、思维流程化和标准化",无,Good,4.6,34,7,,生产,自动化-设备,A
10018878,制造体系,总部交付中心,运维,储能运维部,,,执行层,下级,10021088,5,5,4,4,5,4,5,5,4,5,5,5,4,4,4,5,4,5,4,4,5,5,5,4,5,4,4,5,"1.目标引领能力强，
2.以身作则，敬业负责","1. 建议进一步拓展战略视野，强化业务经营思维，提升对业务成本、效率与长期发展的综合把控能力。
​
2. 可更多参与跨部门重点项目，提升资源整合与跨团队协作能力，打造个人在公司层面的专业影响力",在团队管理和业务发展上持续深耕，能带领团队参加更多跨部门的重点项目，拓宽团队视野,4.6,34,7,,生产,自动化-设备,A
10018878,制造体系,总部交付中心,运维,储能运维部,,,执行层,下级,10019924,5,5,5,5,5,5,4,4,5,5,5,5,4,4,4,5,5,5,5,5,5,5,4,5,5,5,5,5,"自我革新、以身作则
风险意识高，责任心强，业务能力出色",暂无,暂无,4.6,34,7,,生产,自动化-设备,A
10018878,制造体系,总部交付中心,运维,储能运维部,,,执行层,下级,10016749,5,5,5,5,5,5,5,4,5,5,5,5,5,5,5,5,5,5,5,5,5,5,5,5,5,5,5,5,"以身作则
持续学习
带头践行合规文化","在文化建设方面，在活跃气氛上需要改善，，建议：策划时，让文化专员更多的考虑人员需求和创新上
与下级同频上，有差异，下级有时无法理解上级的核心需求，建议：除了工作交流外，增加工作之外的交流",无，很优秀,4.6,34,7,,生产,自动化-设备,A
10018878,制造体系,总部交付中心,运维,储能运维部,,,执行层,上级,10000673,5,5,5,4,5,5,4,5,5,5,5,4,5,5,5,4,5,5,4,5,5,5,5,4,5,5,5,5,注重员工培养及表彰,/,/,4.6,34,7,,生产,自动化-设备,A
10017923,制造体系,总部交付中心,计划,储能计划部,,,执行层,协同方,10018878,4,5,5,4,5,4,4,4,5,5,4,4,,,,,,,,4,4,4,4,4,4,4,4,4,目标意识强，能够拆解问题并拉通相关人员及时处理,增进设备导入周期的了解，客观评估设备相关工作对产能的影响，提升排产的准确性，提升产出稳定性,无,4.8,38,2,2/2/2026,生产,计划物控,B+
10017158,制造体系,制造技术中心,自动化,自动化平台部,,,执行层,协同方,10032571,4,4,5,3,5,4,3,4,5,3,4,4,,,,,,,,5,3,4,4,3,5,4,4,5,具备很强的创新能力，能很好的践行阳光价值观,增加团队间和团队内的沟通交流,无,5,32,8,,生产,自动化,A
10017158,制造体系,制造技术中心,自动化,自动化平台部,,,执行层,协同方,10018878,4,5,5,4,5,4,5,5,5,5,4,4,,,,,,,,4,4,4,4,4,4,4,4,4,善于沟通协调，非常有精力,无,无,5,32,8,,生产,自动化,A
10015009,制造体系,制造技术中心,制造数字化,数字化应用支持部,,,执行层,自己,10015009,4,5,4,4,4,5,3,4,5,5,5,4,4,5,4,4,4,4,4,5,5,5,4,4,5,5,5,5,"1、根据实际问题现状接受大家的不同意见，并寻求最佳解决方案
2、能够跨领域判断根本问题，主动跨部门协作验证问题","1、负责维护的系统功能定制繁多，对于业务需求要深挖价值点；
2、运维系统及区域较广，部门工作范畴/方式方法等可考虑如何统一入口；
建议：
1、针对可标准化业务方案及流程，以长远目光审视，是否能有效节省人力或工时，对于价值突出项，坚定统一方案，拒绝定制。
2、基于现有系统，规划部门运维模块，统一入口，降低部门内部学习成本，提高部门运维数据分析效率，及时调整管理策略。",多结合经营管理思想，关注部门涉及的成本范围，避免不必要的成本浪费。,5.6,34,13,,数智技术,数字化基础设施,B+
10015009,制造体系,制造技术中心,制造数字化,数字化应用支持部,,,执行层,协同方,10036932,3,4,4,3,3,3,4,4,3,4,4,3,,,,,,,,3,3,5,4,4,3,4,5,5,基本突出的数字化方案执行落地能力；,无,无,5.6,34,13,,数智技术,数字化基础设施,B+
10015009,制造体系,制造技术中心,制造数字化,数字化应用支持部,,,执行层,协同方,10034483,2,3,3,3,2,2,4,3,2,4,4,3,,,,,,,,4,4,5,4,3,4,5,5,5,"1、对待现场问题，始终坚持认真负责，以解决问题为主；
2、积极主动学习新技能，新工具。","1、工作结构化，从运维体系到问题解决整体考虑，先抓大放小，后具体问题具体解决；
2、关注工作拉通，从现场支持的业务全面性考虑，拉通前端各相关方，明确工作边界。",关注运维的核心业务价值，减少现场出错率，保障现场高质量稳定运行。,5.6,34,13,,数智技术,数字化基础设施,B+
10015009,制造体系,制造技术中心,制造数字化,数字化应用支持部,,,执行层,协同方,10032571,4,4,5,3,4,5,3,4,5,4,4,4,,,,,,,,4,4,4,5,4,5,4,4,5,能很好的协助各部门完成数字化需求，具备较多的数字化方面经验,希望能将更多的数字化项目与AI融合，提升工作效率,无,5.6,34,13,,数智技术,数字化基础设施,B+
10000638,光储集团,充电事业部,国内销售部,西区&北区,,,执行层,上级,10046425,3,3,4,4,4,4,3,3,4,4,5,4,3,4,4,4,4,4,5,5,5,4,4,4,5,3,4,3,销售能力强，经验丰富。能长期在一线服务好客户，有吃苦耐劳精神。,管理需要提升精细度。,无,17.7,43,11,,营销,商务销售,B
10000638,光储集团,充电事业部,国内销售部,西区&北区,,,执行层,下级,10015304,3,3,3,3,3,2,4,2,3,2,3,2,3,2,3,2,3,2,3,2,3,2,3,3,2,2,4,3,无,无,无,17.7,43,11,,营销,商务销售,B
10000638,光储集团,充电事业部,国内销售部,西区&北区,,,执行层,下级,10015906,3,4,4,4,3,3,3,3,3,4,4,4,2,3,4,3,3,3,2,3,4,3,3,3,4,3,4,2,执行力强,需要多理解,无,17.7,43,11,,营销,商务销售,B
10000638,光储集团,充电事业部,国内销售部,西区&北区,,,执行层,下级,10016095,5,4,5,4,5,5,4,5,5,5,5,5,5,4,4,4,5,4,5,4,5,5,5,4,4,4,5,5,"对客户尊重
业务基础扎实","业务能力出众
管理手段快速落实",暂无,17.7,43,11,,营销,商务销售,B
10000638,光储集团,充电事业部,国内销售部,西区&北区,,,执行层,下级,10016170,3,3,2,3,3,3,3,3,2,4,3,3,2,3,3,4,3,3,3,4,4,4,2,3,3,2,2,4,对待客户有耐心，,提高区域协同,无,17.7,43,11,,营销,商务销售,B
10000638,光储集团,充电事业部,国内销售部,西区&北区,,,执行层,下级,10018427,5,5,5,5,5,4,4,5,5,5,5,5,4,5,5,4,4,5,4,5,5,4,5,5,5,5,4,5,1、努力敬业；2、认真负责。,刘总已很优秀，是我们学习的榜样。如果真要建议，就是刘总保护好身体。,暂时没有,17.7,43,11,,营销,商务销售,B
10000638,光储集团,充电事业部,国内销售部,西区&北区,,,执行层,下级,10018896,5,5,4,4,4,5,4,4,5,5,4,4,3,4,5,3,4,4,5,5,5,4,3,3,4,4,4,5,"有大局观
维护公司品牌",结合市场上采用合理方式对接客户,无,17.7,43,11,,营销,商务销售,B
10000638,光储集团,充电事业部,国内销售部,西区&北区,,,执行层,下级,10020887,4,4,4,3,3,3,3,3,4,4,4,4,3,3,3,2,3,3,3,3,4,4,2,3,3,4,3,3,业务能力强,暂无,暂无,17.7,43,11,,营销,商务销售,B
10000638,光储集团,充电事业部,国内销售部,西区&北区,,,执行层,下级,10022336,5,5,5,5,5,4,5,4,5,5,5,5,5,5,5,5,4,4,5,5,5,5,5,4,5,5,5,5,工作积极执行力高；把成就客户贯穿到业务中；积极协助下属开发客户重点客户。,深耕新能源充电板块，带领团队乘风破浪。,带领团队销售攻克重点大客户。,17.7,43,11,,营销,商务销售,B
10000638,光储集团,充电事业部,国内销售部,西区&北区,,,执行层,下级,10022617,2,2,3,3,3,3,3,5,3,5,5,5,2,2,3,5,5,5,5,5,3,3,3,3,4,4,5,2,没有评价,无建议,无,17.7,43,11,,营销,商务销售,B
10000638,光储集团,充电事业部,国内销售部,西区&北区,,,执行层,下级,10026797,3,3,3,3,4,4,3,3,4,3,3,3,3,3,3,2,3,3,3,4,3,3,3,3,3,2,2,4,商务能力,专业能力,无,17.7,43,11,,营销,商务销售,B
10000638,光储集团,充电事业部,国内销售部,西区&北区,,,执行层,下级,10028112,5,5,5,5,5,5,5,5,5,5,5,5,4,4,5,4,4,4,5,4,5,5,5,4,5,5,4,4,有担当，有责任心，有魄力。,讲话方式，交流方式。,无,17.7,43,11,,营销,商务销售,B
10000638,光储集团,充电事业部,国内销售部,西区&北区,,,执行层,下级,10032554,4,4,4,4,4,4,4,4,4,4,4,4,4,4,4,4,4,4,4,4,4,4,4,4,4,4,4,4,说到做到！,勤恳、努力,无,17.7,43,11,,营销,商务销售,B
10000638,光储集团,充电事业部,国内销售部,西区&北区,,,执行层,下级,10044221,4,3,4,3,4,3,4,3,4,4,4,4,5,4,5,5,5,5,5,5,4,4,4,5,4,5,4,5,认真负责，精力旺盛，客户优先," 项目前期预判与统筹规划能力
可发展空间：目前以被动跟进现有客户项目为主，对潜在项目、客户需求前置预判不足，缺少提前布局规划。",加强行业政策与产品专业知识积累，持续学习充电桩行业新规、设备技术参数及竞品优势，提升专业话术储备，面对客户咨询时能更专业、从容应答。,17.7,43,11,,营销,商务销售,B
10000638,光储集团,充电事业部,国内销售部,西区&北区,,,执行层,协同方,10011707,3,4,3,3,3,3,1,2,3,3,3,4,,,,,,,,3,3,4,4,4,4,5,5,5,接触不多，不了解,无,无,17.7,43,11,,营销,商务销售,B
10000638,光储集团,充电事业部,国内销售部,西区&北区,,,执行层,协同方,10017245,5,5,4,5,5,4,5,4,5,5,4,5,,,,,,,,5,4,5,4,5,4,5,4,5,勤奋,无,无,17.7,43,11,,营销,商务销售,B
10000638,光储集团,充电事业部,国内销售部,西区&北区,,,执行层,协同方,10017824,1,1,2,3,3,2,1,2,3,5,2,1,,,,,,,,2,2,1,4,2,2,2,1,2,"有韧性，能够为达销售目标想尽办法；
在新能源行业有一定的经验和影响力","需要对具体的销售项目有深入了解，不能浮于表面；
要强化营销项目风控意识，理解并推动各项管理文件的顺利执行；
加强自身价值观建设，端正作风，勤俭节约，带领出一支能打仗的销售队伍",建立经营意识和长期主义，坚持做难而正确的事！,17.7,43,11,,营销,商务销售,B
10000638,光储集团,充电事业部,国内销售部,西区&北区,,,执行层,协同方,10014051,1,1,2,1,2,1,2,1,2,1,3,1,,,,,,,,1,1,5,5,5,1,5,1,5,针对政企类的客户谈判能力较强,专业度有待提升,团队大客户需要自己多去跑，争取增大概率,17.7,43,11,,营销,商务销售,B
10000638,光储集团,充电事业部,国内销售部,西区&北区,,,执行层,协同方,10020583,5,4,5,5,5,3,5,5,5,5,5,5,,,,,,,,4,5,5,4,5,4,4,4,5,"1、总能站在客户维度想问题；
2、客户关系维护经验丰富，能根据不同客户的要求找到令客户满意的方案。","1、区域销售的合规问题要注意监控，审批合理性；
2、区域历史问题涉及客户商务的，该推进处理的主动推进，不建议总是由服务端消化。",暂无,17.7,43,11,,营销,商务销售,B
10000638,光储集团,充电事业部,国内销售部,西区&北区,,,执行层,协同方,10034647,5,5,5,5,5,5,5,5,5,5,5,5,,,,,,,,5,5,5,5,5,5,5,5,5,.,.,.,17.7,43,11,,营销,商务销售,B
10000638,光储集团,充电事业部,国内销售部,西区&北区,,,执行层,协同方,10037538,5,5,4,4,4,5,4,5,4,4,5,4,,,,,,,,5,5,4,4,4,5,4,4,5,执行力强，有激情,需要细化行动。,无,17.7,43,11,,营销,商务销售,B
10000638,光储集团,充电事业部,国内销售部,西区&北区,,,执行层,协同方,10041712,4,4,4,5,4,5,5,5,4,4,4,4,,,,,,,,3,3,3,3,4,4,4,4,3,无,无,无,17.7,43,11,,营销,商务销售,B
10000638,光储集团,充电事业部,国内销售部,西区&北区,,,执行层,协同方,10043213,3,3,3,3,4,4,4,3,4,4,3,3,,,,,,,,4,4,5,3,4,4,4,4,4,组织变更，未产生过多工作交集,组织变更，未产生过多工作交集,组织变更，未产生过多工作交集,17.7,43,11,,营销,商务销售,B
10000638,光储集团,充电事业部,国内销售部,西区&北区,,,执行层,协同方,10044107,4,4,4,4,4,4,4,4,3,5,5,4,,,,,,,,4,4,3,4,4,3,4,4,5,客户导向,加强产品学习,加强产品学习,17.7,43,11,,营销,商务销售,B
10000638,光储集团,充电事业部,国内销售部,西区&北区,,,执行层,协同方,10044353,3,3,4,4,3,5,3,3,5,5,5,5,,,,,,,,5,4,5,5,4,5,3,4,5,敢想敢干,职业化，战略化思维,无,17.7,43,11,,营销,商务销售,B
10000638,光储集团,充电事业部,国内销售部,西区&北区,,,执行层,自己,10000638,4,5,4,4,4,5,5,4,4,4,4,4,5,3,3,5,4,4,5,5,4,4,5,5,4,4,5,5,无,无,无,17.7,43,11,,营销,商务销售,B
10015009,制造体系,制造技术中心,制造数字化,数字化应用支持部,,,执行层,协同方,10023501,3,4,3,3,3,3,3,3,4,4,4,3,,,,,,,,4,4,5,4,5,5,4,4,5,"1.认真完成职责内工作
2.负责任有担当","1.作为管理者的工作体现不足，需要提升管理水平
2.对于有创造性的实现工作目标层面不足",无,5.6,34,13,,数智技术,数字化基础设施,B+
10015009,制造体系,制造技术中心,制造数字化,数字化应用支持部,,,执行层,协同方,10021679,4,5,5,5,5,5,4,5,5,5,5,5,,,,,,,,4,5,5,5,5,5,5,5,5,"积极主动帮助其他部门解决设备运维问题；
团结同事，积极打造轻松氛围。",在业务创新方面可以更进一步，多接触学习新的技术，赋能运维工作。,无,5.6,34,13,,数智技术,数字化基础设施,B+
10015009,制造体系,制造技术中心,制造数字化,数字化应用支持部,,,执行层,协同方,10020262,4,4,3,4,4,4,4,4,3,4,5,4,,,,,,,,4,3,4,4,5,5,5,4,4,专业能力强，乐于助人，能够积极主动推动现场业务改善。,"建议在整体数字化运维向前端延伸，在建设期就介入。
",无,5.6,34,13,,数智技术,数字化基础设施,B+
10015009,制造体系,制造技术中心,制造数字化,数字化应用支持部,,,执行层,协同方,10014863,4,4,4,4,3,4,3,4,4,4,4,4,,,,,,,,3,4,5,4,4,3,3,5,5,1.对于系统功能熟悉，日常系统问题响应速度快，能及时处置解决,关于数字化系统问题解决的横展方面需要加强优化,无,5.6,34,13,,数智技术,数字化基础设施,B+
10015009,制造体系,制造技术中心,制造数字化,数字化应用支持部,,,执行层,协同方,10013789,4,4,3,3,4,4,4,3,4,4,4,4,,,,,,,,4,4,4,5,5,4,5,2,5,无,无,无,5.6,34,13,,数智技术,数字化基础设施,B+
10015009,制造体系,制造技术中心,制造数字化,数字化应用支持部,,,执行层,协同方,10013657,4,4,4,4,5,5,4,4,3,4,4,4,,,,,,,,5,4,5,5,5,5,5,4,5,"面对复杂问题发挥主人翁意识，主动分析，积极推动改善
高频次与下属沟通",提升专业技术能力与整体规划能力,无,5.6,34,13,,数智技术,数字化基础设施,B+
10015009,制造体系,制造技术中心,制造数字化,数字化应用支持部,,,执行层,协同方,10010086,2,4,5,5,4,5,3,4,4,5,5,5,,,,,,,,4,5,5,4,5,4,4,5,4,接受意见、具备调整型,自信、提高影响力,无,5.6,34,13,,数智技术,数字化基础设施,B+
10015009,制造体系,制造技术中心,制造数字化,数字化应用支持部,,,执行层,协同方,10003156,5,5,4,4,4,4,5,5,4,5,5,4,,,,,,,,4,4,5,5,5,4,5,5,5,"1，专业能力强，愿意耐心解决别人的疑问；
2，积极响应协同部门的需求，能够快速行动。","1，多熟悉实际生产过程和产品特点，了解业务场景的需求；
2，跟业务部门融合、互动，打破部门墙。",深入了解生产过程及痛点，结合自身业务需求做闭环。,5.6,34,13,,数智技术,数字化基础设施,B+
10015009,制造体系,制造技术中心,制造数字化,数字化应用支持部,,,执行层,协同方,10001672,4,3,3,4,4,3,3,3,4,4,4,4,,,,,,,,3,3,4,4,4,4,4,5,5,1.工作认真，任劳任怨。2.给人稳重的感觉,1.下面员工涉及职能变更需要及时告知协作部门,/,5.6,34,13,,数智技术,数字化基础设施,B+
10015009,制造体系,制造技术中心,制造数字化,数字化应用支持部,,,执行层,下级,10036094,4,5,4,4,4,4,4,4,4,4,4,4,4,4,4,4,4,4,5,4,4,4,4,4,4,4,4,4,"对待工作严谨认真
具有亲和力",无,无,5.6,34,13,,数智技术,数字化基础设施,B+
10015009,制造体系,制造技术中心,制造数字化,数字化应用支持部,,,执行层,下级,10034577,4,3,4,3,5,2,2,3,5,5,5,5,5,4,3,3,3,3,2,5,4,4,4,4,4,5,5,5,无,无,无,5.6,34,13,,数智技术,数字化基础设施,B+
10015009,制造体系,制造技术中心,制造数字化,数字化应用支持部,,,执行层,下级,10034154,5,4,4,5,5,4,5,4,5,5,5,4,5,5,4,5,4,5,4,5,4,4,5,5,4,5,4,5,细心，关心下属,无,无,5.6,34,13,,数智技术,数字化基础设施,B+
10015009,制造体系,制造技术中心,制造数字化,数字化应用支持部,,,执行层,下级,10029472,5,5,4,5,5,5,4,4,5,5,5,5,5,5,5,4,4,5,5,5,4,4,5,5,5,5,5,5,"1.善于倾听意见建议
2.主动承担，站在第一线
3.不断学习，增进管理能力",暂无,暂无,5.6,34,13,,数智技术,数字化基础设施,B+
10015009,制造体系,制造技术中心,制造数字化,数字化应用支持部,,,执行层,下级,10029290,4,5,5,4,4,4,5,4,4,5,4,5,4,4,4,4,5,5,4,4,4,4,5,5,5,4,4,4,"1、会从问题发生结果去反向推导问题根源，从根本上解决隐患
2、关注下属个人能力发展，不局限与工作内容本身","1、可进一步加强沟通赋能与工作创新，优化工作规划，带领团队实现更高质量发展。
2、建议进一步加强长远战略规划能力，结合行业发展趋势，提前布局团队中长期工作目标，提升整体前瞻性。","1、在后续的工作安排中，预留更充足的缓冲时间，避免多任务协调失衡
2、建议后续多倾听基层意见，让工作开展更加顺利
3、适当优化工作节奏，合理规划任务分配",5.6,34,13,,数智技术,数字化基础设施,B+
10015009,制造体系,制造技术中心,制造数字化,数字化应用支持部,,,执行层,下级,10028126,5,5,5,5,5,5,4,5,5,5,5,5,4,5,4,5,5,5,5,5,5,4,5,5,5,5,5,5,对于需求部门反映积极，积极探索新技术，梳理部门发展方向,无,无,5.6,34,13,,数智技术,数字化基础设施,B+
10015009,制造体系,制造技术中心,制造数字化,数字化应用支持部,,,执行层,下级,10026828,5,5,5,5,5,5,3,3,5,5,4,5,4,5,4,5,4,5,4,5,4,4,4,4,5,4,5,4,"1:和下属交流有耐心
2:会主动关心下属身心情况
3:会帮助下属解决工作上的问题",1:多个工厂业务进行区分，专人负责专事,多组织下属集体活动,5.6,34,13,,数智技术,数字化基础设施,B+
10015009,制造体系,制造技术中心,制造数字化,数字化应用支持部,,,执行层,下级,10025468,5,5,5,5,4,5,5,4,5,4,5,5,4,4,5,4,4,5,5,4,4,4,5,5,5,4,5,4,对员工表现给予及时反馈，表扬优秀与进步，不足之处提供合理的改进建议，从而帮助员工持续提升工作能力,主动完成的任务并积极采取行动，不会被动等待要求，提供更好的行动方案,无,5.6,34,13,,数智技术,数字化基础设施,B+
10015009,制造体系,制造技术中心,制造数字化,数字化应用支持部,,,执行层,下级,10024073,5,4,4,4,5,4,4,4,4,5,4,4,4,4,5,4,5,3,3,4,3,4,4,4,4,5,5,4,"提前识别并规避风险；
协同处理事项主动承担任务","奖惩机制公开透明;
部门内积极沟通
",无,5.6,34,13,,数智技术,数字化基础设施,B+
10015009,制造体系,制造技术中心,制造数字化,数字化应用支持部,,,执行层,下级,10020964,4,5,5,4,5,5,5,5,5,4,5,5,5,5,5,4,4,5,5,4,5,5,5,5,4,5,5,5,积极推动难点问题解决,无,无,5.6,34,13,,数智技术,数字化基础设施,B+
10015009,制造体系,制造技术中心,制造数字化,数字化应用支持部,,,执行层,下级,10015401,5,5,5,5,3,4,4,4,4,5,4,5,4,5,4,5,5,3,5,5,4,4,5,4,4,5,4,5,"尊重公司规定
落实绩效指标",绩效制定可以再细化一点,目前虽然公司预算吃紧，但是人力还是要得到及时补充，有些现场问题同时间发生，或者区域负责人不在岗，问题有时就得不到及时解决,5.6,34,13,,数智技术,数字化基础设施,B+
10015009,制造体系,制造技术中心,制造数字化,数字化应用支持部,,,执行层,上级,10015695,5,5,4,4,4,4,4,5,5,4,4,5,5,5,4,4,4,5,4,5,4,5,4,5,5,5,5,5,做事踏实，能够主动积极解决问题,提高自信力,无,5.6,34,13,,数智技术,数字化基础设施,B+
10003156,制造体系,制造技术中心,工艺,,,,执行层,协同方,10015009,5,4,4,4,5,5,5,4,5,5,4,4,,,,,,,,4,5,5,5,5,4,5,4,5,"1、针对螺栓紧固不良持续发生的问题，牵头成立螺栓紧固质量改善专项，系统性推动问题解决，通过工艺作业规范及工装辅助开发，并结合智能电批的拧紧过程研究，将螺栓紧固不良率降低50%。
2、主导工艺技术创新，关联产品质量及业务收益，并注重产权保护，同步申请多项专利。","1、工艺基础数据方面，建议：在产品上线前，规范工艺基础数据完整性，避免在生产上线后调整工艺路线，易造成数据异常，产线无法进行生产。
2、技术创新方面，建议：单点技术研究较多，针对工艺技术可考虑形成技术雷达图，并制定标准化导入流程。",无,12.6,39,8,,生产,生产工艺-IE,A
10001344,制造体系,制造技术中心,自动化,自动化开发部,,,执行层,协同方,10032571,5,5,5,3,4,3,3,4,5,3,4,4,,,,,,,,5,4,4,5,3,5,5,4,5,具备极强的专业技能；具备较强领导力，能高效的完成项目,能多推广标准化设计提升设备运维的便捷度,无,15.4,41,7,,生产,自动化,A
10001344,制造体系,制造技术中心,自动化,自动化开发部,,,执行层,协同方,10018878,4,5,4,3,5,4,4,4,3,4,4,3,,,,,,,,4,4,4,4,4,4,4,4,4,善于跨部门沟通，有底线思维和强烈的目标意识,"团队管理在关注工作结果达成的同时，增加对人员的关注，加强员工关怀。
跨部分协作增加对客户需求的关注和理解",无,15.4,41,7,,生产,自动化,A
10047336,制造体系,亚太工厂,泰国公司,品管,质量技术组,,执行层,自己,10047336,4,4,5,4,4,3,4,4,5,5,5,4,4,4,5,5,5,4,5,4,5,5,5,5,4,5,4,4,I provide suggestion team for proactive of preventive action before problem occur. & Suggestion Solution for fix the problem in process.,Improve manpower in process inspection of check BESS battery & PCBA & Inverter.,I think should have team should be work on time when problem occur in process.,0.3,41,5,,生产,制造管理,
10047336,制造体系,亚太工厂,泰国公司,品管,质量技术组,,执行层,协同方,10047012,5,5,5,5,5,5,5,5,4,5,4,5,,,,,,,,5,4,5,4,5,4,5,4,5,I completely agree.,Good information and good support,I don't have suggestion ,0.3,41,5,,生产,制造管理,
10047336,制造体系,亚太工厂,泰国公司,品管,质量技术组,,执行层,协同方,10044725,,,,,,,,,,,,,,,,,,,,,,,,,,,,,,,,0.3,41,5,,生产,制造管理,
10047336,制造体系,亚太工厂,泰国公司,品管,质量技术组,,执行层,协同方,10040212,3,3,3,4,4,3,3,3,4,4,4,3,,,,,,,,3,3,4,4,5,5,4,5,5,"1. 品质意识强，将品质与客户信誉及成本紧密联系并作为工作底线
2. 持续学习，在努力自学中文","1. 与各部门的横向拉通加强
2. 发挥品质在制造过程中的话语权",无,0.3,41,5,,生产,制造管理,
10047336,制造体系,亚太工厂,泰国公司,品管,质量技术组,,执行层,协同方,10027503,4,4,5,4,5,4,5,5,4,4,4,4,,,,,,,,4,5,4,5,5,4,4,5,5,主动性与责任意识强，能够主动识别工作中的关键任务与潜在需求，提前规划并积极采取行动推进落实，不依赖他人指派；在工作中展现出较强的责任意识和自驱力，有效提升整体工作效率与执行力；,"对部分产品的结构、功能及关键特性理解还不够深入，在实际工作中对问题判断和决策支持存在一定影响。
建议： 系统梳理产品知识体系，重点加强核心产品及关键模块的学习；通过参与现场实践、案例复盘及向资深同事请教等方式，加深理解并提升应用能力。",暂无,0.3,41,5,,生产,制造管理,
10047336,制造体系,亚太工厂,泰国公司,品管,质量技术组,,执行层,协同方,10023227,3,3,2,3,3,3,3,3,3,4,3,3,,,,,,,,3,4,3,3,3,4,3,4,3,具备,需要尽快掌握学习泰国公司主力产品的一些特性要求，能够对于一些问题有一定的技术判断或者流程合规判断,无,0.3,41,5,,生产,制造管理,
10047336,制造体系,亚太工厂,泰国公司,品管,质量技术组,,执行层,协同方,10018871,3,4,4,4,3,4,3,4,4,3,4,4,,,,,,,,3,4,3,4,4,4,3,4,3,"1.Good positive thinking
2.To good follow up and drive team to meet target",1.To add more method for tracking result for follow up as well.,1.To add more of team building and motivate team for quickly get the result from team,0.3,41,5,,生产,制造管理,
10047336,制造体系,亚太工厂,泰国公司,品管,质量技术组,,执行层,上级,10009345,1,2,3,3,2,4,3,3,3,5,4,4,2,2,3,4,4,3,4,4,4,3,3,5,4,3,4,5,"1、专业的质量管理经验，有丰富经验有效解决生产现场质量问题
2、优秀的沟通能力
3、行动力与执行力强","1、增加对产品知识的学习，扩大跨部门沟通影响力
2、深入了解部门绩效目标及战略落地执行的策略方针，助力组织取得高绩效",向上管理、主动交流,0.3,41,5,,生产,制造管理,
10046881,储能技术研究所,,,,,,执行层,自己,10046881,3,4,4,3,3,4,4,4,4,4,3,4,3,4,4,4,3,4,4,4,4,4,4,5,4,5,4,5,这个选项是在评估自己，考虑到人无法看清自己的天然缺陷，以下为主观认知：1、任务导向始终坚持从公司全局的角度考虑是否有利，不只站在个人和部门角度考虑问题；2、情绪稳定不因个人好恶影响工作推进。,这个选项是在评估自己，考虑到人无法看清自己的天然缺陷，以下为主观认知：1、战略思维欠缺，工作繁琐时容易下意识陷入局部思维，需要时刻惊醒；2、需要认真体察他人善意，并及时作出反馈，未能及时接收善意非常影响工作配合度。,这个选项是在评估自己，考虑到人无法看清自己的天然缺陷，以下为主观认知：工作合作中应先接住“情绪”再温和坚定的执行既定目标。,0.3,43,6,,赋能管理,赋能管理,
10046881,储能技术研究所,,,,,,执行层,协同方,10046619,4,5,5,5,4,4,5,5,5,5,5,5,,,,,,,,4,5,5,5,5,4,5,5,5,工作认真、细致，并有相应记录；沟通交流方法应用得心应手,锂电专业知识,无,0.3,43,6,,赋能管理,赋能管理,
10046881,储能技术研究所,,,,,,执行层,协同方,10034087,4,4,5,4,4,4,4,4,4,5,5,5,,,,,,,,5,4,5,4,5,5,4,5,5,敢于承担挑战性任务和压力，责任心强，善于沟通，严谨细致；,关注团队搭建和人才培养；,无,0.3,43,6,,赋能管理,赋能管理,
10046881,储能技术研究所,,,,,,执行层,协同方,10033231,4,5,4,5,4,5,4,5,4,5,4,5,,,,,,,,4,4,5,4,5,4,5,4,5,无,无,无,0.3,43,6,,赋能管理,赋能管理,
10046881,储能技术研究所,,,,,,执行层,协同方,10032002,4,4,3,4,4,3,3,3,4,4,3,4,,,,,,,,4,4,4,4,3,3,4,4,5,快速学习,无,无,0.3,43,6,,赋能管理,赋能管理,
10046881,储能技术研究所,,,,,,执行层,协同方,10031948,3,4,4,4,4,3,4,4,4,4,3,4,,,,,,,,3,4,4,4,4,3,4,4,4,"1.积极处理客户需求；
2.问题积极闭环",无,无,0.3,43,6,,赋能管理,赋能管理,
10046881,储能技术研究所,,,,,,执行层,协同方,10020665,5,5,5,5,4,4,5,5,5,5,5,4,,,,,,,,5,5,4,5,5,5,5,5,5,"1.沟通顺畅，高效；
2.员工满意度高；","1.建立完善的人才激励方案；
2.建立人才培养制度；",无；,0.3,43,6,,赋能管理,赋能管理,
10046881,储能技术研究所,,,,,,执行层,协同方,10012091,5,5,4,3,4,4,4,5,4,5,4,5,,,,,,,,4,5,4,4,4,4,4,4,5,"1、逻辑清晰，善于表达：能够把自己专业范围外的问题，通过“翻译”的方式，让自己也让别人理解更加一致；
2、有亲和力、能换位思考；",无,无,0.3,43,6,,赋能管理,赋能管理,
10046881,储能技术研究所,,,,,,执行层,下级,10047266,4,5,4,5,4,5,4,4,3,4,3,4,3,4,4,5,5,3,4,5,5,4,5,5,4,3,5,4,"1.倾听不同意见，总结归纳后吧不同意见求同存异，输出后得到各个部门认可，减少必要和低效沟通
2. 主动推进任务事项，对于不熟悉模块虚心学习求教，任务事项安排合理，对抓住重点紧急，紧急不重要，重要不紧急有较好的，合理规划安排","
     战略思维加强培养：工作中学习，通过公司整体规划发展视角，提升大局观性
     系统化思维沉淀：从整体，成本，效率，风控等多维度指定部门战略","1、自我复盘
2、业务深度挖掘
3、管理格局提升",0.3,43,6,,赋能管理,赋能管理,
10046881,储能技术研究所,,,,,,执行层,下级,10046969,5,5,5,5,5,4,4,4,4,4,4,5,5,5,4,4,5,5,4,5,4,5,4,5,4,5,4,4,1，积极乐观 ,无,无,0.3,43,6,,赋能管理,赋能管理,
10046881,储能技术研究所,,,,,,执行层,下级,10041435,5,5,5,5,5,5,5,4,5,5,5,5,5,5,5,5,5,5,5,5,5,5,5,5,5,5,5,5,雷厉风行 做事执行力极强,无,无,0.3,43,6,,赋能管理,赋能管理,
10046881,储能技术研究所,,,,,,执行层,下级,10036689,4,4,5,5,4,4,4,4,4,5,5,5,4,4,4,4,4,4,4,5,5,5,4,5,5,4,5,5,"工作雷厉风行，不拖拉；
善于倾听，调查清楚事件要素之后再进行判断。",暂无,暂无,0.3,43,6,,赋能管理,赋能管理,
10046881,储能技术研究所,,,,,,执行层,下级,10031280,5,5,4,4,5,5,4,5,5,4,4,5,5,5,4,5,5,5,5,5,4,5,5,5,5,4,5,4,暂无,暂无,暂无,0.3,43,6,,赋能管理,赋能管理,
10046881,储能技术研究所,,,,,,执行层,下级,10017874,5,5,5,5,5,5,5,5,5,5,5,5,5,5,5,5,5,5,5,5,5,5,5,5,5,5,5,5,"1.快速决策、果敢坚毅
2.情绪稳定，及时给予下属支持",暂无,暂无,0.3,43,6,,赋能管理,赋能管理,
10046881,储能技术研究所,,,,,,执行层,下级,10011815,,,,,,,,,,,,,,,,,,,,,,,,,,,,,,,,0.3,43,6,,赋能管理,赋能管理,
10046881,储能技术研究所,,,,,,执行层,上级,10031277,4,5,5,5,4,4,5,5,5,5,4,5,5,4,5,4,5,4,4,4,4,4,5,5,5,4,5,5,"1. 处理事情灵活性强，能关注到多方需求
2. 任务策划详细",1. 跨部门可以观点更鲜明,适当强势一点,0.3,43,6,,赋能管理,赋能管理,
10046758,光储集团,营销体系,工程与技术服务中心,战略大客户服务部,,,执行层,自己,10046758,4,5,3,3,4,5,5,4,3,5,5,5,4,5,5,5,4,4,5,3,4,5,5,5,4,5,5,5,"积极主动关系团队成员，基于现状进最大努力合理安排工作
带头奋斗，以身作则，践行公司的文化，建立诚实守信，公平公开的工作环境
主动承担责任，承担客户压力","执行力方面需要继续强化
强化与周边部门沟通与协同运作",增加主观能动性，尤其是在战略任务的落地推动上。合理安排工作，做好主次工作规划。,0.4,34,7,,营销,服务-服务技术,
10000688,流程与数字化中心,数字化执行,供应链系统部,,,,执行层,上级,10001609,5,4,5,5,4,5,5,5,5,5,5,5,4,5,5,5,5,5,5,4,5,5,4,5,5,5,5,5,"1、有意识的培养员工的能力，并能在员工遇到困难时解决他们的问题
2、能以身作则，树立团队氛围及文化
3、有较强的非职权影响力","1、需要主动学习专业知识
2、加强工作创新思考，特别在AI的场景应用",暂无,17.4,42,16,12/4/2025,数智技术,数字化业务解决方案,A
10000688,流程与数字化中心,数字化执行,供应链系统部,,,,执行层,下级,10001492,4,4,5,5,5,5,5,4,5,5,5,4,5,5,5,5,5,4,5,5,4,5,5,5,5,5,5,5,"1，提倡成为工作中的多面手，鼓励了解和学习其它模块和系统的知识，拓宽知识面。
2，对于涉及合规问题零容忍，不允许和外部供应商有任何利益瓜葛。
3，积极拥抱AI，鼓励大家思考AI在工作中的应用。",综合能力几乎无弱点，无需下级建议。如果必须要提，可以带领下级一起学习提升英语技能。,关于员工的直接利益应该开诚布公的及时公开或者私下直接沟通。如：奖金，股票，职级晋升，年度调薪等。,17.4,42,16,12/4/2025,数智技术,数字化业务解决方案,A
10000688,流程与数字化中心,数字化执行,供应链系统部,,,,执行层,下级,10016805,5,5,5,5,5,5,5,5,5,5,5,5,5,5,5,5,5,5,5,5,5,5,5,5,5,5,5,5,"1、风险识别和控制能力
2、识人和用人能力
3、团队文化建设能力",无,无,17.4,42,16,12/4/2025,数智技术,数字化业务解决方案,A
10000688,流程与数字化中心,数字化执行,供应链系统部,,,,执行层,下级,10020852,5,5,4,3,4,3,4,3,3,4,4,5,5,4,3,4,4,3,4,3,5,4,4,5,4,4,3,4,服务型领导，在员工压力大的时候提供情绪价值,暂无,无,17.4,42,16,12/4/2025,数智技术,数字化业务解决方案,A
10000688,流程与数字化中心,数字化执行,供应链系统部,,,,执行层,下级,10021514,4,4,5,4,4,5,5,4,5,5,5,5,4,5,5,4,4,4,5,5,5,5,5,4,4,4,5,5,为人诚恳，实事求是，杜绝任何官僚主义作风；同时在日常工作中积极带头，协助下属攻克难题；,在部门工作管理上希望多注重员工在工作中的情绪，合理安排一些部门活动，以提高部门内部的凝聚力。,暂无,17.4,42,16,12/4/2025,数智技术,数字化业务解决方案,A
10000688,流程与数字化中心,数字化执行,供应链系统部,,,,执行层,下级,10021884,4,4,4,4,4,3,4,4,4,4,4,4,5,5,5,3,3,3,4,5,5,5,5,4,4,5,4,4,"出色的领导能力
信任下属，不事事插手细节，给下属独立做事、做决策的空间。
耐心指导不摆架子，愿意教、给方法",希望领导能晋升更高的职位、级别,期待对下属能有更好的职业发展方向，给予下属晋升机会，提供股权激励。,17.4,42,16,12/4/2025,数智技术,数字化业务解决方案,A
10000688,流程与数字化中心,数字化执行,供应链系统部,,,,执行层,下级,10022155,4,5,4,4,5,4,5,4,4,4,5,5,5,5,5,4,4,5,4,5,4,5,4,5,4,5,5,5,"1、引导探索和学习数字化技术、AI等；
2、办事思维与方法论值得学习；","1、下属职业发展方向的指导；
2、大供应链系统架构知识提升；",无,17.4,42,16,12/4/2025,数智技术,数字化业务解决方案,A
10000688,流程与数字化中心,数字化执行,供应链系统部,,,,执行层,下级,10022846,5,5,4,5,5,5,5,5,5,5,5,5,4,5,5,5,4,5,5,4,4,5,5,5,4,5,4,5,能妥善协调部门内外部资源，处理好规划内的需求和各类突发需求,供应链架构能力,无,17.4,42,16,12/4/2025,数智技术,数字化业务解决方案,A
10000688,流程与数字化中心,数字化执行,供应链系统部,,,,执行层,下级,10028404,5,5,4,5,5,5,5,4,5,5,5,4,5,5,5,4,5,5,5,4,5,5,5,5,4,5,5,5,"1、拥抱新技术，追求创新、引领创新
2、拥有感染力，建立了极好的团队氛围
3、针对不同员工采用不同类型的管理、辅导策略","1、希望可以为团队多争取资源，多组织内部跨岗位培训，全方面提升组织成员学习能力
2、希望可以在团队内部组织读书会活动",希望可以多组织团队内部员工学习阳光电源的产品信息，目前团队内部虽对阳光供应链全流程非常熟悉，但对阳光的产品了解有待提高，多学习阳光的产品，可以增加员工对于业务的理解，也能增加企业归属感,17.4,42,16,12/4/2025,数智技术,数字化业务解决方案,A
10000688,流程与数字化中心,数字化执行,供应链系统部,,,,执行层,下级,10029272,5,5,5,5,5,4,5,5,5,5,5,4,5,5,5,5,5,5,4,5,5,5,5,5,5,5,4,5,开放、创新、包容,暂无,一直做得很好，继续保持吧,17.4,42,16,12/4/2025,数智技术,数字化业务解决方案,A
10000688,流程与数字化中心,数字化执行,供应链系统部,,,,执行层,下级,10029381,4,5,5,5,5,5,4,4,5,5,5,5,4,5,5,5,5,4,5,4,5,5,5,4,5,4,5,5,"1.针对项目实施过程中遇到的问题（涉及跨组织协作）何师傅总会言传身教，如果问题多次沟通无果且有较大风险时，何师傅会主动帮忙和多方上层领导沟通协调；
2.经常鼓励我们主动思考，发掘AI、数据在日常工作中的应用，提升工作效率；",供应链架构规划及集成建设能力；,无,17.4,42,16,12/4/2025,数智技术,数字化业务解决方案,A
10000688,流程与数字化中心,数字化执行,供应链系统部,,,,执行层,下级,10031651,5,5,5,5,5,4,3,5,5,5,5,5,4,5,5,5,5,4,3,5,5,5,5,5,5,5,4,5,推进重要事项落地过程中，积极拉通各部门领导，沟通过程高效、落地。,1、拓展国际化视野，2、多听取各方意见,无,17.4,42,16,12/4/2025,数智技术,数字化业务解决方案,A
10000688,流程与数字化中心,数字化执行,供应链系统部,,,,执行层,下级,10032102,4,5,5,5,5,4,5,5,5,4,5,5,5,5,4,4,5,4,5,5,5,4,4,5,5,5,4,5,处事公正  讲道理，若是发现了自己的错误也能大方承认并重新梳理,暂无,暂无,17.4,42,16,12/4/2025,数智技术,数字化业务解决方案,A
10000688,流程与数字化中心,数字化执行,供应链系统部,,,,执行层,下级,10041377,5,5,4,4,5,4,4,5,4,5,5,4,4,5,4,5,4,4,5,5,4,5,4,5,4,5,4,5,"1、特别精通阳光的供应链系统，组内所有系统都如数家珍；
2、特别了解阳光产品，对工艺、产品形态、参数都比较了解；
3、特别熟悉阳光的供应链端到端业务，并针对组员的问题，热心辅导；","1、可以往作为总监层面的需要的管理素养多学习，未后续做准备；
2、平衡生活与工作，注意劳逸结合，可持续发展；",团建活动可以多搞搞,17.4,42,16,12/4/2025,数智技术,数字化业务解决方案,A
10000688,流程与数字化中心,数字化执行,供应链系统部,,,,执行层,下级,10043668,3,5,5,5,4,5,4,5,3,5,5,5,4,5,5,5,4,5,5,5,5,5,5,5,4,5,5,5,"1、敢于担当：遇事不推诿，主动承担责任并带领团队解决问题。

2、终身学习：保持开放心态，持续学习新事物，拥抱变化。

3、成就他人：善于授权、提供支持，把功劳归于团队，助力下属成长。","1、可以更早地向下属传递压力信号
有时为了照顾团队情绪，可能会把上级的不满意或项目风险“过滤”掉，导致团队对紧迫感感知不足。建议适当分享部分真实压力，让团队更主动分担。",可结合个人发展节奏，在统筹规划与细节落地的平衡上持续打磨，保持已有优秀表现的同时，进一步拓展管理视角。,17.4,42,16,12/4/2025,数智技术,数字化业务解决方案,A
10000688,流程与数字化中心,数字化执行,供应链系统部,,,,执行层,下级,10045716,5,5,5,4,5,4,5,5,5,4,4,5,5,5,5,5,5,5,5,5,5,5,5,5,5,5,5,5,给出清晰的目标，明确职责范围，不仅仅是领导更是工作上的领路人。部门工作氛围轻松。,无,无,17.4,42,16,12/4/2025,数智技术,数字化业务解决方案,A
10000688,流程与数字化中心,数字化执行,供应链系统部,,,,执行层,下级,10045897,5,5,5,5,5,5,5,5,5,5,5,5,5,5,5,5,5,5,5,5,5,5,5,5,5,5,5,5,"1、勇于走出舒适区，积极拥抱新事物变更
2、永远充满激情",暂无,暂无,17.4,42,16,12/4/2025,数智技术,数字化业务解决方案,A
10000688,流程与数字化中心,数字化执行,供应链系统部,,,,执行层,下级,10046621,5,5,5,5,5,5,5,5,5,5,5,5,5,5,5,5,5,5,5,5,5,5,5,5,5,5,5,5,"1、对新员工给予工作和生活上的全方位帮助
2、把控项目大方向，同时会给予下属自主性",暂无,值得尊敬的好领导！,17.4,42,16,12/4/2025,数智技术,数字化业务解决方案,A
10000688,流程与数字化中心,数字化执行,供应链系统部,,,,执行层,协同方,10001464,5,5,5,4,5,4,4,4,5,5,5,4,,,,,,,,4,5,5,4,4,5,5,5,5,积极主动，乐观,无,无,17.4,42,16,12/4/2025,数智技术,数字化业务解决方案,A
10000688,流程与数字化中心,数字化执行,供应链系统部,,,,执行层,协同方,10001927,3,3,3,2,3,4,4,3,3,3,3,4,,,,,,,,3,3,3,3,4,3,5,5,5,/,/,无,17.4,42,16,12/4/2025,数智技术,数字化业务解决方案,A
10000688,流程与数字化中心,数字化执行,供应链系统部,,,,执行层,协同方,10005422,3,3,4,3,3,3,3,2,3,3,4,3,,,,,,,,3,4,3,3,3,3,3,4,4,不仅关注技术实现，更能深入物流关务一线理解业务痛点,在需求变更管理的灵活性上仍有提升空间,建议定期举办“物流数字化小课堂”，向物流关务团队普及系统底层逻辑，降低沟通门槛，让更多业务人员具备利用系统解决问题的能力,17.4,42,16,12/4/2025,数智技术,数字化业务解决方案,A
10000688,流程与数字化中心,数字化执行,供应链系统部,,,,执行层,协同方,10009552,4,3,4,3,3,4,3,3,5,4,4,4,,,,,,,,4,4,3,4,4,4,4,4,5,行动快速,多任务优先级管理：面对多任务并行时，偶尔出现资源分配不均、紧急事项挤占重要事项时间的情况。建议采用优先级矩阵对任务进行分类管理，,无,17.4,42,16,12/4/2025,数智技术,数字化业务解决方案,A
10000688,流程与数字化中心,数字化执行,供应链系统部,,,,执行层,协同方,10017146,5,5,5,3,3,4,3,4,4,5,4,5,,,,,,,,4,4,4,4,5,5,5,5,5,遇事主动拉通，快速决策。,提升创新思维。,提升国际化视野。,17.4,42,16,12/4/2025,数智技术,数字化业务解决方案,A
10000688,流程与数字化中心,数字化执行,供应链系统部,,,,执行层,协同方,10024019,5,4,4,4,4,4,4,2,3,4,3,4,,,,,,,,4,4,3,5,5,4,4,4,4,"1.待人以诚，
2.认真负责，
3.有担当",1.产品端到端，在供应链领域助力，共同为数字化2.0奋斗,帮忙带领我们一起提高组织氛围,17.4,42,16,12/4/2025,数智技术,数字化业务解决方案,A
10000688,流程与数字化中心,数字化执行,供应链系统部,,,,执行层,协同方,10024433,4,5,4,4,4,4,4,3,4,4,5,5,,,,,,,,5,4,4,4,4,5,4,3,4,"敢于创新
尊重客户","人才管理可以更专业
跨领域知识可以更丰富

",无,17.4,42,16,12/4/2025,数智技术,数字化业务解决方案,A
10000688,流程与数字化中心,数字化执行,供应链系统部,,,,执行层,协同方,10030481,5,4,4,4,4,4,3,4,3,5,5,4,,,,,,,,4,5,5,4,4,4,4,4,4,团队管理能力强，不盲目接需求，有时会据理力争，拒绝不合理的周期和需求,供应链专业领域有提升空间,无,17.4,42,16,12/4/2025,数智技术,数字化业务解决方案,A
10000688,流程与数字化中心,数字化执行,供应链系统部,,,,执行层,协同方,10033935,,,,,,,,,,,,,,,,,,,,,,,,,,,,,,,,17.4,42,16,12/4/2025,数智技术,数字化业务解决方案,A
10000688,流程与数字化中心,数字化执行,供应链系统部,,,,执行层,协同方,10036071,5,5,5,5,5,5,5,5,5,5,5,5,,,,,,,,5,5,5,5,5,5,5,5,5,沟通协调能力出众，团队管理能力强,平衡工作与生活,无,17.4,42,16,12/4/2025,数智技术,数字化业务解决方案,A
10000688,流程与数字化中心,数字化执行,供应链系统部,,,,执行层,自己,10000688,3,4,4,4,5,5,3,3,5,4,5,4,4,5,5,5,4,4,4,4,5,4,5,5,5,4,5,5,"1、文化引领
2、组织能力
3、沟通技巧","1、专业方案
2、情绪管理",无,17.4,42,16,12/4/2025,数智技术,数字化业务解决方案,A
10046758,光储集团,营销体系,工程与技术服务中心,战略大客户服务部,,,执行层,协同方,10040344,5,4,4,4,4,4,5,5,4,5,5,5,,,,,,,,4,4,4,4,5,4,4,4,5,"1、快速响应客户需求和细致规划和战略大客户的服务问题解决和推动
2、辛勤和努力",暂无,暂无,0.4,34,7,,营销,服务-服务技术,
10046758,光储集团,营销体系,工程与技术服务中心,战略大客户服务部,,,执行层,协同方,10029287,3,3,3,3,3,3,3,3,3,3,3,3,,,,,,,,3,3,3,3,3,3,3,3,3,无意见,无意见,无意见,0.4,34,7,,营销,服务-服务技术,
10046758,光储集团,营销体系,工程与技术服务中心,战略大客户服务部,,,执行层,协同方,10022643,5,5,5,5,5,5,5,5,5,5,5,5,,,,,,,,5,5,5,5,5,5,5,5,5,业务能力扎实，作为新任领导思路清晰，举措创新，极大的加强了大客户部门的综合影响力,暂无,暂无,0.4,34,7,,营销,服务-服务技术,
10046758,光储集团,营销体系,工程与技术服务中心,战略大客户服务部,,,执行层,协同方,10017832,3,4,3,4,4,3,4,3,3,3,3,3,,,,,,,,5,5,5,5,5,3,5,5,5,not familar,主动,无,0.4,34,7,,营销,服务-服务技术,
10046758,光储集团,营销体系,工程与技术服务中心,战略大客户服务部,,,执行层,协同方,10017421,3,4,3,3,3,3,4,4,3,3,3,4,,,,,,,,3,4,4,4,4,4,4,5,5,有创新思想和变革精神,需要将想法付诸实践，变革中要勇于面对冲突。,无,0.4,34,7,,营销,服务-服务技术,
10046758,光储集团,营销体系,工程与技术服务中心,战略大客户服务部,,,执行层,协同方,10014446,,,,,,,,,,,,,,,,,,,,,,,,,,,,,,,,0.4,34,7,,营销,服务-服务技术,
10046758,光储集团,营销体系,工程与技术服务中心,战略大客户服务部,,,执行层,协同方,10010892,5,5,4,4,4,4,5,3,4,4,4,4,,,,,,,,4,5,4,4,4,4,4,3,4,有问题能在第一时间响应,希望能进一步的加强团队建设,无意间,0.4,34,7,,营销,服务-服务技术,
10046758,光储集团,营销体系,工程与技术服务中心,战略大客户服务部,,,执行层,下级,10047447,5,5,5,5,5,4,5,5,5,5,5,5,4,5,5,4,5,5,5,5,5,4,5,5,5,5,5,5,"灵活进行跨部门协同
奋斗者精神",考虑公司和部门的长期发展,无,0.4,34,7,,营销,服务-服务技术,
10046758,光储集团,营销体系,工程与技术服务中心,战略大客户服务部,,,执行层,下级,10047037,3,2,3,3,2,3,4,2,2,4,4,4,2,2,2,2,2,3,3,4,4,4,4,4,3,3,3,3,主动沟通,明确实际业务,希望可以带领团队一起跨部门交流,0.4,34,7,,营销,服务-服务技术,
10046758,光储集团,营销体系,工程与技术服务中心,战略大客户服务部,,,执行层,下级,10041429,4,3,4,3,3,3,5,3,3,5,3,5,3,3,4,3,3,4,3,3,4,4,5,4,4,4,3,4,深度洞察客户需求、维护客户关系,客户关系维护能力强,无,0.4,34,7,,营销,服务-服务技术,
10046758,光储集团,营销体系,工程与技术服务中心,战略大客户服务部,,,执行层,下级,10029860,5,5,5,5,5,4,4,4,5,5,5,5,5,5,5,4,5,5,5,5,5,5,5,5,5,4,4,4,inter-department communication,no,no,0.4,34,7,,营销,服务-服务技术,
10046758,光储集团,营销体系,工程与技术服务中心,战略大客户服务部,,,执行层,下级,10024315,4,3,3,3,3,3,4,4,4,3,3,3,2,2,2,4,2,4,3,4,4,3,3,4,4,4,4,4,"1. 交付经验丰富
2. 跨部门协作沟通能力强","1.  从管理层面拉通与区域与总部与产品线现阶段流程问题，并达成一致方案
2.  梳理拉通当前阶段，可执行的计划和目标",领导入职时间较短，很多沟通尚未来及发生，暂无其他建议,0.4,34,7,,营销,服务-服务技术,
10046758,光储集团,营销体系,工程与技术服务中心,战略大客户服务部,,,执行层,下级,10023156,3,3,3,3,3,3,3,4,3,3,3,3,3,3,3,3,3,3,3,3,3,3,3,3,3,3,3,3,积极与周边部门互动,更加深入了解业务,暂无,0.4,34,7,,营销,服务-服务技术,
10046758,光储集团,营销体系,工程与技术服务中心,战略大客户服务部,,,执行层,下级,10010674,4,4,4,3,2,3,5,4,3,3,4,4,3,3,4,4,4,4,4,4,3,4,3,4,5,3,2,3,"my direct line manager is relatively new in his role and also with the company.
In general he is always available for us but gets stuck too much already in the day to day operation which prevents a top down view for developing our group easy. With more empowerment and clear authorization reported to regions in view of our role this could help to reduce his day to day operation.",We need more headcounts to support our daily operation as we face regular many deadlines being close with each other and have to review contracts. Also we need to work on more automatic transfers between different tools. Clear separation of tasks and responsibilities.,"Several of the questions raise contrary topics which don't easily fit within each other such as 27 or 23 or ... and then to be addressed. In general I think he is trying his best to adjust quickly and support our team wherever he can. I think we need clearer priorities from time to time.
",0.4,34,7,,营销,服务-服务技术,
10046758,光储集团,营销体系,工程与技术服务中心,战略大客户服务部,,,执行层,上级,10043470,4,4,5,5,4,4,5,4,4,5,5,5,4,5,4,4,4,4,4,4,4,5,5,5,5,5,5,5,"有很强的客户成功导向，愿意在客户界面和销售一起协同
能带领团队和OSKA销售协同打单，有很好的团队领导力",战略大客户服务整个部门相比之前有很大的提升，但是还需要在PMO落地层面做得更多，以及在客户关系管理这条线上面进一步提升。,"部门的整体工作需要主动思考，减少被动响应，并且从战略上去提升系统性的打法
",0.4,34,7,,营销,服务-服务技术,
10000898,光储集团,光储技术平台,产品技术中心,网络安全技术部,,,执行层,上级,10001853,4,4,4,4,4,4,5,4,5,5,5,4,4,5,4,4,4,4,4,5,4,4,5,5,5,5,5,5,1，敢于走出舒适圈，挑战不同岗位，并且进行得失总结。2，在工作过程中，快速学习并带领新专业团队；3、低调务实，以底层硬实力跨界解决新问题。,从技术思维向客户、系统思维转变：目前更对依赖底层技术直觉解决单点问题，未来工作挑战中，如网络安全技术管理是个体系化建设，需要在安全策略标准化、团队能力梯队搭建、研发全生命周期安全管理规划等维度进行系统考虑和布局,"提升跨部门协作能力，建立个人影响力
",16.6,42,3,12/16/2025,产品与研发,软件,A
10000898,光储集团,光储技术平台,产品技术中心,网络安全技术部,,,执行层,下级,10045378,5,5,4,4,3,5,5,4,5,4,5,3,3,5,5,4,3,4,3,4,4,5,5,4,4,4,4,5,同时兼任通信场景项目集和安全技术部工作，工作效率较高。,各项工作统筹做好时间计划管理，避免频繁的出现临时紧急安排任务的情况,希望后续绩效考评能面谈沟通说明一下,16.6,42,3,12/16/2025,产品与研发,软件,A
10000898,光储集团,光储技术平台,产品技术中心,网络安全技术部,,,执行层,下级,10045948,5,5,5,4,4,4,5,5,4,4,4,4,4,4,5,4,4,5,4,4,4,5,4,4,4,3,4,4,"1. 思考事情全面，对工作有深度的思考；
2. 协调能力出色，跨部门工作协调能力出众。",1. 英语表达能力有待提高；,无,16.6,42,3,12/16/2025,产品与研发,软件,A
10000898,光储集团,光储技术平台,产品技术中心,网络安全技术部,,,执行层,协同方,10013751,3,4,4,4,4,4,3,3,4,5,5,4,,,,,,,,4,4,5,4,4,4,4,5,4,"1.对于任务是以结果导向，坚定不移的推进
2.在技术规划上面，可以通过外部和内部的视角来规划对应的方向","1.在任务分配阶段，需要因人制宜；
2.在任务执行阶段，要做到定期的跟踪和纠正，确保最后的结果是好的",暂无,16.6,42,3,12/16/2025,产品与研发,软件,A
10000898,光储集团,光储技术平台,产品技术中心,网络安全技术部,,,执行层,协同方,10019273,4,4,4,4,4,3,4,4,5,4,4,4,,,,,,,,4,3,4,4,5,5,4,5,4,主动挑起公司网络安全大梁，联合多部门从0开始开展网络安全平台建设,目前网络安全是公司的一大重点工作，但能力比较分散，如何将各方能力聚合为大能量，干成大事，还有很大的操作空间。,无,16.6,42,3,12/16/2025,产品与研发,软件,A
10000898,光储集团,光储技术平台,产品技术中心,网络安全技术部,,,执行层,协同方,10009129,4,4,4,4,3,3,3,4,4,4,4,4,,,,,,,,4,3,4,4,4,4,4,4,4,专业基础扎实，能够带领团队进行技术深耕,/,/,16.6,42,3,12/16/2025,产品与研发,软件,A
10000898,光储集团,光储技术平台,产品技术中心,网络安全技术部,,,执行层,协同方,10009108,5,4,5,5,5,4,4,4,5,4,4,4,,,,,,,,5,4,4,4,5,4,4,4,5,1.勇于尝试和接受新事务，具有很强的创新意识；2.结果导向,1.站在全球性网络安全的视野，提高网络安全数字化水平；2.进一步提高洞察和价值决策力，提高项目集的项目质量，强助力业务发展,提高英语交际活动和国际化视野,16.6,42,3,12/16/2025,产品与研发,软件,A
10000898,光储集团,光储技术平台,产品技术中心,网络安全技术部,,,执行层,协同方,10006817,4,4,4,4,4,4,4,4,4,4,4,4,,,,,,,,4,4,4,4,5,4,5,5,5,"1、把响应客户需求作为首要任务，积极倾听，快速响应内外部客户的需求
2、为人行事坦诚、言出必行、公开透明",需要加强对公司战略的理解，并洞察本领域内外部环境，识别风险点和挖掘业务增长的机会点,持续提升自身的国际化视野,16.6,42,3,12/16/2025,产品与研发,软件,A
10000898,光储集团,光储技术平台,产品技术中心,网络安全技术部,,,执行层,协同方,10005152,4,5,4,4,4,4,3,3,4,4,4,4,,,,,,,,4,3,4,4,4,4,4,4,5,"（1）有创新的一些想法，并鼓励大家试错
（2）对一些事情能够洞察本质并积极发表自己的见解","（1）在职业视野方面，提升全局意识与跨部门协作
（2）在创新想法实施时，提升风险识别与可执行性判断",（1）在项目风险控制方面，除了形式上的要求，抓住重点及增强干预,16.6,42,3,12/16/2025,产品与研发,软件,A
10000898,光储集团,光储技术平台,产品技术中心,网络安全技术部,,,执行层,协同方,10001441,3,4,4,3,3,4,4,3,4,4,3,3,,,,,,,,3,3,4,4,4,3,4,4,4,1. 持续的技术学习能力,1. 建议加快网安流程机制方面的建设与落地,/,16.6,42,3,12/16/2025,产品与研发,软件,A
10000898,光储集团,光储技术平台,产品技术中心,网络安全技术部,,,执行层,自己,10000898,4,5,5,4,5,5,4,4,4,5,5,5,5,4,5,4,5,4,3,4,5,5,4,4,4,4,5,5,"1、有较强的创新意识，积极引入新工具信息推动内部调研可用性
2、有全局观，积极配合业务，灵活调整工作策略和方案","1、文化建设和人员激励，需要有意识的对下属进行具体工作的认可，激励其发挥优势
2、一线的业务思维要持续加强，以终为始，助力公司商业成功
",无,16.6,42,3,12/16/2025,产品与研发,软件,A
10046758,光储集团,营销体系,工程与技术服务中心,战略大客户服务部,,,执行层,上级,10009056,4,4,4,4,3,3,4,3,4,5,4,4,3,3,4,4,4,3,4,4,4,4,3,4,4,4,4,4,思路清晰，洞察和表达能力强,客观坚韧,无,0.4,34,7,,营销,服务-服务技术,
10046619,储能技术研究所,综合管理组,,,,,执行层,协同方,10046881,4,3,3,2,3,3,3,2,3,4,3,3,,,,,,,,4,4,3,3,3,4,3,4,4,积极热心，对各模块工作均涉略，自我加压，对按时完成结果十分执着。,增加工作衔接的严谨性,增加工作衔接的严谨性，减少“不回复视为认同”的默认思维，强调明示和承诺更有利于推进工作。,0.4,43,1,,产品与研发,项目管理,
10046619,储能技术研究所,综合管理组,,,,,执行层,协同方,10034087,4,4,4,4,4,4,4,4,4,4,5,5,,,,,,,,5,4,4,4,5,5,4,5,5,敢于承担挑战性任务和压力，跨部门推动能力强；,关注团队搭建和人才培养；,无,0.4,43,1,,产品与研发,项目管理,
10046619,储能技术研究所,综合管理组,,,,,执行层,协同方,10033231,4,5,4,5,4,5,4,5,4,5,4,5,,,,,,,,4,4,5,4,5,4,5,4,5,无,无,无,0.4,43,1,,产品与研发,项目管理,
10046619,储能技术研究所,综合管理组,,,,,执行层,协同方,10032002,3,4,3,4,4,3,3,3,4,4,3,4,,,,,,,,4,4,4,4,3,3,4,4,5,推进快速,无,无,0.4,43,1,,产品与研发,项目管理,
10046619,储能技术研究所,综合管理组,,,,,执行层,协同方,10031948,4,4,3,3,3,3,4,4,4,4,3,4,,,,,,,,4,4,4,4,4,4,4,4,4,"1.积极处理客户需求；
2.问题积极闭环",无,无,0.4,43,1,,产品与研发,项目管理,
10046619,储能技术研究所,综合管理组,,,,,执行层,协同方,10020665,5,5,5,4,4,4,4,4,5,5,5,4,,,,,,,,4,5,4,4,4,5,5,4,4,"1.沟通顺畅，高效；
2.灵活，变通；","1.建立完善的项目管理制度；
2.加强项目风险预警；",无；,0.4,43,1,,产品与研发,项目管理,
10046619,储能技术研究所,综合管理组,,,,,执行层,协同方,10012091,5,5,4,5,3,5,4,3,4,5,4,4,,,,,,,,5,5,4,3,4,3,4,5,5,"1、工作投入度高，计划严谨；
2、经常提出专业性建议；",无,无,0.4,43,1,,产品与研发,项目管理,
10046587,零碳中心,招商合作部,,,,,执行层,自己,10046587,5,5,5,5,4,5,4,4,5,5,5,5,4,4,5,5,5,5,5,5,5,5,5,5,5,5,5,5,"1、较强的沟通协调能力；
2、专业的业务能力和职业化素养。","1、横向领域的学习和探索。建议：多向其他部门或条线同事和专家请教学习；
2、AI与自身工作的结合。建议：自主或向AI方面的专家请教学习，让AI更好的服务自身工作。",不断的学习、创新、提升自我。,0.4,40,2,,营销,商务销售,
10046587,零碳中心,招商合作部,,,,,执行层,协同方,10045796,5,5,5,5,4,5,5,4,5,5,5,4,,,,,,,,5,4,5,5,5,4,5,5,5,部门间工作沟通积极，促进招商工作高效推动。注重员工间友好氛围，提高办公室工作效率。,无。,无。,0.4,40,2,,营销,商务销售,
10046587,零碳中心,招商合作部,,,,,执行层,协同方,10045389,5,5,5,5,4,4,5,4,4,5,4,4,,,,,,,,5,5,4,4,4,4,4,4,5,工作经验丰富，行业发展动向掌握清晰,暂无,暂无,0.4,40,2,,营销,商务销售,
10046587,零碳中心,招商合作部,,,,,执行层,协同方,10033395,4,4,4,4,4,5,4,4,4,5,4,5,,,,,,,,4,4,4,4,4,5,4,4,5,能很好的协调利用跨部门资源推进事项进展,暂无,暂无,0.4,40,2,,营销,商务销售,
10046587,零碳中心,招商合作部,,,,,执行层,协同方,10026277,4,4,4,4,4,4,5,3,5,5,5,5,,,,,,,,4,5,4,3,5,5,5,4,4,无,无,无,0.4,40,2,,营销,商务销售,
10046587,零碳中心,招商合作部,,,,,执行层,协同方,10001004,4,4,3,4,4,4,3,4,4,5,5,5,,,,,,,,4,4,3,4,4,4,3,3,4,"跨部门复杂场景中，能主动站出来提出自己的见解
情绪较稳定",具备战略眼光，建议公司授权一定的职能及责任。,无,0.4,40,2,,营销,商务销售,
10046587,零碳中心,招商合作部,,,,,执行层,协同方,10000231,,,,,,,,,,,,,,,,,,,,,,,,,,,,,,,,0.4,40,2,,营销,商务销售,
10046587,零碳中心,招商合作部,,,,,执行层,下级,10047286,5,5,5,5,5,5,4,4,5,5,5,5,4,4,5,5,5,5,5,5,5,5,4,5,5,5,5,5,业绩达成层面，认真执行；团队工作方面，积极引导；公司纪律及文化层面，认真恪守,暂无,暂无,0.4,40,2,,营销,商务销售,
10046587,零碳中心,招商合作部,,,,,执行层,上级,10030736,3,4,4,3,3,4,3,3,4,4,4,4,3,4,4,4,4,3,3,4,4,3,4,4,4,3,3,4,积极主动、人脉较广、经验丰富,加强行业知识学习、提升文字汇报能力,暂无,0.4,40,2,,营销,商务销售,
10046453,光储集团,光储技术平台,器件技术中心,通用类器件部,,,执行层,自己,10046453,5,5,5,5,5,4,5,5,5,5,5,5,4,4,5,5,5,5,5,5,5,5,5,5,5,5,5,5,"以身作则，积极践行公司文化；
合理规划人才队伍并搭建团队；
主动识别问题并推进解决。","对部门员工的关注度不够，不能及时的激励和沟通；
跨组织协调能力需要提升。",无,0.4,34,8,,,,
10046453,光储集团,光储技术平台,器件技术中心,通用类器件部,,,执行层,协同方,10021261,5,5,4,4,4,5,5,5,5,5,5,5,,,,,,,,5,5,4,5,5,5,5,5,5,专业能力过硬，往往能够剔除更深层次以及更系统的问题解决方案,无,无,0.4,34,8,,,,
10046453,光储集团,光储技术平台,器件技术中心,通用类器件部,,,执行层,协同方,10016923,4,5,4,4,4,3,4,5,5,5,5,4,,,,,,,,5,5,4,5,5,4,5,5,5,"1.在光耦替代方案中能够积极主动协助完成信息收集并分享同行业应用及管控方式。
2.在交流取温线端子方案分析中能够快速响应需求及时给出调查结果。","1.新应用标准器件质量活动需要制度化的落实下来。
2.标准品的技术洞察需要进一步提高，隔离方案、采集器件及组合集成方案等方向需要加深了解。",1.对器件（光耦、传感器等）下一代技术洞察方向希望可以按照季度进行信息收集及分享,0.4,34,8,,,,
10046453,光储集团,光储技术平台,器件技术中心,通用类器件部,,,执行层,协同方,10015826,3,3,3,3,3,2,3,3,3,4,4,3,,,,,,,,3,3,3,3,4,3,4,4,4,快速融入团队，新入职后主动拉通各部门进行工作协同,跨部门协同时，发挥自身能力优势，建立个人非职权影响力；,暂无,0.4,34,8,,,,
10046453,光储集团,光储技术平台,器件技术中心,通用类器件部,,,执行层,协同方,10012375,4,4,4,4,4,4,4,4,5,5,5,5,,,,,,,,4,4,4,4,4,4,5,5,5,"1. 工作富有激情，认真负责；
2. 专业能力较强，在跟厂家进行技术交流时，能敏锐抓住重点。","1. 工作上需进一步加强对下属的赋能；
2. 需进一步加强与外部门的沟通，尤其在正常事务之外也希望多交流沟通；",无,0.4,34,8,,,,
10046453,光储集团,光储技术平台,器件技术中心,通用类器件部,,,执行层,协同方,10020380,5,5,5,5,5,4,4,5,5,5,4,5,,,,,,,,4,5,5,4,5,5,4,5,5,以结果为导向，及时跟进落地情况，不断推动结果达成,无,无,0.4,34,8,,,,
10046453,光储集团,光储技术平台,器件技术中心,通用类器件部,,,执行层,协同方,10028520,4,5,5,5,5,5,4,5,5,4,5,5,,,,,,,,5,4,5,5,5,4,5,5,5,"1、多品类器件的管理：通用类器件品类多、类型复杂，能够高效梳理本部门的策略和重点工作事项，并制定具体可执行的计划，有出色的系统思维和战略思维；
2、出色的跨部门协同和团队协同工作，有效展示部门工作影响力",暂无,暂无,0.4,34,8,,,,
10046453,光储集团,光储技术平台,器件技术中心,通用类器件部,,,执行层,协同方,10029723,4,5,5,4,5,4,5,5,4,5,5,5,,,,,,,,4,5,4,4,5,4,5,5,5,"1、作为社招管理人员能够快速理顺部门工作，支持业务顺利开展；
2、关心下属的感受，并维护好与外部门的关系。","1、部门有4个不同业务的团队，日常工作开展交集不多，可以多加强部门团建；
2、思考如何建设部门人才梯队。",无,0.4,34,8,,,,
10046453,光储集团,光储技术平台,器件技术中心,通用类器件部,,,执行层,协同方,10005071,4,4,5,4,4,4,5,5,5,5,5,5,,,,,,,,5,5,5,4,4,4,5,5,5,"1、团队遇到困难搞不定时主动去帮忙，和大家一起明确方向。
2、工作认真负责，起到很好的带头作用。",通用器件遇到的共性问题总结沉淀在中心内部，形成通用要求。,通用器件的方法及经验建议多在中心内部分享，助力其他器件品类可靠性提升。,0.4,34,8,,,,
10046453,光储集团,光储技术平台,器件技术中心,通用类器件部,,,执行层,协同方,10037519,5,5,5,5,5,4,5,5,5,5,5,5,,,,,,,,4,5,5,5,5,4,5,5,5,被评估人具有很强的亲和力，和领导能力，会以身作则投入工作，带领团队攻坚克难。,和产品线、其他部门的沟通中可以更强势一些,通用器件的工作复杂、繁多，对于管理者的思路和方法要求比较高，后续看看怎么能优化管理模式，让繁杂的问题简单化,0.4,34,8,,,,
10046453,光储集团,光储技术平台,器件技术中心,通用类器件部,,,执行层,下级,10043306,4,4,5,5,5,4,4,4,5,5,5,5,4,4,5,4,4,4,4,5,5,5,5,5,4,4,4,5,做事严谨心细，能够认真细致评审各类技术文件、资料文档，善于发现细节漏洞与不合理之处，并给出专业可行的优化改进建议；秉持成就客户的工作理念，深度理解并拆解项目组各项业务与研发需求，合理梳理工作脉络、细化拆分工作模块，做到任务清晰、分工明确、落地可执行；为人诚恳务实，对待各项工作不敷衍、不走过场，坚持实事求是、踏实履职，始终坚守工作细致度与质量底线，保障各项工作严谨闭环、可靠落地。,业务统筹能力强，安排工作条理有序，后续可适当多分享工作思路与经验方法，方便团队快速对齐标准、提升整体工作效率。,无,0.4,34,8,,,,
10046453,光储集团,光储技术平台,器件技术中心,通用类器件部,,,执行层,下级,10030735,4,4,4,4,5,4,3,4,4,4,5,4,4,3,4,5,4,4,4,4,5,4,4,5,4,4,4,5,无,无,无,0.4,34,8,,,,
10046453,光储集团,光储技术平台,器件技术中心,通用类器件部,,,执行层,下级,10024827,5,4,5,4,5,5,4,5,5,4,5,4,4,5,5,5,3,5,3,5,5,5,5,3,4,5,4,5,1，积极参与构建公司人才梯队，维护组织活力；2，认同和引导团队成员对对组织文化认可，并积极传播赞同组织文化,1，对内部客户应有更多的粘性；2，对团队成员有实质性鼓励及合理建议,无,0.4,34,8,,,,
10046453,光储集团,光储技术平台,器件技术中心,通用类器件部,,,执行层,下级,10017683,,,,,,,,,,,,,,,,,,,,,,,,,,,,,,,,0.4,34,8,,,,
10046453,光储集团,光储技术平台,器件技术中心,通用类器件部,,,执行层,下级,10016580,4,4,4,4,4,4,3,4,3,4,4,4,3,3,4,4,4,3,4,4,4,4,3,4,4,4,4,4,"1、能够信任团队成员并给予团队成员自由发挥空间，不过多干预具体工作，不打断员工工作节奏。
2、通过引导的方式，提出工作建议。",1、工作任务重压力大，希望多关注员工情绪，定期组织部门团建、聚餐等活动。,对外沟通过程中，希望能够多给下属争取资源或者发声。,0.4,34,8,,,,
10046453,光储集团,光储技术平台,器件技术中心,通用类器件部,,,执行层,下级,10016337,4,4,4,4,4,3,3,4,3,4,3,3,4,3,4,4,4,4,4,3,4,3,3,3,4,4,4,4,"1、审核报告仔细，不放过任何细小错误，工作严谨。
",2、组织部门活动，活跃团队氛围,无,0.4,34,8,,,,
10046453,光储集团,光储技术平台,器件技术中心,通用类器件部,,,执行层,上级,10002619,4,5,4,4,4,4,5,4,5,5,5,5,4,4,4,4,5,5,4,5,5,5,4,5,5,5,5,5,做事细心，要求高，非常努力，非常有条理。,加强对员工的赋能和授权，培养大家的工作思维。,无,0.4,34,8,,,,
10046425,光储集团,充电事业部,国内销售部,,,,执行层,自己,10046425,5,4,5,4,5,5,5,5,4,4,5,5,4,4,4,5,5,5,5,5,5,4,5,4,4,4,5,5,工作踏实刻苦，风险管控意识强，对团队培训赋能能帮助团队能力提升。能激发团队士气，带领团队积极打胜仗。,需要加强团队管理精细度，需要多带领团队拓展大客户，打胜仗。,无,0.4,33,11,,营销,商务管理,
10046425,光储集团,充电事业部,国内销售部,,,,执行层,协同方,10044107,5,4,4,4,4,4,4,3,4,5,5,4,,,,,,,,4,4,4,4,4,4,4,4,5,客户导向，积极努力推进订单达成,更全面考虑充电市场及方向,更全面考虑充电市场及方向,0.4,33,11,,营销,商务管理,
10046425,光储集团,充电事业部,国内销售部,,,,执行层,协同方,10025368,4,4,4,3,3,4,3,3,4,5,4,5,,,,,,,,4,4,3,4,4,4,3,5,5,成就客户，洞察客户需求,不同区域、不同文化的团队成员的针对性管理,无,0.4,33,11,,营销,商务管理,
10046425,光储集团,充电事业部,国内销售部,,,,执行层,协同方,10022047,4,3,4,3,3,4,4,4,3,5,5,5,,,,,,,,3,3,3,4,5,5,3,4,5,团队协作意识好，沟通顺畅合作性高,暂无,暂无,0.4,33,11,,营销,商务管理,
10046425,光储集团,充电事业部,国内销售部,,,,执行层,协同方,10020583,5,5,5,4,5,4,5,5,5,5,5,5,,,,,,,,4,5,5,5,4,4,4,4,5,"1、对市场问题的处理，能站在较高的维度给出建议帮助；
2、能统筹国内销售工作，把控年度目标进度。","1、希望能有基于国内销售业务发展规划的服务资源（常规+特殊）需求评估，传递到服务侧；
2、国内充电业务销服加解决方案铁三角协同，优化响应与机制，共同帮助业务发展，拓宽护城河。",共同努力，加强国内销服协同,0.4,33,11,,营销,商务管理,
10046425,光储集团,充电事业部,国内销售部,,,,执行层,协同方,10017824,5,5,4,4,4,4,5,4,5,5,5,5,,,,,,,,5,4,4,4,4,5,5,4,4,"思路敏捷，能够从诸多信息中快速抓取有效信息；
有较好的经营思维，紧密关注业绩目标和利润指标；
有较高的风控意识","提升忧患意识、拼搏意识、节约意识、吃苦意识，勤恳节约，加强费用管理，杜绝浪费、享乐；
坚守原则，系统思考，认真推演，客观理智，树立全局观，尽职尽责对待每一件事。",建立经营意识和长期主义，坚持做难而正确的事！,0.4,33,11,,营销,商务管理,
10046425,光储集团,充电事业部,国内销售部,,,,执行层,协同方,10001894,4,3,3,4,4,4,3,4,4,5,5,4,,,,,,,,4,3,4,4,3,3,3,4,3,合作性好,无,无,0.4,33,11,,营销,商务管理,
10046425,光储集团,充电事业部,国内销售部,,,,执行层,协同方,10001001,5,5,4,5,5,5,4,4,5,5,4,5,,,,,,,,5,4,5,4,5,5,5,5,4,暂无,暂无,暂无,0.4,33,11,,营销,商务管理,
10046425,光储集团,充电事业部,国内销售部,,,,执行层,下级,10044353,4,5,4,4,5,4,5,5,4,5,5,4,4,4,4,5,4,3,5,5,5,5,5,3,3,5,3,5,销售经验老道，新能源行业经验丰富,渠道建设，亚太市场拓展,建议长期主义,0.4,33,11,,营销,商务管理,
10046425,光储集团,充电事业部,国内销售部,,,,执行层,下级,10043213,1,2,2,1,2,1,2,1,3,3,2,3,1,2,2,1,1,2,1,3,2,3,2,1,1,4,3,3,拥有大局观，销售经验丰富,管理层面欠佳，与员工交流过少，未建立良性团队沟通氛围,多了解各个大区不同业务情况，因地制宜，合理管理,0.4,33,11,,营销,商务管理,
10046425,光储集团,充电事业部,国内销售部,,,,执行层,下级,10043126,2,2,2,1,1,1,2,2,2,1,1,1,1,1,2,2,1,1,1,2,1,1,1,1,1,2,2,2,Don't  have untill now,"+ Should be support whole team when need support. 
+ Support and focus about sale target. Not only think about power and separate team.",Nothing,0.4,33,11,,营销,商务管理,
10046425,光储集团,充电事业部,国内销售部,,,,执行层,下级,10041712,1,2,1,1,2,2,2,2,2,1,1,1,2,3,3,2,2,2,1,2,2,1,2,2,1,2,1,2,江湖社交经验；讲故事造势本领；胆力。,尊重他人；诚恳务实；开放严谨。,诚恳务实，谦虚为人,0.4,33,11,,营销,商务管理,
10046425,光储集团,充电事业部,国内销售部,,,,执行层,下级,10037538,5,5,4,4,5,4,4,4,4,4,5,5,4,4,4,4,4,4,5,5,4,4,5,5,5,5,4,4,激情主动，行动力强。,无,更好的整合公司资源赋能业绩达成。,0.4,33,11,,营销,商务管理,
10046425,光储集团,充电事业部,国内销售部,,,,执行层,下级,10034647,5,5,5,5,5,5,5,5,5,5,5,5,5,5,5,5,5,5,5,5,5,5,5,5,5,5,5,5,.,.,.,0.4,33,11,,营销,商务管理,
10046425,光储集团,充电事业部,国内销售部,,,,执行层,下级,10017245,5,5,5,5,5,4,5,5,5,5,5,5,4,4,5,5,5,5,5,4,5,5,5,5,5,5,4,5,善于倾听,无,无,0.4,33,11,,营销,商务管理,
10046425,光储集团,充电事业部,国内销售部,,,,执行层,下级,10014051,4,5,5,5,5,5,5,3,3,5,5,5,5,5,5,5,5,5,5,5,5,5,5,5,5,5,5,5,积极拉动销售推进研发项目立项进度。,行业知识需要多了解,大项目需要多给与指导,0.4,33,11,,营销,商务管理,
10046425,光储集团,充电事业部,国内销售部,,,,执行层,下级,10000638,4,5,4,4,4,5,5,4,4,4,4,4,5,3,3,5,4,4,5,5,4,4,5,5,4,4,5,5,无,无,无,0.4,33,11,,营销,商务管理,
10046425,光储集团,充电事业部,国内销售部,,,,执行层,上级,10041999,4,4,4,4,4,3,4,3,4,4,4,4,3,3,4,4,3,4,4,4,3,4,4,4,4,4,3,4,有大客户思维，能及时发现问题,"以身作则：聚焦业绩增长，带头打下几个大项目；
学习公司文化；
",定期跟领导沟通,0.4,33,11,,营销,商务管理,
10046358,品管中心,供应链质量与可靠性,供应链质量稽核部,,,,执行层,自己,10046358,4,5,4,4,3,5,3,3,4,5,4,4,4,4,5,5,4,5,4,4,5,3,3,5,5,4,5,5,无,"①需要结合阳光文化，优化自己的管理风格
②深度学习阳光的产品知识，快速成长并投入持续改进的过程中",深刻学习阳光文化，快速融入阳光的氛围中,0.5,33,6,,质量,质量控制(QE)-SQE,
10046358,品管中心,供应链质量与可靠性,供应链质量稽核部,,,,执行层,协同方,10016199,4,4,4,4,4,5,4,4,4,5,5,5,,,,,,,,5,5,4,4,4,5,5,4,5,"1、积极探索工作方法和思路，提高部门工作成效；
2、深入一线，了解部门员工工作中的不足和待优化项目，持续改进；",1、部门工作边界的梳理清晰，明确原材料改善提升的关键抓手，逐步扭转、改善质量现状,暂无,0.5,33,6,,质量,质量控制(QE)-SQE,
10046358,品管中心,供应链质量与可靠性,供应链质量稽核部,,,,执行层,协同方,10011103,3,3,4,3,3,4,3,3,3,4,3,4,,,,,,,,3,4,3,4,3,3,3,3,4,信息记录与梳理的良好习惯，理论整理能力较强,抓住重点，明确抓手事项、强调落地执行,理论概念转向实际执行，抓住核心项目、形成落地成果,0.5,33,6,,质量,质量控制(QE)-SQE,
10046358,品管中心,供应链质量与可靠性,供应链质量稽核部,,,,执行层,协同方,10001779,4,4,5,4,4,5,4,4,4,4,4,5,,,,,,,,4,5,5,4,4,3,4,4,5,专业知识丰富，逻辑思维严谨,要多考虑各部门协同，立足岗位职责，多补位,暂无,0.5,33,6,,质量,质量控制(QE)-SQE,
10046358,品管中心,供应链质量与可靠性,供应链质量稽核部,,,,执行层,协同方,10001528,5,5,5,5,4,4,5,4,5,4,5,4,,,,,,,,4,5,5,5,5,5,5,5,5,积极主观的工作态度，为人热忱且乐于沟通，将繁琐事务逐步精简化。,供应链管理工作中的人员带动与培养；,无,0.5,33,6,,质量,质量控制(QE)-SQE,
10046358,品管中心,供应链质量与可靠性,供应链质量稽核部,,,,执行层,协同方,10001451,5,4,4,4,4,4,5,5,4,4,4,4,,,,,,,,4,5,5,5,5,5,4,4,4,无,无,无,0.5,33,6,,质量,质量控制(QE)-SQE,
10046358,品管中心,供应链质量与可靠性,供应链质量稽核部,,,,执行层,协同方,10001448,5,4,4,3,3,3,4,4,4,4,4,3,,,,,,,,4,3,5,5,3,4,5,5,5,无,无,无,0.5,33,6,,质量,质量控制(QE)-SQE,
10046358,品管中心,供应链质量与可靠性,供应链质量稽核部,,,,执行层,协同方,10001412,,,,,,,,,,,,,,,,,,,,,,,,,,,,,,,,0.5,33,6,,质量,质量控制(QE)-SQE,
10046358,品管中心,供应链质量与可靠性,供应链质量稽核部,,,,执行层,下级,10045119,5,5,5,4,5,4,4,4,5,5,5,4,5,5,4,4,4,4,5,5,5,4,5,5,5,5,4,5,"1.整理整合汽车行业全流程先进质量管理措施，分享给所有团队成员，帮助团队提升；
2.重大异常，积极主动参与，帮忙快速解决问题，满足客户要求，降低公司损失；
3.积极推动AI及信息化，帮助团队效率提升；",可逐步前往关键品类供方现场，了解工艺流程，熟悉品类特性,无,0.5,33,6,,质量,质量控制(QE)-SQE,
10046358,品管中心,供应链质量与可靠性,供应链质量稽核部,,,,执行层,下级,10020845,5,5,5,5,5,5,4,5,5,5,4,5,5,5,4,5,5,5,5,5,4,5,5,5,5,5,5,5,逻辑清晰，思维敏捷，已解决问题、成就客户的价值观为基准，积极推进本职工作和其他部门的协同工作。,"1、减少负面压力，积极应对供应商的质量问题的处置
2、带动SQA团队，积极推进各项供应商质量改善工作的开发",暂无,0.5,33,6,,质量,质量控制(QE)-SQE,
10046358,品管中心,供应链质量与可靠性,供应链质量稽核部,,,,执行层,下级,10014992,4,5,5,5,4,5,4,4,4,5,5,4,5,4,4,5,5,5,4,5,4,4,5,5,5,5,5,5,"1、主动与下属沟通管理技巧，如何合理规划工作时间，提升团队能力
2、问题处置时觉得下属表现好的地方及时表扬",暂无,暂无,0.5,33,6,,质量,质量控制(QE)-SQE,
10046358,品管中心,供应链质量与可靠性,供应链质量稽核部,,,,执行层,下级,10014170,3,4,3,3,2,2,3,2,3,3,4,3,2,2,3,4,3,2,2,3,3,2,2,3,3,2,3,4,开展团队会议时，能阐明布置任务的目的，使员工理解,数字化方面和质量文化方面的引导,无,0.5,33,6,,质量,质量控制(QE)-SQE,
10046358,品管中心,供应链质量与可靠性,供应链质量稽核部,,,,执行层,下级,10012248,4,4,4,4,3,5,4,4,4,4,4,4,3,3,4,4,4,3,4,4,4,5,4,5,4,5,5,5,基本的管理逻辑和应用技巧,熟悉实际业务层面,慢慢熟悉和深入人员及人员负责事项层面,0.5,33,6,,质量,质量控制(QE)-SQE,
10046358,品管中心,供应链质量与可靠性,供应链质量稽核部,,,,执行层,上级,10001452,2,2,2,2,2,3,3,2,2,3,3,3,3,2,3,2,3,3,4,3,3,4,3,3,4,4,4,4,"1、入职不久，肯学习；
2、吃苦耐劳，不推诿","1、提升自身专业能力；
2、肯思考，提出建设性意见",多深入一线，快速进入角色,0.5,33,6,,质量,质量控制(QE)-SQE,
10046346,阳光氢能,海外销售部,,,,,执行层,自己,10046346,4,5,5,5,4,4,5,5,4,4,4,4,3,3,4,4,3,4,4,4,5,4,3,3,4,3,4,4,保持团队开拓业务的积极性，组织各类业务活动和跨部门交流，解决海外生产回答问题，解决海外业务场景分类问题，解决海外销售模式多样化问题,团队领导力可以继续增强，增加团队内的凝聚力，增加跨地区工作的效率和监管能力，提到总团队能效,合理规划海外拓展节奏，把握时机，规避不合适的商机,0.4,35,6,,营销,商务销售,
10046346,阳光氢能,海外销售部,,,,,执行层,协同方,10023163,4,4,4,3,5,3,5,5,5,5,5,5,,,,,,,,4,3,3,3,4,5,5,5,5,"1、以公司利益为先
2、海外硬实力",优化海外销售团队严肃性，提升销售人员风险意识,提升信心，海外是氢能的未来,0.4,35,6,,营销,商务销售,
10046346,阳光氢能,海外销售部,,,,,执行层,协同方,10020805,5,4,4,5,4,4,5,4,4,4,5,5,,,,,,,,4,5,5,4,4,4,5,5,4,对客户不合理要求，会根据行业技术水平与客户进行沟通，直至解决客户的疑虑,减少客户对行业及产品过度期望,暂无,0.4,35,6,,营销,商务销售,
10046346,阳光氢能,海外销售部,,,,,执行层,协同方,10014681,4,3,3,4,4,3,5,4,5,5,4,5,,,,,,,,4,5,4,5,4,4,5,4,5,能够调用各方资源，帮助团队完成目标；,无,无,0.4,35,6,,营销,商务销售,
10046346,阳光氢能,海外销售部,,,,,执行层,协同方,10012884,3,3,3,4,4,5,5,4,4,4,4,4,,,,,,,,4,3,5,3,5,4,4,3,4,性格儒雅，易沟通，具备国际化视野和跨文化交流能力。,洞悉全球氢能市场发展机会，精准抓住营销项目机会点。,无,0.4,35,6,,营销,商务销售,
10046346,阳光氢能,海外销售部,,,,,执行层,协同方,10007223,4,4,4,5,5,4,5,5,5,5,4,3,,,,,,,,4,4,4,4,4,3,4,4,5,具备国际化的思维,加强与公司人员沟通交流，融入氢能团队,无,0.4,35,6,,营销,商务销售,
10046346,阳光氢能,海外销售部,,,,,执行层,协同方,10007178,5,5,5,5,5,5,5,5,5,5,4,5,,,,,,,,5,5,4,5,5,5,4,5,5,国际化视野、产品需求 ,暂无,暂无,0.4,35,6,,营销,商务销售,
10046346,阳光氢能,海外销售部,,,,,执行层,协同方,10006075,4,3,4,3,4,2,4,3,3,4,3,4,,,,,,,,3,3,3,3,4,3,4,4,3,思路清晰,"事情的发生变化性强，不能理想化，结合实际情况做更全面的思考与准备。
针对复杂业务情况对管理能力的要求较高，建议提升管理能力。",积极主动，更外向些。,0.4,35,6,,营销,商务销售,
10046346,阳光氢能,海外销售部,,,,,执行层,协同方,10002257,5,4,4,5,5,4,5,5,3,5,5,4,,,,,,,,5,4,5,4,5,5,5,5,5,积极主动,加强跨部门的沟通和协作,无,0.4,35,6,,营销,商务销售,
10046346,阳光氢能,海外销售部,,,,,执行层,协同方,10001476,4,4,4,4,4,3,5,5,4,5,4,5,,,,,,,,4,4,5,5,5,4,4,4,5,无,无,无,0.4,35,6,,营销,商务销售,
10046346,阳光氢能,海外销售部,,,,,执行层,协同方,10001431,5,4,4,5,5,4,4,4,5,4,5,5,,,,,,,,4,4,4,5,4,4,4,4,4,1、虽然来公司不长，带领海外团队在业务上快速拓展，商务方向能力强。,暂无,暂无,0.4,35,6,,营销,商务销售,
10046346,阳光氢能,海外销售部,,,,,执行层,协同方,10000939,3,4,4,4,4,4,5,4,4,4,5,4,,,,,,,,4,4,4,4,4,4,5,4,5,"国际化视野
学习能力强","加强专业技术能力提升
提升客户和市场洞察能力",加强市场和区域洞察能力的提升,0.4,35,6,,营销,商务销售,
10046346,阳光氢能,海外销售部,,,,,执行层,协同方,10000731,4,4,4,4,4,3,5,3,4,5,3,4,,,,,,,,3,3,4,4,5,3,4,4,4,思考问题注重从现实情况出发，从系统角度考虑,尽快熟悉公司文化及产品特点，不断扩大产品在海外市场的影响力,无,0.4,35,6,,营销,商务销售,
10046346,阳光氢能,海外销售部,,,,,执行层,协同方,10000645,4,4,4,4,4,3,4,4,4,4,4,4,,,,,,,,4,5,4,4,4,4,5,5,4,工作交集不多，无法评价,工作交集不多，无法评价,工作交集不多，无法评价,0.4,35,6,,营销,商务销售,
10046346,阳光氢能,海外销售部,,,,,执行层,协同方,10000473,4,3,5,5,5,5,3,4,5,3,3,4,,,,,,,,4,4,5,3,5,4,4,5,5,接触时间不长。,无,无,0.4,35,6,,营销,商务销售,
10046346,阳光氢能,海外销售部,,,,,执行层,下级,10035717,5,5,5,5,5,5,5,4,5,5,5,5,5,5,5,5,5,5,5,5,5,5,5,5,5,5,5,5,无,无,无,0.4,35,6,,营销,商务销售,
10046346,阳光氢能,海外销售部,,,,,执行层,下级,10034512,3,4,3,4,4,4,4,4,3,3,3,4,4,4,4,4,3,4,4,4,4,3,4,4,4,4,5,5,"国际化视野
积极主动
友好开放","跨部门沟通
团队文化建设",注重体系和机制建设,0.4,35,6,,营销,商务销售,
10046346,阳光氢能,海外销售部,,,,,执行层,下级,10031391,3,4,4,4,4,2,4,4,3,4,3,4,4,3,3,2,3,4,4,4,4,3,3,3,4,3,4,4,"1. 看到团队成员的工作成绩，并给予鼓励
2. 落实到具体动作帮助团队成员成长
3. 推动团队内部开放协作
","1. 行动可以更有规划
2. 对组员承诺要落地",无,0.4,35,6,,营销,商务销售,
10046346,阳光氢能,海外销售部,,,,,执行层,下级,10031296,5,5,5,5,5,5,5,4,4,4,4,4,5,4,5,5,5,4,5,5,4,4,5,5,5,5,5,5,"战略性营销思维；
沟通方式；
思维开放",暂无,暂无,0.4,35,6,,营销,商务销售,
10046346,阳光氢能,海外销售部,,,,,执行层,下级,10030752,4,4,4,4,5,5,5,5,4,5,4,5,4,3,5,5,5,5,5,5,5,4,4,4,4,4,5,5,"1. 针对市场特点，指明市场开发方向和执行框架；
2. 深入理解海外市场开发需求并予以高度支持，提质增效；
3. 分享成功经验，鼓励商务、技术、交付高效协同。",1. 协调更多资源对商务人员进行培训,无,0.4,35,6,,营销,商务销售,
10046346,阳光氢能,海外销售部,,,,,执行层,下级,10016814,4,4,4,4,4,4,5,4,4,4,4,5,4,4,4,4,4,4,4,5,5,4,4,4,5,4,5,4,梳理工作策略和重点工作事项，制定具体可执行的计划,无,无,0.4,35,6,,营销,商务销售,
10046346,阳光氢能,海外销售部,,,,,执行层,上级,10011587,4,4,5,4,4,4,5,5,3,5,4,5,4,4,4,4,5,4,5,4,4,4,5,5,5,5,5,5,1.语言能力；2.充分授权,1.产品知识；2.组织管理能力,无,0.4,35,6,,营销,商务销售,
10046151,AIDC电源事业部,销售部,,,,,执行层,自己,10046151,5,5,5,4,4,4,5,5,5,5,5,5,4,4,5,5,4,5,4,5,5,5,4,5,5,5,5,5,跨团队沟通，目标导向,海外工作经验，需要尽快加强,没有了,0.5,43,10,,营销,商务销售,
10046151,AIDC电源事业部,销售部,,,,,执行层,协同方,10045188,5,5,5,5,5,5,5,5,5,5,5,5,,,,,,,,5,5,5,5,5,5,5,5,5,深入洞察，持续跟踪内外部客户需求及满足情况，建立稳定良好的客户关系,无,无,0.5,43,10,,营销,商务销售,
10046151,AIDC电源事业部,销售部,,,,,执行层,协同方,10044732,5,5,4,4,5,4,5,5,5,5,5,5,,,,,,,,4,5,5,5,4,5,5,5,5,清晰洞察客户,机会取舍,无,0.5,43,10,,营销,商务销售,
10046151,AIDC电源事业部,销售部,,,,,执行层,协同方,10040375,4,4,4,4,2,2,3,2,3,4,4,4,,,,,,,,4,4,4,4,4,3,3,4,4,"能够积极响应客户需求，提出对产品线的要求，目标明确
",能够为产品线提供更多市场和客户方面的信息。,无,0.5,43,10,,营销,商务销售,
10046151,AIDC电源事业部,销售部,,,,,执行层,协同方,10019620,5,5,5,5,4,4,5,5,5,5,5,5,,,,,,,,5,5,4,4,5,5,5,5,5,暂无,暂无,暂无,0.5,43,10,,营销,商务销售,
10046151,AIDC电源事业部,销售部,,,,,执行层,协同方,10043458,5,4,4,4,4,4,5,4,4,4,5,5,,,,,,,,5,5,4,5,4,4,3,4,4,积极推进公司业务，善于利用手头资源积极推进业务边界；身先士卒，带领团队成员一起去做业务拓展，对结果负责，并为下属做出表率；善于学习，积极学习新业务新技术，主动参与探讨，并且积极给出自己的意见建议。,快速建立海外团队，推进业务进展。,NA,0.5,43,10,,营销,商务销售,
10046151,AIDC电源事业部,销售部,,,,,执行层,下级,10047150,5,5,5,5,5,4,5,5,4,5,4,5,4,4,5,4,5,4,5,5,5,4,4,5,5,5,5,5,"1，对待工作和生活，以身作则，勇于承担
2，能够制定清晰且明确的目标，给予清晰明确的指导
3，能够作为事业发展上的好的，值得学习的模范，
4，积极向上，积极的给大家提供正能量，为团队提供信心。","1，可以多些非正式沟通，可以让团队更融洽。
2，注意身体，注意休息。注意负荷平衡
",无,0.5,43,10,,营销,商务销售,
10046151,AIDC电源事业部,销售部,,,,,执行层,下级,10046911,5,5,5,5,5,5,5,5,5,5,5,5,4,4,5,5,5,4,4,5,5,5,5,5,5,5,5,5,用人识人的眼光好；尊重他人且富有同理心；工作结果导向，相处氛围好。,暂无,暂无,0.5,43,10,,营销,商务销售,
10046151,AIDC电源事业部,销售部,,,,,执行层,上级,10044357,5,5,4,4,4,4,5,4,4,5,4,4,3,3,4,4,4,5,4,5,4,5,5,5,4,5,5,5,领导力强，定期组织事业部各部门间的沟通与研讨，形成内部凝聚力,建立全球的情报体系和生态策略，更早布局市场,建立人才梯队，加快市场覆盖,0.5,43,10,,营销,商务销售,
10045864,制造体系,亚太工厂,印度公司,制造,制造部,,执行层,自己,10045864,4,5,4,5,4,5,5,4,5,4,4,4,4,4,5,5,5,5,4,5,5,4,4,5,5,4,5,5,"consistently demonstrates strong ownership and responsibility in daily work, proactively identifying issues and driving them toward closure with effective coordination across departments.
He has shown good initiative in improving process efficiency through structured thinking, timely follow-up, and implementation of practical improvement ideas in manufacturing and quality-related activities.
He also maintains positive working relationships with team members and stakeholders, communicates respectfully, and supports collaboration to achieve common departmental goals.","can further strengthen strategic planning and long-term prioritization by focusing more on preventive actions and data-driven decision-making for recurring issues.
He could also improve delegation and team development by providing more coaching opportunities and encouraging broader participation from team members during problem-solving activities.
Additionally, increasing exposure to digital tools, AI applications, and advanced reporting methods would help improve operational efficiency and support continuous improvement initiatives.","Continue maintaining the positive attitude, accountability, and collaborative approach shown in daily work. Expanding cross-functional learning and taking more leadership in innovation and digital transformation projects will further enhance both individual growth and team performance.",0.6,37,0,,生产,制造管理,
10045864,制造体系,亚太工厂,印度公司,制造,制造部,,执行层,协同方,10046428,4,4,4,4,5,3,4,3,4,4,4,3,,,,,,,,4,4,4,4,5,4,4,4,4,Rohit k has shown excellent dedication and responsibility in handling assigned tasks. He consistently completes work on time and maintains good coordination with the team.,further improve in documentation accuracy and timely updates. Maintaining more detailed records and regular follow-up will help improve traceability and communication within the team.,"performing well and contributing positively to the team. Continued focus on technical skill development, process improvement activities, and knowledge sharing with team members will further enhance his professional growth. With consistent learning and proactive involvement, he has good potential for higher responsibilities in the future.",0.6,37,0,,生产,制造管理,
10045864,制造体系,亚太工厂,印度公司,制造,制造部,,执行层,协同方,10011998,5,5,5,5,5,5,4,4,5,3,5,4,,,,,,,,4,4,5,4,5,4,4,5,4,"1. Strong leadership and good team coordination.
2. Quickly responds to problems and supports the team effectively.
3. Maintains discipline and focuses on achieving targets on time.
","1. Can improve communication with all team members more frequently.
2. More focus can be given to employee development and training.
3. Can improve follow-up and planning for faster task completion.
",Overall performance is good. Continue supporting the team and maintain the same positive attitude and leadership.,0.6,37,0,,生产,制造管理,
10045864,制造体系,亚太工厂,印度公司,制造,制造部,,执行层,协同方,10011954,5,4,5,5,5,4,5,5,4,5,5,5,,,,,,,,5,5,5,4,4,5,5,5,5,"The assessed individual has consistently demonstrated excellent leadership, strong teamwork, and a proactive approach toward problem-solving. Their commitment to quality, timely task completion, and positive support to team members have significantly contributed to departmental performance and created a professional working environment that others can learn from","The assessed individual can further enhance effectiveness by focusing on advanced strategic planning, strengthening delegation and team development, and improving communication during high-pressure situations. With continued focus on these areas, they can achieve even greater team coordination, operational efficiency, and long-term organizational success.",No suggestions,0.6,37,0,,生产,制造管理,
10045864,制造体系,亚太工厂,印度公司,制造,制造部,,执行层,协同方,10011841,4,3,5,1,4,4,4,4,3,3,3,1,,,,,,,,1,1,3,5,3,5,3,3,5,"1.Discussion in quality meeting with broader perspectively to not repeat issues again
2.Pro actively communicating and commitment towords work is mainly initiative
3.Good in attitude and deciplain","1.fully poka yoke system can be establist from line sides
2.All the details digitalization towards work completion status
3.Training sessions arrangement to required skills improvement by other's facilitate to learn",To be involve in plan achivement and work status followups and take work from his subordinates to enhance good results,0.6,37,0,,生产,制造管理,
10045864,制造体系,亚太工厂,印度公司,制造,制造部,,执行层,协同方,10011839,4,4,5,5,5,5,5,5,4,4,4,4,,,,,,,,4,5,4,4,4,4,4,4,4,Shows excellent teamwork and communication skills while supporting colleagues and maintaining a positive work environment. Others can learn from their professional attitude and commitment.,Enhancing technical knowledge and continuously learning new process improvements will help in handling challenges more efficiently and contribute to better overall performance,no,0.6,37,0,,生产,制造管理,
10045864,制造体系,亚太工厂,印度公司,制造,制造部,,执行层,协同方,10011838,4,5,4,5,4,4,5,5,4,5,4,5,,,,,,,,4,5,5,5,5,4,4,5,5,"Rohit has demonstrated strong leadership and ownership in managing production activities, ensuring targets are achieved while maintaining quality and safety standards. His ability to handle pressure situations calmly and make quick operational decisions is highly appreciable.",Rohit can further enhance delegation within the team by empowering supervisors and operators with more decision-making responsibilities. This will help improve team development and operational flexibility.,"Rohit is a dedicated and result-oriented professional with strong operational knowledge. Continuing to focus on team development, process innovation, and continuous improvement initiatives will further strengthen his effectiveness as a Production Deputy Manager. His positive attitude and commitment to achieving organizational goals are highly valued.",0.6,37,0,,生产,制造管理,
10045864,制造体系,亚太工厂,印度公司,制造,制造部,,执行层,协同方,10011835,3,4,4,3,4,4,4,4,4,4,5,5,,,,,,,,4,5,4,5,4,5,4,4,4,they are actually new to organization but doing well in their work but need to adopt more to organization culture.,they are doing well but need to listen the employee words more and need to give suggestions to them for to improve the productivity,no,0.6,37,0,,生产,制造管理,
10045864,制造体系,亚太工厂,印度公司,制造,制造部,,执行层,上级,10011145,2,2,3,2,3,3,3,3,2,2,2,2,2,3,2,3,3,2,2,3,3,2,3,3,3,2,3,2,He is new to Organization and need to adopt to Sungrow culture. Think widely in solving problems. ,Need product knowledge ,no,0.6,37,0,,生产,制造管理,
10045557,光储集团,地面光伏事业部,产品质量部,,,,执行层,自己,10045557,5,5,5,5,4,4,4,3,5,5,4,4,5,5,5,5,5,3,4,4,5,4,3,4,3,5,5,5,专业性，沟通能力，逻辑性,情绪控制，倾听,无,0.6,41,11,,质量,质量控制(QE)-DQE,
10045557,光储集团,地面光伏事业部,产品质量部,,,,执行层,协同方,10000740,4,5,5,4,4,4,4,4,4,4,5,4,,,,,,,,5,4,5,4,5,5,5,5,5,、,、,、,0.6,41,11,,质量,质量控制(QE)-DQE,
10045557,光储集团,地面光伏事业部,产品质量部,,,,执行层,协同方,10000752,4,4,4,4,4,3,4,5,5,5,4,4,,,,,,,,5,4,5,4,4,5,5,5,5,果断不纠结、系统思考意识强、质量人少有的弹性和张力,部门及成员管理方面可以更好,无,0.6,41,11,,质量,质量控制(QE)-DQE,
10045557,光储集团,地面光伏事业部,产品质量部,,,,执行层,协同方,10001442,2,3,3,2,3,3,3,2,3,3,3,3,,,,,,,,4,3,4,3,4,4,4,4,4,做事有大局观，沟通能力强,无,无,0.6,41,11,,质量,质量控制(QE)-DQE,
10045557,光储集团,地面光伏事业部,产品质量部,,,,执行层,协同方,10001524,4,5,4,5,5,4,5,4,4,4,5,4,,,,,,,,5,4,4,4,4,4,5,5,5,专业能力强，做事有方法,与供应商的沟通场合，可以稍微柔软一些，没有必要表现太强势,无,0.6,41,11,,质量,质量控制(QE)-DQE,
10045557,光储集团,地面光伏事业部,产品质量部,,,,执行层,协同方,10002705,4,4,3,4,3,3,3,4,4,3,3,3,,,,,,,,4,4,3,3,4,3,4,4,4,主动去发现问题和尝试解决,抓问题解决办法的落地，,问题解决后提炼成标准打法,0.6,41,11,,质量,质量控制(QE)-DQE,
10045557,光储集团,地面光伏事业部,产品质量部,,,,执行层,协同方,10009085,4,4,5,5,5,5,4,5,5,5,5,5,,,,,,,,5,5,5,4,5,5,5,5,5,较强的目标感和责任心，能很快的找到路径达成结果,决策大胆些，少一点顾虑,无,0.6,41,11,,质量,质量控制(QE)-DQE,
10045557,光储集团,地面光伏事业部,产品质量部,,,,执行层,协同方,10003156,4,5,4,2,3,3,4,4,2,2,3,3,,,,,,,,2,2,3,3,3,3,4,4,4,"1，专业能力强；
2，聚焦本事业部的质量目标。","1，质量的管理不是孤立的，是上下游部门一起讨论出可落地、可衡量的方案，需要加强跟上下游部门之间的互动；
2，建议深入业务一线，了解我司的特点。",深入了解上下游部门痛点，结合自身业务需求做闭环。,0.6,41,11,,质量,质量控制(QE)-DQE,
10045557,光储集团,地面光伏事业部,产品质量部,,,,执行层,协同方,10001852,5,5,4,4,5,5,4,4,5,5,4,4,,,,,,,,5,4,4,5,5,4,4,4,5,无,无,无,0.6,41,11,,质量,质量控制(QE)-DQE,
10045557,光储集团,地面光伏事业部,产品质量部,,,,执行层,协同方,10000984,,,,,,,,,,,,,,,,,,,,,,,,,,,,,,,,0.6,41,11,,质量,质量控制(QE)-DQE,
10045557,光储集团,地面光伏事业部,产品质量部,,,,执行层,协同方,10000896,4,4,4,5,5,5,3,3,4,4,4,4,,,,,,,,4,5,4,4,4,5,4,5,5,出色的产品可靠性专业背景。质量逻辑性强，能够对复杂局面进行系统性梳理，并提出有针对性的解决方案。,进一步提升自身质量影响力，要结合业务实际稳步推进研发过程质量管理内化工作，逐步构建和完善业务部门内部的预防性质量管理体系,从部门业务出发，不断复盘质量管理的适配性和有效性，确保质量管控资源精准投入，牵引各方实现业务的质量目标，并最终助力业务的成功。,0.6,41,11,,质量,质量控制(QE)-DQE,
10045557,光储集团,地面光伏事业部,产品质量部,,,,执行层,下级,10046736,5,4,5,4,5,4,5,4,5,4,5,4,5,4,5,5,4,4,5,4,5,4,5,4,5,4,5,4,"1.跨部门有效沟通能力强，不断提升部门影响力
2.出色的技术专业能力","1.部门内领导力还可进一步提升
2.劳逸结合，繁忙的工作下也平衡好自己的休息时间，身体是工作的本钱",无,0.6,41,11,,质量,质量控制(QE)-DQE,
10045557,光储集团,地面光伏事业部,产品质量部,,,,执行层,下级,10026539,5,5,5,5,5,5,5,4,5,5,4,5,5,5,5,5,5,4,5,5,5,5,5,5,5,4,5,5,跨部门影响力，拉通外部门资源，推进复杂问题的解决,无,无,0.6,41,11,,质量,质量控制(QE)-DQE,
10045557,光储集团,地面光伏事业部,产品质量部,,,,执行层,下级,10019300,4,5,4,4,4,4,4,5,5,4,5,5,4,4,4,5,4,4,5,4,4,5,4,4,5,4,5,5,学识广博，严于律己,无建议,无建议,0.6,41,11,,质量,质量控制(QE)-DQE,
10045557,光储集团,地面光伏事业部,产品质量部,,,,执行层,下级,10000766,4,5,4,3,3,2,3,4,3,4,4,3,3,3,3,4,3,2,3,4,3,4,3,2,2,4,4,4,"1、能沟通看到底层动机，识别协同难度和策划对策
2、积极响应领导需求，分解工作
3、情商高，政治活动熟练","1、团队协同，可以多听别人意见
2、决策的本质是资源分配，需要确认资源是否重新分配，而不是工作有人接
3、防止过度关注KPI，关注长期绩效",无,0.6,41,11,,质量,质量控制(QE)-DQE,
10045557,光储集团,地面光伏事业部,产品质量部,,,,执行层,下级,10000015,5,5,5,5,5,5,5,5,5,4,5,4,5,5,5,5,5,5,5,5,5,5,4,5,5,5,5,5,善于沟通  洞察力强 有领导力,多些倾听,无,0.6,41,11,,质量,质量控制(QE)-DQE,
10045557,光储集团,地面光伏事业部,产品质量部,,,,执行层,下级,10000011,5,5,5,5,5,4,4,5,4,4,5,4,3,3,4,5,5,4,5,4,4,5,4,4,5,4,4,5,///,///,////,0.6,41,11,,质量,质量控制(QE)-DQE,
10045557,光储集团,地面光伏事业部,产品质量部,,,,执行层,上级,10000335,3,4,4,4,4,3,4,4,5,4,4,4,3,3,4,3,4,3,4,3,4,4,4,4,5,4,4,4,业务能力强 跨部门协同,全流程质量管理实施  ,抓住主要矛盾,0.6,41,11,,质量,质量控制(QE)-DQE,
10045494,财务中心,光储FBP,,,,,执行层,自己,10045494,4,5,5,5,4,4,4,5,5,5,4,5,4,4,5,4,4,4,4,5,5,5,5,5,4,5,5,5,"1、对于财务重点工作和业务痛点，能高效落实，及时反馈
2、能够以丰富的财务管理经验，给予团队专业指导，解决困难和问题

","1、人才梯队建设还需要加强，尤其腰部力量的建设
2、加强财报内控，提升财报质量",无,0.7,37,9,,财务,经营管理,
10045494,财务中心,光储FBP,,,,,执行层,协同方,10007851,4,4,4,3,3,4,4,3,4,4,4,4,,,,,,,,4,4,5,5,5,5,5,5,5,营造较好的团队管理氛围，与业务部门有效融合并肩作战。,暂无,暂无,0.7,37,9,,财务,经营管理,
10045494,财务中心,光储FBP,,,,,执行层,协同方,10007421,4,5,4,4,4,4,5,4,4,5,5,5,,,,,,,,4,5,4,4,4,4,5,5,5,沟通较好、责任担当,加强协作、扩大格局,暂无,0.7,37,9,,财务,经营管理,
10045494,财务中心,光储FBP,,,,,执行层,协同方,10001610,4,3,4,4,4,4,4,4,3,4,4,4,,,,,,,,4,4,4,4,4,4,4,4,4,抗压能力强,无,无,0.7,37,9,,财务,经营管理,
10045494,财务中心,光储FBP,,,,,执行层,协同方,10000690,3,3,3,3,3,3,3,3,3,3,3,3,,,,,,,,2,3,2,2,3,2,4,4,4,无,无,无,0.7,37,9,,财务,经营管理,
10045494,财务中心,光储FBP,,,,,执行层,协同方,10000194,3,3,3,3,4,4,4,4,4,4,4,4,,,,,,,,3,3,4,3,4,4,4,4,4,积极响应业务需求和诉求,可以从业财融合视角，为了帮助业务成功，财务BP可以积极主动开展工作规划并充分跟业务共识,无,0.7,37,9,,财务,经营管理,
10045494,财务中心,光储FBP,,,,,执行层,下级,10044981,4,4,5,4,4,5,4,4,4,4,5,4,4,4,5,4,4,5,4,5,4,4,4,4,5,5,4,4,努力调动团队氛围，帮助他人成长,"1.将优秀的管理经验分享给员工，成为教练型管理者
2.风险控制专家，赋能下属的风险控制思维",无,0.7,37,9,,财务,经营管理,
10045494,财务中心,光储FBP,,,,,执行层,下级,10042226,4,5,5,5,5,5,5,5,5,4,5,5,5,4,5,5,5,5,5,4,5,5,5,5,5,5,4,5,"1、协调沟通能力强，针对跨部门困难与调整能有效沟通解决
2、专业领域知识强，能对业务领域遇到的各项问题定位，并给出初步意见建议","1、从“经营结果解释”向“动态前瞻性决策推演”进阶
2、从“财务规则传达者”向“业务-财务联合价值创造的设计师”转变",无,0.7,37,9,,财务,经营管理,
10045494,财务中心,光储FBP,,,,,执行层,下级,10040535,,,,,,,,,,,,,,,,,,,,,,,,,,,,,,,,0.7,37,9,,财务,经营管理,
10045494,财务中心,光储FBP,,,,,执行层,下级,10027038,4,5,4,3,4,4,4,3,4,5,4,4,4,3,3,3,4,4,4,3,4,4,3,4,4,4,4,4,经常鼓励员工，给予正面的回应，调动员工积极性,资源有限的情况下，组织人才梯队，能力建设需要考虑,无,0.7,37,9,,财务,经营管理,
10045494,财务中心,光储FBP,,,,,执行层,下级,10021383,3,4,4,4,4,5,5,4,5,5,5,4,4,4,4,4,3,4,4,4,5,4,4,5,5,4,5,5,专业水平高、为人做事坦诚,无,无,0.7,37,9,,财务,经营管理,
10045494,财务中心,光储FBP,,,,,执行层,下级,10021158,4,5,4,5,4,5,4,5,4,5,4,5,4,5,4,5,4,5,4,5,4,5,4,5,4,5,4,5,"关爱下属
擅长创新，使用新技术",无,无,0.7,37,9,,财务,经营管理,
10045494,财务中心,光储FBP,,,,,执行层,下级,10012270,5,4,4,4,4,4,4,5,5,4,4,5,3,4,3,4,5,4,5,4,5,5,5,4,4,5,5,5,"1. 尊重不同国家、种族的文化，结合对各地区差异的理解，形成合理的管理机制
2. 以结果为导向，并能够在过程中合理规划人力、时间、预算等各项资源，及时跟进落地情况，不断推动结果达成",1. 建议制定更详细的部门内部及跨部门的工作流程和沟通协作机制，促进工作高效开展,无,0.7,37,9,,财务,经营管理,
10045494,财务中心,光储FBP,,,,,执行层,上级,10017821,5,4,4,4,5,5,5,5,4,5,4,5,5,5,4,4,4,4,4,5,5,5,5,5,5,5,5,5,"1、在重点工作推进过程中，能身先士卒，不遥控指挥，与团队并肩作战，以此带动团队执行力与责任感；
2、有亲和力和良好的沟通能力，能快速融入团队，并建立相互信任关系，进一步促进团队的团结与稳定。","1、团队腰部力量薄弱，后续要加强培养，同时加强总部和区域间轮岗，完善梯队建设，打造一支专业、高效的国际化财务团队；
2、需进一步提升管理魄力，在关键事项上敢于拍板、及时决策。",需主动加强与各业务部门的沟通，通过高频、深度的信息交换打开工作思路，及时调整工作规划，从而更精准地支撑业务。,0.7,37,9,,财务,经营管理,
10044799,光储集团,营销体系,北美大区,ETS北美,光伏运维服务部,,执行层,自己,10044799,5,5,5,5,5,5,5,5,5,5,5,5,4,5,5,5,5,5,5,5,5,5,4,5,5,5,5,5,"关注细节
注重团队建设","多利用AI提升工作效率
多鼓励团队成员突破自身限制，走出舒适区",无,0.7,39,6,,营销,服务-服务技术,
10044799,光储集团,营销体系,北美大区,ETS北美,光伏运维服务部,,执行层,协同方,10040270,5,5,5,4,3,4,5,4,4,5,4,5,,,,,,,,4,4,4,5,4,5,5,5,5,"1. Strengthening Consistency in Feedback Delivery Across All Teams
During my interactions with Zhong Wang, particularly with the West Coast region technicians, he provided strong, constructive feedback that supported technician development and success. As an opportunity for improvement, continuing to ensure that this same level of detailed, timely feedback is consistently delivered across all teams and regions would further enhance overall performance and alignment.
2. Expanding Proactive Engagement with Field Teams
Zhong demonstrated effective engagement when directly involved with technicians, offering valuable insights and direction. Increasing proactive touchpoints with field teams—such as regular check-ins or structured feedback sessions—could further strengthen communication, reinforce expectations, and support ongoing technician growth.
3. Enhancing Visibility of Feedback Outcomes and Follow-Up
The feedback provided was meaningful and beneficial to the technicians. An additional opportunity is to further formalize follow-up on feedback provided, ensuring clear tracking of progress and outcomes. This would help reinforce accountability and demonstrate measurable improvements over time.","1. Enhancing Consistency in Feedback Across Teams
Zhong Wang provides strong, constructive feedback that supports technician success, particularly evident during interactions with the West Coast team. An opportunity for further growth is ensuring that this same level of detailed and timely feedback is consistently delivered across all regions and teams. Establishing standardized touchpoints or feedback frameworks may help drive alignment and consistency.
2. Increasing Proactive Engagement with Field Teams
Zhong demonstrates effective support when engaged with technicians. Expanding proactive engagement—such as scheduled check-ins or recurring field touchpoints—could further strengthen communication, reinforce expectations, and support continuous development across teams.
3. Formalizing Follow-Up and Tracking of Development Feedback
The feedback provided is valuable and impactful. An additional opportunity is to formalize follow-up on feedback given, including tracking progress and outcomes. Implementing a more structured approach to monitor improvements could enhance accountability and provide clearer visibility into team development.",keep committing to the techs in the field and give advice for them to be great and continuing to be safe and improving to become better ,0.7,39,6,,营销,服务-服务技术,
10044799,光储集团,营销体系,北美大区,ETS北美,光伏运维服务部,,执行层,协同方,10037934,4,4,5,5,4,5,5,5,4,4,4,4,,,,,,,,4,5,5,5,5,5,4,4,5,"ZHONG has performed exceptionally well in communication, ownership, and cross-functional coordination. He is able to understand the task requirements clearly, follow up on open items, and keep related stakeholders aligned. He is also very dependable when urgent support is needed and is willing to step in to help the team move things forward.

Another strength is his problem-solving mindset. When facing operational issues, he does not only focus on the immediate task, but also thinks about how to improve the process and prevent similar issues from happening again. This is something others can learn from.","One area for improvement is documentation and standardization. ZHONG is involved in many tasks and has a good understanding of the details, but it would be helpful to document key decisions, process changes, and lessons learned more consistently so the team can reference them later.

Another suggestion is to continue improving prioritization when multiple urgent tasks come up at the same time. Clearly separating high-priority items from routine follow-ups can help the team allocate resources more efficiently and reduce unnecessary delays.","Overall, ZHONG is a reliable and supportive team member. My suggestion is for him to continue building on his strengths in ownership and coordination, while also spending more effort on process documentation and knowledge sharing. This will help the broader team operate more efficiently and make it easier for others to follow the same standard.",0.7,39,6,,营销,服务-服务技术,
10044799,光储集团,营销体系,北美大区,ETS北美,光伏运维服务部,,执行层,协同方,10037039,,,,,,,,,,,,,,,,,,,,,,,,,,,,,,,,0.7,39,6,,营销,服务-服务技术,
10044799,光储集团,营销体系,北美大区,ETS北美,光伏运维服务部,,执行层,协同方,10032407,4,4,5,4,4,5,5,5,4,5,5,4,,,,,,,,5,5,5,4,5,4,5,5,4,"Sean has been here since October 25, I have very limited hands-on experience with him, but what I believe and seen, feel what I outlined is where I am currently on his performance overview. ","Sean has been here since October 25, I have very limited hands-on experience with him, but what I believe and seen, feel what I outlined is where I am currently on his performance overview. ","He is engaged and works with his team without any escalations or concerns from ServOps side or VM side, so I would say, nothing to add right now due to his limited tenure with Sungrow to date.",0.7,39,6,,营销,服务-服务技术,
10044799,光储集团,营销体系,北美大区,ETS北美,光伏运维服务部,,执行层,协同方,10028545,5,4,4,5,5,5,5,5,4,4,4,4,,,,,,,,4,5,5,5,5,5,5,4,4,He adjusted with service atmosphere quickly.,driving inter department team in more effective collaboration  way to resolve issues,N/A,0.7,39,6,,营销,服务-服务技术,
10044799,光储集团,营销体系,北美大区,ETS北美,光伏运维服务部,,执行层,协同方,10026234,5,5,5,5,5,5,5,5,5,5,5,5,,,,,,,,5,5,5,5,5,5,5,5,5,"我与王忠业务往来上更多的是团队管理和困难客服的交流，在这个过程中，我人为王忠有如下方面非常值得学习：
1. 发掘公司及团队管理中的纰漏，并针对性提出可执行的改善措施。
2. 善于判断工作主次重点，能够有效协调对应资源。
3. 注重团队协作，积极主动分享建议。",暂未发现明显的短板，因此无法提出有效建议。,无,0.7,39,6,,营销,服务-服务技术,
10044799,光储集团,营销体系,北美大区,ETS北美,光伏运维服务部,,执行层,协同方,10023298,4,4,5,4,3,4,5,4,4,4,4,4,,,,,,,,4,5,4,5,4,3,4,3,5,Cross department collaboration. Maintain same level of communication regardless of the stress or priority level. Encourage improvement.,Since he is relatively newer and our interactions do not happen on a daily basis it is difficult for me to answer this one.,no,0.7,39,6,,营销,服务-服务技术,
10044799,光储集团,营销体系,北美大区,ETS北美,光伏运维服务部,,执行层,协同方,10009045,4,4,4,4,3,4,5,4,3,4,3,3,,,,,,,,4,4,4,4,4,4,4,4,4,Need to work more with Sean to have good feedback.,Need to work more with Sean to have good feedback.,Need to work more with Sean to have good feedback.,0.7,39,6,,营销,服务-服务技术,
10044799,光储集团,营销体系,北美大区,ETS北美,光伏运维服务部,,执行层,下级,10033918,5,5,5,5,5,5,5,5,5,5,5,5,4,5,5,4,5,4,5,5,5,5,5,5,5,5,5,4,"communication
understand SG process for operations and service quickly and fully.
fully engage on CRM requirement and development",too busy to set up a development plan for departments,n/a,0.7,39,6,,营销,服务-服务技术,
10044799,光储集团,营销体系,北美大区,ETS北美,光伏运维服务部,,执行层,下级,10033434,5,4,5,5,5,5,5,5,4,5,5,5,5,5,5,4,5,5,5,4,4,5,5,5,5,5,5,5,"Zhong empowers the team to make the best decisions that benefits the company. 

Zhong also coaches us to align with Sungrows core values in decisions that are being made across the board","Zhong is still fairly new so he could improve on understanding all of the processes.

No other areas I can think of",No other suggestions at the moment,0.7,39,6,,营销,服务-服务技术,
10044799,光储集团,营销体系,北美大区,ETS北美,光伏运维服务部,,执行层,下级,10032303,5,5,5,5,4,5,5,5,5,4,4,4,3,5,3,4,4,4,4,3,4,5,4,4,5,5,5,4,need to learn the spirit to solve problems,can try to learn more technical details,no,0.7,39,6,,营销,服务-服务技术,
10044799,光储集团,营销体系,北美大区,ETS北美,光伏运维服务部,,执行层,下级,10029427,5,5,5,5,5,5,5,5,5,5,5,5,5,4,4,4,4,5,4,5,5,4,5,5,4,4,5,5,Sean since becoming manager over the PV has taken this job by storm and learned fast. he is very organized and has brought several great ways to keep us organized and figuring out ways to assist everyone in being able to get us assistance and track our outstanding tickets. ,Honestly Sean has been amazing and a huge assest. to me what he has done in such a short amount of time i have no suggestions. maybe in a few months will have something but as of right now he is such a great addition. ,"Nothing for now. appreciate all the hard work. 
",0.7,39,6,,营销,服务-服务技术,
10044799,光储集团,营销体系,北美大区,ETS北美,光伏运维服务部,,执行层,下级,10024029,4,5,4,5,5,5,5,4,4,4,5,5,4,5,4,5,5,3,4,5,4,5,4,5,5,4,5,5,"sean is very approachable and receptive to feedback.
always looking for ways to improve not only the individual but the team as a whole",learning more about sungrow as he has only been here a short time but he is constantly asking questions and gaining knowledge of people that have been here longer ,i do not have any suggestions for improvement,0.7,39,6,,营销,服务-服务技术,
10044799,光储集团,营销体系,北美大区,ETS北美,光伏运维服务部,,执行层,下级,10021434,4,5,5,4,4,4,3,4,4,5,4,4,3,4,4,5,4,4,4,3,4,3,4,5,4,4,5,5,"Empowered subordinates to run their teams.
Understands the differences in geographic regions and the challenges this can pose. ",Zhong Wang is relatively new to Sungrow.  However he continues to learn quickly the organization and facilitates process and communication where needed.  ,Continue to provide quick responses and foster a culture of open communication.,0.7,39,6,,营销,服务-服务技术,
10044799,光储集团,营销体系,北美大区,ETS北美,光伏运维服务部,,执行层,上级,10005690,4,5,4,4,4,5,4,4,4,4,4,3,4,4,4,5,5,5,5,3,4,4,4,4,3,3,5,4,"1. 情绪稳定，不会被爆发式增长的问题或者客户的投诉导致自己失去耐心
2. 数据驱动，梳理运营的数据，确保人员表现是看得到的且准确的；","短期深耕光伏服务组织的建设；
中期扩展光储服务组织的建设；
长期覆盖北美服务组织的整体建设；
需核心补足的能力短板：组织理解，技术提升","1. 适当提升管理的松紧度，不必优柔寡断：不必过于担心清理不合格人员带来的短期阵痛，组织的韧性足以应对不合格人员的流失带来的短期人力不足；
2. 现在更多的是依赖组织赋予的权利，还需提升个人影响力，多维度的动作以达成此目的：技术能力提升-听得懂也能深刻理解团队成员的工作；深入一线-看得透团队和组织真正存在的问题，电脑面前看到的都是数字的结果，只有深入一线才能看得明白真实的问题；",0.7,39,6,,营销,服务-服务技术,
10044523,光储集团,营销体系,欧洲大区,南欧、英国、爱尔兰,英国&爱尔兰,,执行层,自己,10044523,5,4,4,5,4,5,5,4,4,5,4,4,3,3,4,4,5,4,5,4,4,5,4,5,5,3,5,5,"1. Clear sales cycle & undersatnding
2.Mentorship
3. Commercial awareness of business needs across al BU's",1. Be more affiliative  & not Directional,None,0.8,56,5,,营销,商务销售,B
10044523,光储集团,营销体系,欧洲大区,南欧、英国、爱尔兰,英国&爱尔兰,,执行层,协同方,10040666,3,3,4,2,2,3,4,3,4,3,4,2,,,,,,,,4,2,2,2,4,4,4,2,5,straight forward approach,share more knowledge of ESS in the region,integrate more in south europe business,0.8,56,5,,营销,商务销售,B
10044523,光储集团,营销体系,欧洲大区,南欧、英国、爱尔兰,英国&爱尔兰,,执行层,协同方,10031765,,,,,,,,,,,,,,,,,,,,,,,,,,,,,,,,0.8,56,5,,营销,商务销售,B
10044523,光储集团,营销体系,欧洲大区,南欧、英国、爱尔兰,英国&爱尔兰,,执行层,协同方,10031645,4,4,5,4,4,4,4,4,4,4,3,3,,,,,,,,4,4,5,4,4,4,4,4,4,Distribution management,NA,NA,0.8,56,5,,营销,商务销售,B
10044523,光储集团,营销体系,欧洲大区,南欧、英国、爱尔兰,英国&爱尔兰,,执行层,协同方,10029806,4,4,5,4,4,4,4,3,3,4,4,3,,,,,,,,4,3,4,4,3,4,4,3,4,"He demonstrates real leadership and collaboration skills by successfully establishing cross-departmental cooperation and improving communication between teams where limited interaction previously existed.
He demonstrates strong commercial and cost awareness by fostering a more business-oriented mindset within the local team and encouraging greater consideration of financial and operational impact in decision-making.","He could further strengthen team management by taking a more proactive approach in addressing and minimizing rumors or informal gossip within the team, to keep helping to promote a more transparent and constructive working environment.
He would benefit from becoming more comfortable addressing difficult conversations and providing constructive or negative feedback when needed in 1:1 discussions.","One additional suggestion would be to continue working on maintaining the right balance between being approachable and keeping professional boundaries, while strengthening follow-up and team accountability when needed.",0.8,56,5,,营销,商务销售,B
10044523,光储集团,营销体系,欧洲大区,南欧、英国、爱尔兰,英国&爱尔兰,,执行层,协同方,10017371,5,4,5,4,4,4,5,5,5,5,4,4,,,,,,,,4,5,5,5,5,4,5,5,5,/,/,/,0.8,56,5,,营销,商务销售,B
10044523,光储集团,营销体系,欧洲大区,南欧、英国、爱尔兰,英国&爱尔兰,,执行层,协同方,10017011,,,,,,,,,,,,,,,,,,,,,,,,,,,,,,,,0.8,56,5,,营销,商务销售,B
10044523,光储集团,营销体系,欧洲大区,南欧、英国、爱尔兰,英国&爱尔兰,,执行层,协同方,10016521,3,3,3,3,3,4,4,4,3,4,4,3,,,,,,,,3,4,3,3,3,4,3,3,3,Help team to distribute resource,Help team to execute actual task to completion,Get actual projects and customer tasks completed,0.8,56,5,,营销,商务销售,B
10001344,制造体系,制造技术中心,自动化,自动化开发部,,,执行层,上级,10020262,4,5,5,4,4,5,4,5,4,4,4,4,4,4,4,3,4,4,3,4,4,5,4,5,4,4,5,5,能够合理利用人员的特点，安排工作并有效跟踪，指导和反馈。,在关键时候的任务支持、指导方面，需要加强，特别是现场出现难题时，需要现场给予员工支持。,无,15.4,41,7,,生产,自动化,A
10001344,制造体系,制造技术中心,自动化,自动化开发部,,,执行层,下级,10016188,4,5,5,4,4,5,5,5,5,5,4,4,5,4,4,5,5,5,4,4,3,5,3,5,4,4,5,5,持续学习，遇到一些好的自动化方面素材及时分享。决策的事项按时开展。,无,无,15.4,41,7,,生产,自动化,A
10001344,制造体系,制造技术中心,自动化,自动化开发部,,,执行层,下级,10019507,4,4,5,4,4,3,4,4,4,5,4,4,3,3,5,5,5,5,4,4,5,5,5,5,5,4,5,5,能够倾听下属的建议,根据部门目标，制定部门内部及跨部门的工作流程和沟通协作机制促进工作高效开展,梳理部门成员能力现状，合理规划人才队伍，建立人才梯队。,15.4,41,7,,生产,自动化,A
10001344,制造体系,制造技术中心,自动化,自动化开发部,,,执行层,下级,10021312,5,4,5,5,4,4,5,5,4,5,5,4,4,4,5,5,4,5,4,5,5,4,4,5,4,5,5,5,"1、思维严谨，追求完美，
2、主动关注下属工作中的问题，并协助推进。","1、适当关注员工的思想状态
2、工作之外，要注意休息",无,15.4,41,7,,生产,自动化,A
10001344,制造体系,制造技术中心,自动化,自动化开发部,,,执行层,下级,10021541,5,5,4,4,4,4,3,3,4,4,4,4,4,3,4,4,4,4,4,4,4,4,4,4,4,4,4,5,能够及时反思自己在业务以及管理工作中的不足并及时改正。对待每位员工的工作评价都十分公正。,对于AI、先进的数字化技术等新技术的学习不足，国际化视野拓宽不足。希望今后可以多渠道领略新技术、扩展国际化视野。,暂无,15.4,41,7,,生产,自动化,A
10001344,制造体系,制造技术中心,自动化,自动化开发部,,,执行层,下级,10024146,5,5,5,4,4,4,5,5,4,5,5,4,4,3,5,5,4,4,4,4,5,4,5,5,4,5,5,5,工作作风严谨，深耕设备开发技术，工作中以身作则，能影响组织健康发展，纪律要求严格。,1、与下属交流较为严谨，不苟言笑，建议多增加亲和力，便于员工表达心声，从而推动工作。,1、带动团队成员进行技术研讨、体育类活动。,15.4,41,7,,生产,自动化,A
10001344,制造体系,制造技术中心,自动化,自动化开发部,,,执行层,下级,10029347,4,4,4,3,3,2,4,3,2,4,4,4,4,3,3,3,3,3,4,3,3,4,4,4,3,4,5,5,组织管理有序，能激发员工工作潜力,能积极听取员工困难，提出可落地的执行建议,多些鼓励，少些指责,15.4,41,7,,生产,自动化,A
10001344,制造体系,制造技术中心,自动化,自动化开发部,,,执行层,下级,10032256,5,4,5,4,5,3,4,5,5,5,5,5,5,4,5,5,4,5,4,5,5,4,5,5,5,5,4,5,"1.工作中严格要求自己，每次都能按高标准完成工作，带动下面的兄弟们一起打胜仗
2.对员工有错误就指出，不遮掩，性情直率，同事们都对陈经理很敬佩。",建议加强和底层员工的交流，多听取底层员工的心声，提升组织凝聚力。,建议陈经理多开会鼓励大家，平时大家工作都忙，心情较压抑，需要领导对大家多认可、多加油打气。,15.4,41,7,,生产,自动化,A
10001344,制造体系,制造技术中心,自动化,自动化开发部,,,执行层,协同方,10000673,4,5,4,5,4,4,4,4,4,5,3,4,,,,,,,,4,5,4,3,4,5,5,5,5,主动不推诿，先推动问题解决，载复盘流程优化；,/,/,15.4,41,7,,生产,自动化,A
10001344,制造体系,制造技术中心,自动化,自动化开发部,,,执行层,协同方,10006060,4,4,4,4,4,4,3,4,3,5,4,4,,,,,,,,4,4,5,4,4,4,4,4,5,严于律己，带头做事,加强沟通能力，参与跨部门项目时，提前明确各方职责、目标与时间节点，建立定期同步机制；,了解更多工艺知识，增加和工艺合作,15.4,41,7,,生产,自动化,A
10001344,制造体系,制造技术中心,自动化,自动化开发部,,,执行层,协同方,10013789,4,4,4,4,3,3,4,3,3,3,3,4,,,,,,,,3,4,4,5,5,4,5,2,5,踏实，聚焦解决问题,可以增加跨部门沟通，聚焦解决现场问题；,无,15.4,41,7,,生产,自动化,A
10001344,制造体系,制造技术中心,自动化,自动化开发部,,,执行层,协同方,10017158,5,5,4,5,4,4,4,4,4,4,4,4,,,,,,,,5,4,5,4,5,5,4,5,5,"1、能够较好理解公司及部门重点方向，并将年度目标拆解为具体工作事项，在推进过程中关注资源协调、风险识别和结果闭环，具备较强的目标牵引意识；
2、在跨部门协同中能够主动承担责任，遇到复杂问题时不回避、不推诿，能够协调相关资源推动问题解决，保障重点工作持续推进；
3、面对压力和变化时整体比较稳健，能够保持清晰判断和稳定节奏，同时兼顾团队情绪和工作推进，体现出较好的大局意识和责任担当。","1、建议进一步加强前瞻性业务洞察。 在推进现有重点工作的基础上，可更多结合行业趋势、外部标杆和内部痛点，提前识别潜在风险与机会，进一步提升策略规划的前瞻性；
2、建议进一步强化创新机制建设。 除了推动具体问题解决外，可在团队内部建立更系统的创新激励和经验复盘机制，让好的想法能够被持续发现、验证和复制推广。",建议继续保持稳健务实、主动担当的工作风格，在重点工作推进中进一步加强战略牵引、机制建设和人才带动作用。后续可更多从部门长期能力建设角度出发，将个人经验、项目方法和管理机制沉淀下来，进一步提升团队整体作战能力和组织贡献度。,15.4,41,7,,生产,自动化,A
10001344,制造体系,制造技术中心,自动化,自动化开发部,,,执行层,自己,10001344,4,5,5,5,4,4,4,4,5,4,5,4,4,4,5,4,4,5,3,4,5,5,4,5,3,5,5,5,无,无,无,15.4,41,7,,生产,自动化,A
10044523,光储集团,营销体系,欧洲大区,南欧、英国、爱尔兰,英国&爱尔兰,,执行层,协同方,10014933,2,2,2,1,1,1,1,1,1,1,1,1,,,,,,,,1,1,1,1,1,2,1,2,2,Friendly and approachable,"Learn Sungrow culture, stay open and inclusive, understand the business and engage in it, and truly accomplish tangible results rather than just saying empty words","Learn Sungrow culture, stay open and inclusive, understand the business and engage in it, and focus on delivering tangible results rather than empty words",0.8,56,5,,营销,商务销售,B
10044523,光储集团,营销体系,欧洲大区,南欧、英国、爱尔兰,英国&爱尔兰,,执行层,协同方,10010934,,,,,,,,,,,,,,,,,,,,,,,,,,,,,,,,0.8,56,5,,营销,商务销售,B
10044523,光储集团,营销体系,欧洲大区,南欧、英国、爱尔兰,英国&爱尔兰,,执行层,协同方,10009767,4,4,4,4,4,3,4,4,3,3,5,4,,,,,,,,3,3,3,5,3,3,4,5,4,No comment,No comment,No comment,0.8,56,5,,营销,商务销售,B
10044523,光储集团,营销体系,欧洲大区,南欧、英国、爱尔兰,英国&爱尔兰,,执行层,协同方,10007913,3,3,3,4,4,3,4,4,3,4,4,3,,,,,,,,4,3,5,4,4,4,5,4,5,Customer mindset,Internal collaboration,No comment,0.8,56,5,,营销,商务销售,B
10044523,光储集团,营销体系,欧洲大区,南欧、英国、爱尔兰,英国&爱尔兰,,执行层,协同方,10007708,5,4,4,4,4,5,5,4,5,4,4,4,,,,,,,,5,4,4,4,4,5,4,4,5,Enthusiastic and proactive at work,"The UK PV market has remained relatively stable, and with Huawei’s repeated changes, we have an opportunity to expand market share",No comment,0.8,56,5,,营销,商务销售,B
10044523,光储集团,营销体系,欧洲大区,南欧、英国、爱尔兰,英国&爱尔兰,,执行层,下级,10047441,5,5,5,5,5,5,5,5,5,5,5,5,5,4,5,4,5,5,5,5,5,5,5,5,5,5,5,5,Having good insight in to the market and has good vision and startegy.,Product capabilities could be improved on.,None,0.8,56,5,,营销,商务销售,B
10044523,光储集团,营销体系,欧洲大区,南欧、英国、爱尔兰,英国&爱尔兰,,执行层,下级,10044345,4,4,4,4,3,4,4,4,3,4,4,4,4,3,3,4,4,4,4,4,5,4,5,4,5,5,3,4,"Excellent cross-team collaboration
Strong ownership mindset",Delegate tasks more effectively,No suggestions in particular - he's working in a very professional manner,0.8,56,5,,营销,商务销售,B
10044523,光储集团,营销体系,欧洲大区,南欧、英国、爱尔兰,英国&爱尔兰,,执行层,下级,10042833,5,5,5,5,5,5,4,5,5,4,5,4,3,4,5,5,5,5,3,5,5,5,5,5,5,4,5,5,"-Building relationships
- Communication with the team
- He's present within the office and approachable","- Regular feedback to those who are high performers, positive and developmental so people feel heard, may prevent influx of resignations happening.
- More management meetings so leaders can be in a room together more often to discuss overview of business",Maybe introduce surveys?,0.8,56,5,,营销,商务销售,B
10044523,光储集团,营销体系,欧洲大区,南欧、英国、爱尔兰,英国&爱尔兰,,执行层,下级,10040318,5,5,5,4,4,5,5,5,5,5,4,4,4,5,4,3,5,5,4,4,5,5,5,5,5,4,4,5,"Introducing business focus a reporting rigour.
Pulling the entire UK team together, as a customer focussed unit.
Enabling and encouraging individual problem solving.",None. A rounded individual and manager who clearly knows what he's doing.,Keep going in the same direction. Help us secure more head count where needed to support the ever growing UK business.,0.8,56,5,,营销,商务销售,B
10044523,光储集团,营销体系,欧洲大区,南欧、英国、爱尔兰,英国&爱尔兰,,执行层,下级,10037802,,,,,,,,,,,,,,,,,,,,,,,,,,,,,,,,0.8,56,5,,营销,商务销售,B
10044523,光储集团,营销体系,欧洲大区,南欧、英国、爱尔兰,英国&爱尔兰,,执行层,下级,10031897,4,4,4,4,3,4,4,4,2,4,4,3,3,3,3,2,4,3,3,3,4,5,3,5,5,5,5,5,"Leo has demonstrates a high level of professionalism, maintains a neutral and objective approach, and instils strong confidence across the team.","Improve cross-departmental coordination to promote alignment and harmony, and strengthen handover/takeover processes across teams throughout the project lifecycle.",NO,0.8,56,5,,营销,商务销售,B
10044523,光储集团,营销体系,欧洲大区,南欧、英国、爱尔兰,英国&爱尔兰,,执行层,下级,10027577,,,,,,,,,,,,,,,,,,,,,,,,,,,,,,,,0.8,56,5,,营销,商务销售,B
10044523,光储集团,营销体系,欧洲大区,南欧、英国、爱尔兰,英国&爱尔兰,,执行层,下级,10013143,3,3,3,3,3,4,2,3,3,3,3,3,2,2,4,3,2,2,1,4,3,2,2,3,3,3,3,2,He is good at making arrangements in the office and getting everyone what they need. ,"I think Leo could provide feedbacks on tasks to the team members more in time, to help team members to improve more efficiently. If you do a job and don't know if it's good or bad, it's hard to guess and learn from it. ",more actively involved in team building events to unite the whole team. ,0.8,56,5,,营销,商务销售,B
10044523,光储集团,营销体系,欧洲大区,南欧、英国、爱尔兰,英国&爱尔兰,,执行层,上级,10009470,3,4,4,4,4,3,5,5,3,4,4,4,3,4,4,5,4,5,5,5,5,4,3,3,4,5,4,4,Came in a difficult situation of the team creating unity,"Distribution business needs to improve, cohesion in the team, working in the goships of the team","Difficult situation but step by step recovering, distribution business and C&I storage needs to improve, pay attention to cross regional ",0.8,56,5,,营销,商务销售,B
10044353,光储集团,充电事业部,国内销售部,行业大客户组,,,执行层,自己,10044353,5,4,4,5,5,5,5,5,5,4,5,5,4,4,4,5,5,4,5,5,5,5,4,5,5,4,5,5,创新力强，市场洞察能力强、性格直率,重点市场新兴市场开拓，与跨部门联动，长期主义,建议保持学习,0.8,32,7,,营销,商务销售,B+
10044353,光储集团,充电事业部,国内销售部,行业大客户组,,,执行层,协同方,10044107,5,4,4,5,5,4,4,4,4,5,5,4,,,,,,,,4,4,4,4,4,4,4,4,5,客户导向，积极努力推进订单达成,对产品利润需重点考虑,全面看到市场,0.8,32,7,,营销,商务销售,B+
10044353,光储集团,充电事业部,国内销售部,行业大客户组,,,执行层,协同方,10043213,3,3,3,3,3,4,3,4,3,4,3,4,,,,,,,,3,4,5,3,4,4,4,4,4,组织变更，未产生过多工作交集,组织变更，未产生过多工作交集,组织变更，未产生过多工作交集,0.8,32,7,,营销,商务销售,B+
10044353,光储集团,充电事业部,国内销售部,行业大客户组,,,执行层,协同方,10041712,4,4,4,5,4,5,5,5,4,4,4,4,,,,,,,,3,3,3,4,4,3,3,3,4,无,无,无,0.8,32,7,,营销,商务销售,B+
10044353,光储集团,充电事业部,国内销售部,行业大客户组,,,执行层,协同方,10037538,5,4,5,4,5,4,5,4,5,5,4,5,,,,,,,,4,5,5,4,4,5,4,5,4,善于整合资源，行业洞察力强。,多帮助他人。,无,0.8,32,7,,营销,商务销售,B+
10044353,光储集团,充电事业部,国内销售部,行业大客户组,,,执行层,协同方,10034647,5,5,5,5,5,5,5,5,5,5,5,5,,,,,,,,5,5,5,5,5,5,5,5,5,.,.,.,0.8,32,7,,营销,商务销售,B+
10044353,光储集团,充电事业部,国内销售部,行业大客户组,,,执行层,协同方,10020583,5,4,5,4,5,3,5,5,5,5,5,5,,,,,,,,4,4,5,4,4,4,4,4,5,"1、行业经验丰富，市场洞察细致，能给出建设性建议；
2、行业大客户资源丰富，能持续性引入新的大客户合作。","1、长期稳定的大客户订单是目前国内充电业务缺少的，这块要靠大客户组继续深耕；
2、同服务侧共同制定针对不同客户等级的服务SLA。
",暂无,0.8,32,7,,营销,商务销售,B+
10044353,光储集团,充电事业部,国内销售部,行业大客户组,,,执行层,协同方,10014051,4,5,5,3,4,3,5,5,5,5,5,5,,,,,,,,4,4,5,5,5,5,5,5,5,主动推动跨部门协同与流程优化,加强团队管理,喝酒之后要保持清醒，不能言语过激,0.8,32,7,,营销,商务销售,B+
10044353,光储集团,充电事业部,国内销售部,行业大客户组,,,执行层,协同方,10017824,3,1,1,2,2,1,2,1,1,2,3,1,,,,,,,,1,2,1,2,1,1,1,2,2,"在友商有四五年的行业经验；
有一定的客户资源；
说服能力强，在事业部高层中有较强的说服力","树立品牌意识，建立财务思维，提高自身及整个团队的商务谈判能力，不能一味追求低价，牺牲公司利润；
严禁过度承诺，提升风险意识；
尽快融入公司文化，主动倾听，换位思考，敢于接受批评和质疑，勇于自我改变，减少部门内外协同中的矛盾。",建立经营意识和长期主义，坚持做难而正确的事！,0.8,32,7,,营销,商务销售,B+
10044353,光储集团,充电事业部,国内销售部,行业大客户组,,,执行层,协同方,10017245,5,5,5,4,5,5,4,5,4,4,5,5,,,,,,,,4,5,4,5,4,5,4,5,4,专业,无,无,0.8,32,7,,营销,商务销售,B+
10044353,光储集团,充电事业部,国内销售部,行业大客户组,,,执行层,协同方,10011707,4,4,3,3,3,3,1,2,3,3,3,4,,,,,,,,3,4,4,4,4,4,5,5,5,对重卡市场和客户需求理解很深,做大做强重卡市场份额,无,0.8,32,7,,营销,商务销售,B+
10001408,阳光水面光伏,财务/销管/市场,市场部,,,,执行层,上级,10000044,3,4,4,3,4,4,4,4,3,4,4,3,4,4,4,4,4,4,4,5,5,4,4,4,4,4,4,4,做事细致，认真负责，执行力强,创新力，如何利用Ai提效,无,15.2,45,3,,营销,市场,B+
10001408,阳光水面光伏,财务/销管/市场,市场部,,,,执行层,下级,10011317,5,5,5,5,5,5,4,5,5,5,5,5,5,5,5,4,5,5,5,4,5,4,4,5,4,5,5,5,积极拥抱AI与数字化；熟练掌握各项关键工作进度明给予有效指导,无,无,15.2,45,3,,营销,市场,B+
10001408,阳光水面光伏,财务/销管/市场,市场部,,,,执行层,下级,10012501,5,4,5,4,5,5,4,5,5,5,5,5,5,4,4,4,4,5,5,5,5,5,5,5,5,5,5,5,"1.积极听取下属建议，并能给予合理化沟通反馈
2.很好的维护内外部客户“客情关系”，有利于项目工作推进",无,无,15.2,45,3,,营销,市场,B+
10001408,阳光水面光伏,财务/销管/市场,市场部,,,,执行层,下级,10020927,5,5,5,5,5,5,5,5,5,5,5,5,5,5,5,5,5,5,5,5,5,5,5,5,5,5,5,5,积极负责 保持创新,暂无,暂无,15.2,45,3,,营销,市场,B+
10001408,阳光水面光伏,财务/销管/市场,市场部,,,,执行层,协同方,10009303,4,4,4,5,5,4,5,5,5,5,5,4,,,,,,,,5,4,4,5,5,4,4,5,4,任务执行很高效，积极推动工作任务,市场宣传的创新，进一步洞察市场趋势,无,15.2,45,3,,营销,市场,B+
10001408,阳光水面光伏,财务/销管/市场,市场部,,,,执行层,协同方,10009958,3,3,3,3,3,3,4,4,4,4,4,4,,,,,,,,4,4,4,4,4,4,4,5,5,"倾听协同部门的意见，采取措施积极响应；
待人亲和，合作氛围好；",可尝试更多参与一线需求，加强自身对业务的理解，从而推动所负责领域工作创新,暂无,15.2,45,3,,营销,市场,B+
10001408,阳光水面光伏,财务/销管/市场,市场部,,,,执行层,协同方,10010020,4,4,4,4,4,4,4,5,4,5,4,4,,,,,,,,4,4,4,4,4,4,4,4,4,认真仔细,创意,暂无,15.2,45,3,,营销,市场,B+
10001408,阳光水面光伏,财务/销管/市场,市场部,,,,执行层,协同方,10010556,4,3,3,3,3,3,3,3,3,3,3,3,,,,,,,,3,3,3,3,3,3,3,3,3,主动沟通，积极推进,优化工作模式，减少工作工作量,无,15.2,45,3,,营销,市场,B+
10001408,阳光水面光伏,财务/销管/市场,市场部,,,,执行层,协同方,10013097,4,4,4,4,4,4,3,5,4,4,5,4,,,,,,,,4,5,4,4,5,5,5,5,5,做事有耐心,提高对公司业务的理解,无,15.2,45,3,,营销,市场,B+
10001408,阳光水面光伏,财务/销管/市场,市场部,,,,执行层,协同方,10013418,5,5,4,5,5,5,5,4,5,5,5,5,,,,,,,,5,4,5,5,5,5,5,5,5,"照顾员工情绪
做事注重细节",无,无,15.2,45,3,,营销,市场,B+
10001408,阳光水面光伏,财务/销管/市场,市场部,,,,执行层,协同方,10019716,4,4,4,4,4,4,4,3,5,4,4,3,,,,,,,,4,4,4,3,4,3,4,4,4,"1-对下属有耐心，可以根据下属情况进行辅导；
2-可以和横向部门进行较好的沟通和协调；","推动部门氛围更加开放，加强和横向部门的交流；
进一步创新工作方法，提升部门工作效能；",无,15.2,45,3,,营销,市场,B+
10001408,阳光水面光伏,财务/销管/市场,市场部,,,,执行层,协同方,10020874,5,4,4,5,4,5,4,4,5,3,5,5,,,,,,,,5,4,5,4,5,4,5,5,5,工作积极，有效协同,建议市场宣传频次再加强，加大宣传力度，内容再详实一些,同上,15.2,45,3,,营销,市场,B+
10001408,阳光水面光伏,财务/销管/市场,市场部,,,,执行层,自己,10001408,5,5,5,5,5,5,5,4,5,5,5,5,5,5,5,4,5,5,5,5,5,5,5,5,5,5,5,5,以身作则，及时辅导。,暂无,暂无,15.2,45,3,,营销,市场,B+
10044353,光储集团,充电事业部,国内销售部,行业大客户组,,,执行层,协同方,10000638,5,5,4,4,4,4,5,5,4,4,5,5,,,,,,,,5,4,4,4,5,5,5,5,5,无,无,无,0.8,32,7,,营销,商务销售,B+
10044353,光储集团,充电事业部,国内销售部,行业大客户组,,,执行层,下级,10046406,5,5,4,4,4,4,4,5,5,4,4,5,4,4,5,5,5,4,4,5,5,4,5,4,5,4,4,5,"1.自信，充满自信精神，敢于表达；
2.敢冲，面对挑战，敢于去挑战。","1.增强全面管理意识；
2.增强风险意识；",暂无,0.8,32,7,,营销,商务销售,B+
10044353,光储集团,充电事业部,国内销售部,行业大客户组,,,执行层,下级,10045931,5,5,5,5,4,4,5,4,5,5,5,5,4,4,5,5,5,4,5,5,5,5,5,4,5,5,5,5,"1.项目思路清晰，项目落地成功率高
2.因材施教，使团队成员认清自己努力的方向，并在短期内得到成果
3.学习能力极强",-,-,0.8,32,7,,营销,商务销售,B+
10044353,光储集团,充电事业部,国内销售部,行业大客户组,,,执行层,下级,10036488,4,5,4,4,4,4,5,4,5,5,5,5,3,3,3,3,4,2,4,4,4,4,4,4,4,4,4,5,学习能力极强、专业知识过硬、有大局观、为人善良正直,可以适当考虑下属的发展空间；,为人正直、有上进心的好领导；希望可以适时多听取他人建议,0.8,32,7,,营销,商务销售,B+
10044353,光储集团,充电事业部,国内销售部,行业大客户组,,,执行层,下级,10032974,,,,,,,,,,,,,,,,,,,,,,,,,,,,,,,,0.8,32,7,,营销,商务销售,B+
10044353,光储集团,充电事业部,国内销售部,行业大客户组,,,执行层,上级,10046425,4,3,4,4,4,3,5,4,5,4,3,4,4,4,5,4,4,4,5,5,5,4,4,4,4,3,3,3,行业经验丰富，敢冲敢干。,需要加强团队管理能力，内部沟通能力和风险控制意识。,无,0.8,32,7,,营销,商务销售,B+
10044107,光储集团,充电事业部,产品中心,产品线,,,执行层,自己,10044107,5,5,5,5,5,4,4,5,5,5,5,4,3,4,4,4,4,5,4,5,4,5,5,5,4,4,5,5,"遇到市场问题，能够直接与客户，销售对接，快速响应来解决问题
遇到跨部门问题，积极主动，拉通各部门来沟通，决策，解决问题","1、对公司流程的理解
2、对海外市场的进一步了解",英语学习,0.9,38,32,,产品与研发,产品,A
10044107,光储集团,充电事业部,产品中心,产品线,,,执行层,协同方,10047280,5,5,5,5,5,5,4,4,4,5,5,5,,,,,,,,5,5,5,5,5,5,5,5,5,遇到问题积极解决，并且提供帮助,暂无,暂无,0.9,38,32,,产品与研发,产品,A
10044107,光储集团,充电事业部,产品中心,产品线,,,执行层,协同方,10046425,4,5,4,5,4,5,4,5,4,5,4,5,,,,,,,,4,5,4,5,4,5,4,5,4,工作踏实、负责，沟通能力强。,无,无,0.9,38,32,,产品与研发,产品,A
10044107,光储集团,充电事业部,产品中心,产品线,,,执行层,协同方,10043707,3,4,4,4,4,3,4,4,4,4,4,4,,,,,,,,4,4,4,4,4,4,4,4,4,Na,Na,Na,0.9,38,32,,产品与研发,产品,A
10044107,光储集团,充电事业部,产品中心,产品线,,,执行层,协同方,10042234,5,5,5,5,4,2,3,3,4,3,3,3,,,,,,,,3,3,4,2,3,3,3,3,4,快速协调资源,无,无,0.9,38,32,,产品与研发,产品,A
10044107,光储集团,充电事业部,产品中心,产品线,,,执行层,协同方,10027134,,,,,,,,,,,,,,,,,,,,,,,,,,,,,,,,0.9,38,32,,产品与研发,产品,A
10044107,光储集团,充电事业部,产品中心,产品线,,,执行层,协同方,10026902,5,5,5,5,4,4,4,4,5,5,5,4,,,,,,,,5,4,4,4,4,5,5,5,5,"1.做事果断，顾全大局：项目优先级时，果断根据产品项目上市需求排序调整资源
2.思路敏捷，方案有效：针对困难问题，能够给出有效的解决方案",技术、产品,无,0.9,38,32,,产品与研发,产品,A
10044107,光储集团,充电事业部,产品中心,产品线,,,执行层,协同方,10022047,4,3,4,3,3,4,2,4,3,4,3,3,,,,,,,,3,3,3,3,5,5,5,4,5,专业能力强，积极主动担当,拓展国家化视野,暂无,0.9,38,32,,产品与研发,产品,A
10044107,光储集团,充电事业部,产品中心,产品线,,,执行层,协同方,10014592,5,4,4,4,3,3,3,4,5,5,5,5,,,,,,,,4,4,3,3,5,4,4,5,5,乐观开放，行事果断，敏捷,无,无,0.9,38,32,,产品与研发,产品,A
10044107,光储集团,充电事业部,产品中心,产品线,,,执行层,协同方,10009809,,,,,,,,,,,,,,,,,,,,,,,,,,,,,,,,0.9,38,32,,产品与研发,产品,A
10044107,光储集团,充电事业部,产品中心,产品线,,,执行层,协同方,10001894,4,4,4,4,4,4,3,4,4,5,5,4,,,,,,,,4,4,4,4,4,3,4,4,4,抗压能力强,无,无,0.9,38,32,,产品与研发,产品,A
10044107,光储集团,充电事业部,产品中心,产品线,,,执行层,下级,10047511,3,5,4,4,3,5,4,5,5,5,5,5,5,3,3,4,4,3,4,5,5,5,5,5,5,5,5,5,"躬身入局，
以结果为导向",暂时没有,暂时没有,0.9,38,32,,产品与研发,产品,A
10044107,光储集团,充电事业部,产品中心,产品线,,,执行层,下级,10047431,5,5,5,5,5,4,5,5,5,4,5,5,5,5,5,4,5,5,5,4,5,5,5,5,4,5,5,5,在部门内营造良好的学习氛围，结合部门需求与员工的发展意愿，为团队成员提供多样的学习和挑战机会；积极倾听部门成员的创新想法，建立激励机制，奖励成功实施创新想法的个人或团队，同时认可那些虽未成功但勇于尝试的创新行为,希望邓总更加积极参与公司数字化项目，助力公司数字化变革成功,无,0.9,38,32,,产品与研发,产品,A
10001431,阳光氢能,品管/测试,,,,,执行层,上级,10011587,5,5,5,5,5,4,4,5,5,5,5,5,4,4,5,5,5,4,5,5,5,5,5,5,5,5,5,5,1.善于思考；2.主动担当,1.产品知识；2.质量专业能力,无,15.2,42,2,,采购,采购交付,B+
10001431,阳光氢能,品管/测试,,,,,执行层,下级,10004876,3,4,4,4,4,4,3,4,5,4,4,4,3,3,4,4,5,4,4,5,4,5,4,4,5,5,5,5,对待团队成员有包容的心态，目标性强,暂无,暂无,15.2,42,2,,采购,采购交付,B+
10001431,阳光氢能,品管/测试,,,,,执行层,下级,10010348,4,5,5,5,5,5,5,5,5,5,5,5,5,5,5,5,5,5,5,5,5,5,5,5,5,5,5,5,客观严谨，坚持原则。可以主动激发下属思考学习。,暂无,暂无,15.2,42,2,,采购,采购交付,B+
10001431,阳光氢能,品管/测试,,,,,执行层,下级,10030782,4,4,4,4,4,4,3,4,4,5,4,4,3,3,4,4,4,4,5,4,4,4,4,4,5,5,5,5,"1. 温和而有力的沟通方式；
2. 奉献精神，哪里需要哪里搬，适应能力强","1. 提升对风险把控的敏锐度和及时采取消除或降低措施；
2. 提升外语能力",无,15.2,42,2,,采购,采购交付,B+
10001431,阳光氢能,品管/测试,,,,,执行层,协同方,10000473,4,3,5,5,5,5,5,4,3,3,3,4,,,,,,,,4,3,3,3,5,3,4,5,5,能积极响应内外部客户的需求,需要针对发生问题，给出有效的解决方案,无,15.2,42,2,,采购,采购交付,B+
10001431,阳光氢能,品管/测试,,,,,执行层,协同方,10000645,4,4,4,4,4,4,4,4,5,4,4,4,,,,,,,,5,4,4,4,4,4,5,5,4,工作交集不多，无法评价,工作交集不多，无法评价,工作交集不多，无法评价,15.2,42,2,,采购,采购交付,B+
10001431,阳光氢能,品管/测试,,,,,执行层,协同方,10000731,4,4,5,4,4,4,3,4,4,4,4,4,,,,,,,,3,3,5,5,4,4,5,5,5,做事严谨，能够深入研究问题产生的原因，并努力从根本原因处解决问题,对于质量问题需以结果为导向，及时跟进落地情况，不断推动结果达成,无,15.2,42,2,,采购,采购交付,B+
10001431,阳光氢能,品管/测试,,,,,执行层,协同方,10000939,5,5,5,5,5,4,4,4,4,5,5,4,,,,,,,,4,4,4,5,5,5,5,4,5,"为人正直可靠
遇事不推诿","加强客户需求的倾听
提升国际化能力",加强国际化能力的提升,15.2,42,2,,采购,采购交付,B+
10001431,阳光氢能,品管/测试,,,,,执行层,协同方,10001476,4,5,5,5,4,4,4,4,4,5,4,5,,,,,,,,3,4,5,5,5,4,5,4,5,无,无,无,15.2,42,2,,采购,采购交付,B+
10001431,阳光氢能,品管/测试,,,,,执行层,协同方,10002257,5,5,5,5,5,4,5,4,5,5,5,4,,,,,,,,5,5,5,5,5,5,5,5,5,快速响应内外部客户需求，不推诿,加强跨部门的沟通,无,15.2,42,2,,采购,采购交付,B+
10001431,阳光氢能,品管/测试,,,,,执行层,协同方,10006075,4,4,4,3,3,2,3,3,3,4,3,4,,,,,,,,4,3,4,3,4,4,4,4,4,责任心强，原则意识强。,能站在公司层思考问题，可持续提升创新性解决问题的能力。,开放思考，提升国际化视野。,15.2,42,2,,采购,采购交付,B+
10001431,阳光氢能,品管/测试,,,,,执行层,协同方,10007223,4,4,4,5,4,4,4,4,5,5,5,4,,,,,,,,5,4,5,4,4,4,4,4,5,耐心细致,抗压能力可以进一步提升,无,15.2,42,2,,采购,采购交付,B+
10001431,阳光氢能,品管/测试,,,,,执行层,协同方,10008507,4,4,4,4,4,4,4,4,4,4,4,4,,,,,,,,3,4,5,4,4,4,4,4,5,"全流程质量管控的闭环意识，目前每个项目发货，都需要有出厂测试，能积极配合客户需求；
",质量问题的跨部门协同解决能力。,严把质量关，同时要响应交期。所以一定要在项目启动前期来料检查介入，严审生产流程，不轻易更改。,15.2,42,2,,采购,采购交付,B+
10001431,阳光氢能,品管/测试,,,,,执行层,协同方,10009019,5,5,4,4,3,4,4,3,5,5,5,4,,,,,,,,4,4,5,4,4,4,5,5,5,针对质量品控问题，主动承担解决，不推诿,强化内部品控管理流程，建立品控规则,无,15.2,42,2,,采购,采购交付,B+
10001431,阳光氢能,品管/测试,,,,,执行层,协同方,10012884,4,4,4,5,4,5,4,4,4,4,4,4,,,,,,,,3,3,5,3,5,4,5,3,5,工作踏实、严谨，不推诿责任，易沟通。,适时对其他部门强势提出一些质量要求。,无,15.2,42,2,,采购,采购交付,B+
10001431,阳光氢能,品管/测试,,,,,执行层,协同方,10017878,4,5,5,4,4,4,4,5,5,4,5,4,,,,,,,,4,5,5,5,5,5,5,5,5,"提前预判物料交期风险，主动对接需求与生产端，异常问题响应快、协调落地能力强。
严格遵守采购制度与审批流程，资料台账规范完整，廉洁自律。",提前对接市场、研发、生产端，前置介入选型、定样环节，从源头规避后期物料替换、交期紧张等问题，减少事后被动协调,无,15.2,42,2,,采购,采购交付,B+
10001431,阳光氢能,品管/测试,,,,,执行层,协同方,10020805,4,4,4,5,4,4,5,4,4,4,4,5,,,,,,,,4,5,5,4,4,4,5,5,4,"对待供应商一视同仁，用测试数据说话；
严把来料质量，确保物料满足我司产品要求",对产品生产过程管控,暂无,15.2,42,2,,采购,采购交付,B+
10001431,阳光氢能,品管/测试,,,,,执行层,协同方,10021478,4,4,4,4,3,3,3,4,3,4,3,4,,,,,,,,4,4,4,4,5,4,5,4,4,对专业技术的理解及推进问题解决,公司质量体系及质量价值观的宣导，加强各环节质量控制,无,15.2,42,2,,采购,采购交付,B+
10001431,阳光氢能,品管/测试,,,,,执行层,协同方,10023163,4,4,4,3,5,3,4,4,5,5,5,5,,,,,,,,3,3,5,3,4,5,5,5,5,"1、有担当意识
2、跨部门沟通效果良好",个人感觉质量、测试部门的存在感稍弱，建议更多地深入各业务，把控质量成本,质量部门要有一票否决的信心,15.2,42,2,,采购,采购交付,B+
10001431,阳光氢能,品管/测试,,,,,执行层,协同方,10046346,5,5,4,3,3,3,2,2,3,5,4,4,,,,,,,,3,4,4,4,4,4,4,5,5,迅速落实到已经交付项目中的问题，松原项目出现的问题快速总结经验并归类，找到源头供应商问题,提前识别质量风险，尤其是从一般质量供应商中预先识别规避风险，以及准备好其他备案,持续加大质量管控力度，增强对采购的帮助力度,15.2,42,2,,采购,采购交付,B+
10001431,阳光氢能,品管/测试,,,,,执行层,自己,10001431,4,5,4,4,5,5,4,4,5,4,4,4,4,3,4,4,5,4,5,5,5,5,5,4,5,5,5,5,"1，有较强的专业技术背景，对问题的发生进行深入分析和理解。
2、在规划方面进行较为全面的考虑，提前识别潜在的风险和问题点并推动改善。","1，在技术方面专业知识较为扎实，可以从事技术方向的管理工作。
2、工作经验丰富，责任心强，可以加强公司管理方向工作。","1、针对氢能的业务，强化语言方面的学习，提升国际化视野能力；
2、加强管理方面的知识学习，持续提升跨团队管理能力。",15.2,42,2,,采购,采购交付,B+
10044107,光储集团,充电事业部,产品中心,产品线,,,执行层,下级,10046086,5,5,5,5,5,4,5,5,5,5,5,4,5,5,5,5,5,4,5,4,5,5,5,5,5,5,5,5,1，会根据工作内容给出合理安排；2，及时的跟进个人工作进展；3，拥有丰富的行业经验值得学习,暂无,暂无,0.9,38,32,,产品与研发,产品,A
10044107,光储集团,充电事业部,产品中心,产品线,,,执行层,下级,10046005,5,5,5,5,5,5,4,5,4,5,5,4,4,4,5,5,5,5,5,5,5,4,5,5,5,5,5,5,"1、帮助下属梳理工作信息，提出建设性意见
2、在繁琐复杂的问题中，能很快抓住事情本质，提出合理化解决方案",五,无,0.9,38,32,,产品与研发,产品,A
10044107,光储集团,充电事业部,产品中心,产品线,,,执行层,下级,10044106,4,4,4,3,4,3,4,4,4,4,4,4,3,3,4,4,3,3,4,4,4,4,3,4,3,4,4,4,行动快速，敢于担责,无,优秀,0.9,38,32,,产品与研发,产品,A
10044107,光储集团,充电事业部,产品中心,产品线,,,执行层,下级,10037475,5,5,4,5,4,5,5,4,4,5,5,5,5,4,5,4,4,5,5,4,5,5,4,4,4,5,5,5,"1.对于突发事件能够及时响应并给出解决办法
2.做事有条理，非常有细节","1.运用四象限法则区分工作轻重缓急，优先推进重要不紧急事项，减少被动救火式工作
2.定期复盘工作完成情况，优化流程",无,0.9,38,32,,产品与研发,产品,A
10044107,光储集团,充电事业部,产品中心,产品线,,,执行层,下级,10036234,5,5,5,5,4,4,4,5,4,5,5,5,3,4,3,4,5,4,5,4,5,4,4,5,4,4,4,5,"1、做事有条理性，提前规划整个项目各个节点，对每一事项完成时间定义明确。
2、对问题刨根问底，严格要求产品质量。",无,无,0.9,38,32,,产品与研发,产品,A
10044107,光储集团,充电事业部,产品中心,产品线,,,执行层,下级,10035486,1,2,1,2,2,1,1,1,4,4,4,3,2,3,2,1,1,3,2,2,2,1,1,1,2,2,1,2,"1、跨部门拉通能力强
2、做决策","1、言行一致，作为一个领导，不要老放空炮，朝令夕改
2、多了解基层工作，不要只站在岸上指挥
",把前两条做好就行了,0.9,38,32,,产品与研发,产品,A
10044107,光储集团,充电事业部,产品中心,产品线,,,执行层,下级,10033328,5,5,5,5,5,4,5,5,5,5,5,5,5,5,4,5,5,4,5,5,5,5,5,5,5,4,4,4,"注重产品客户体验感；
对待下属沟通积极",跨部门沟通透明简单,暂无,0.9,38,32,,产品与研发,产品,A
10044107,光储集团,充电事业部,产品中心,产品线,,,执行层,下级,10029741,4,4,4,4,4,3,4,4,4,4,4,4,4,4,3,4,4,4,4,4,4,4,4,4,4,4,4,4,"1.对产品质量的各个环节把控比较严格。
2.积极倾听部门成员的创新想法，能够采纳部门成员的建议。",暂时没有,暂时没有,0.9,38,32,,产品与研发,产品,A
10044107,光储集团,充电事业部,产品中心,产品线,,,执行层,下级,10026789,5,4,5,5,4,3,4,4,5,4,5,4,3,2,5,4,4,4,4,5,5,5,4,4,5,4,5,4,"1、产品知识面广，行业人际关系广，能快速准确了解行业信息；
2、深入理解客户需求，用户体验放第一位；
3、面对问题迎难而上，敢于破局",暂无,建议布置工作的时候更加明确，对时间要求严格点；,0.9,38,32,,产品与研发,产品,A
10044107,光储集团,充电事业部,产品中心,产品线,,,执行层,下级,10026770,4,5,4,4,3,5,4,4,5,4,5,5,4,3,5,5,5,5,4,5,5,5,4,4,5,4,5,5,"1、决策力，该做决策的情况下可快速决策，提高效率；
2、前瞻性，已规范的产品有3-5年的前瞻性，而不是仅看眼前",暂无,暂无,0.9,38,32,,产品与研发,产品,A
10044107,光储集团,充电事业部,产品中心,产品线,,,执行层,下级,10026563,4,4,4,4,4,4,5,4,5,4,4,5,4,4,4,4,5,5,4,4,4,4,4,4,5,4,4,4,积极推进  效率高,整体感觉很好，暂无建议,暂无,0.9,38,32,,产品与研发,产品,A
10044107,光储集团,充电事业部,产品中心,产品线,,,执行层,下级,10026002,5,5,4,4,4,4,4,3,3,4,5,4,4,5,4,5,3,4,4,4,5,5,4,4,4,4,5,5,"1、针对性根据市场需要对产品立项到内部验收测试进行调整，满足市场需要
2、会倾听下属的意见，对好的建议阶段性进行采纳改善部门",暂时无,暂时无,0.9,38,32,,产品与研发,产品,A
10044107,光储集团,充电事业部,产品中心,产品线,,,执行层,下级,10025165,4,5,5,5,5,5,5,5,5,5,5,5,5,5,5,5,4,5,4,4,5,5,5,5,5,5,5,5,"1、下属遇到困难寻求帮助时，积极协调资源及提出解决方法给予帮助
2、尊重员工想法","1、对客户需求有很好的理解，并将信息传达给员工，让员工更好的去了解客户需求
2、针对员工工作中遇到的困难和不足，给予培训和帮助，提高员工能力",加强员工培训和发展，提高整个团队竞争力,0.9,38,32,,产品与研发,产品,A
10044107,光储集团,充电事业部,产品中心,产品线,,,执行层,下级,10024894,4,4,5,4,4,4,5,4,4,4,4,4,3,3,4,5,4,3,4,4,5,4,4,4,4,4,4,5,做事和果断，有魄力，考虑事情比较全面。,无,无,0.9,38,32,,产品与研发,产品,A
10044107,光储集团,充电事业部,产品中心,产品线,,,执行层,下级,10019091,5,5,5,5,5,4,4,5,5,5,5,5,3,4,5,5,5,5,5,5,5,5,4,5,5,5,5,5,经验丰富，行事果断，思路清晰,无，已经很优秀了,无,0.9,38,32,,产品与研发,产品,A
10044107,光储集团,充电事业部,产品中心,产品线,,,执行层,下级,10017825,5,5,5,4,4,4,5,5,4,5,4,5,4,4,5,4,4,4,4,4,4,5,5,4,5,5,5,5,工作效率高、有前瞻性、敢于创新,暂无,有责任心，工作充满激情，效率很高,0.9,38,32,,产品与研发,产品,A
10044107,光储集团,充电事业部,产品中心,产品线,,,执行层,下级,10016978,5,4,5,4,5,4,4,4,5,5,5,4,4,3,5,5,4,4,5,5,4,4,4,4,5,5,5,4,可以倾听下属想法，根据下属能力要求制定合理计划和安排合理的任务,无,无,0.9,38,32,,产品与研发,产品,A
10044107,光储集团,充电事业部,产品中心,产品线,,,执行层,下级,10014152,,,,,,,,,,,,,,,,,,,,,,,,,,,,,,,,0.9,38,32,,产品与研发,产品,A
10044107,光储集团,充电事业部,产品中心,产品线,,,执行层,上级,10002260,4,4,4,5,4,3,3,4,4,4,4,4,3,3,4,3,4,4,4,5,4,4,4,3,4,4,5,4,能够积极推动各项工作开展。能拒绝不合理要求。,无,无,0.9,38,32,,产品与研发,产品,A
10043936,阳光慧碳,业务拓展部,,,,,执行层,自己,10043936,5,5,5,5,5,4,5,4,5,4,5,5,5,4,5,5,5,4,5,5,5,5,4,5,5,5,5,5,"1:敏锐洞察能力提前布局以及行业新的销售机会。
2:新的商业机会可迅速落定典型案例，为公司在新的赛道奠定良好基础。
3:可带领团队进行针对性业务突破，在短时间内形成市场垄断。","1:加强知识积累。
2:加强AI智能体学习",再保证业绩的同时加强对新型专业政策的解读,0.9,36,3,3/3/2026,营销,营销策略,A
10043936,阳光慧碳,业务拓展部,,,,,执行层,协同方,10024926,4,2,2,2,3,1,1,2,1,4,3,3,,,,,,,,4,2,1,1,2,2,2,3,2,"1、在打单时，单兵作战能力较强；
2、能较好了解客户需求，维护客户关系和粘性；
3、真诚直接","1、提升统筹能力、以及商业化思维；
2、提炼营销策略打法，内部分享交流；
3、加强团队及其他部门的交流，听取建议；
4、深刻清晰的认识产品状态和未来发展",暂无,0.9,36,3,3/3/2026,营销,营销策略,A
10043936,阳光慧碳,业务拓展部,,,,,执行层,协同方,10024585,4,3,3,3,3,2,3,3,2,3,3,4,,,,,,,,2,2,3,2,2,2,2,4,4,1、从销售角度，统筹外部资源能力较强,1、建议后续多与内部相关部门互通信息，积极协作，高效推进项目，把控项目风险,无,0.9,36,3,3/3/2026,营销,营销策略,A
10043936,阳光慧碳,业务拓展部,,,,,执行层,协同方,10020914,4,3,4,3,3,1,3,3,2,4,4,4,,,,,,,,2,4,3,2,3,4,3,3,4,"1、敢于接受挑战型目标，并积极付诸行动；
2、对于协同性的工作，不推诿，保持良好的跨部门协同；
3、对业务保持热情与信心，助力公司业务目标达成","1、要更好的融入团队，强化对公司文化、产品的理解和认同；
2、对公司内部实行的各项管理制度、管理机制，能够理解并践行",无,0.9,36,3,3/3/2026,营销,营销策略,A
10043936,阳光慧碳,业务拓展部,,,,,执行层,协同方,10018947,3,2,2,3,3,1,1,4,1,4,3,4,,,,,,,,2,2,2,2,2,1,3,4,3,攻克客户的销售能力,"接地气
",不了解此人及风格，评价仅通过偶尔合作，希望多和公司同事交流,0.9,36,3,3/3/2026,营销,营销策略,A
10043936,阳光慧碳,业务拓展部,,,,,执行层,协同方,10018366,2,2,1,4,2,2,1,3,2,4,3,3,,,,,,,,3,2,3,1,3,3,1,3,3,执行力突出，可高效统筹项目各方利益，协调资源平衡，助力项目快速落地推进。,言谈侧重理论阐述，宏观见解较多，缺乏实操考量，工作规划缺少具体落地细则与执行方案。,无,0.9,36,3,3/3/2026,营销,营销策略,A
10043936,阳光慧碳,业务拓展部,,,,,执行层,下级,10043628,2,1,2,3,3,2,3,2,3,2,2,2,2,2,2,1,1,1,1,1,2,2,2,2,2,2,2,2,业务拓展能力强,真正了解业务，且真正帮助破局,无,0.9,36,3,3/3/2026,营销,营销策略,A
10043936,阳光慧碳,业务拓展部,,,,,执行层,下级,10019451,3,2,2,2,2,2,3,2,2,2,2,2,2,2,2,2,2,2,2,2,2,2,2,2,2,2,2,3,央企类客户资源多，熟悉体制类项目运作方式,作为团队负责人，多提供有价值的项目机会给团队成员,暂无,0.9,36,3,3/3/2026,营销,营销策略,A
10043936,阳光慧碳,业务拓展部,,,,,执行层,下级,10009753,3,2,3,2,3,3,3,2,3,4,4,4,3,3,3,2,2,3,2,3,2,3,3,2,3,2,3,3,市场方案跟进及时,/,/,0.9,36,3,3/3/2026,营销,营销策略,A
10043936,阳光慧碳,业务拓展部,,,,,执行层,上级,10037216,5,4,5,3,3,3,3,3,4,5,5,5,4,4,4,3,3,4,4,5,5,4,3,3,5,3,4,4,主动成立委员会，拉资源给基层同事,国际化视野,多学习在大企业的管理者，自身成为合格的管理者,0.9,36,3,3/3/2026,营销,营销策略,A
10043709,流程与数字化中心,AI智能化,数据管理部,,,,执行层,自己,10043709,4,4,4,4,4,5,4,3,4,4,3,3,5,4,5,5,4,4,4,4,4,3,4,4,4,4,5,4,"1.较强的持续学习与自我优化能力，愿意不断学习新技术并用于日常管理与工作过程中；
2.清晰的结构化思维能力，能够比较快速抓住问题的本质和目标，并快速制定有效的策略推进相关工作事项；",1. 性子急，对于事情的推动速度与要求较高，会给团队带来一下的压力。,无,1,39,10,,数智技术,数据应用与治理,B+
10043709,流程与数字化中心,AI智能化,数据管理部,,,,执行层,协同方,10033449,5,5,5,5,5,5,5,5,5,5,5,5,,,,,,,,5,5,5,5,5,5,5,5,5,专业,无,无,1,39,10,,数智技术,数据应用与治理,B+
10043709,流程与数字化中心,AI智能化,数据管理部,,,,执行层,协同方,10029796,3,4,3,2,3,4,4,4,3,5,2,3,,,,,,,,3,4,5,5,5,5,5,5,5,专业能力强；,团队协作,无,1,39,10,,数智技术,数据应用与治理,B+
10043709,流程与数字化中心,AI智能化,数据管理部,,,,执行层,协同方,10028980,4,4,5,4,5,4,4,5,4,4,5,5,,,,,,,,5,4,4,4,4,5,5,5,5,专业能力突出，跨部门沟通协调能积极配合,暂无,暂无,1,39,10,,数智技术,数据应用与治理,B+
10043709,流程与数字化中心,AI智能化,数据管理部,,,,执行层,协同方,10025692,3,3,3,3,3,2,2,1,2,3,2,2,,,,,,,,3,3,3,4,4,2,1,2,5,专业驱动,同理心,多去一线业务调研,1,39,10,,数智技术,数据应用与治理,B+
10043709,流程与数字化中心,AI智能化,数据管理部,,,,执行层,协同方,10015695,4,4,4,4,5,4,5,4,5,5,4,4,,,,,,,,5,4,5,4,4,4,5,5,5,专业知识丰富,持续开放，给业务方持续赋能,无,1,39,10,,数智技术,数据应用与治理,B+
10043709,流程与数字化中心,AI智能化,数据管理部,,,,执行层,协同方,10001609,4,5,5,5,4,5,4,5,5,5,4,5,,,,,,,,5,4,4,4,4,4,5,4,5,"1、务实落地，能迅速融入中心团队
2、有强烈的责任感，对于事情的愿意主动推动","1、学习内部业务知识
2、了解公司团队文化，加强文化建设",暂无,1,39,10,,数智技术,数据应用与治理,B+
10043709,流程与数字化中心,AI智能化,数据管理部,,,,执行层,协同方,10000194,3,3,3,3,4,4,4,4,4,4,4,4,,,,,,,,3,3,4,3,4,4,4,4,4,从专业视角，能比较好的给出业务数字化运营开展的意见和建议,可以从数据驱动业务价值创造视角，主动规划策划业务数字化转型的策略/方案,无,1,39,10,,数智技术,数据应用与治理,B+
10043709,流程与数字化中心,AI智能化,数据管理部,,,,执行层,下级,10045274,5,5,5,5,5,5,4,5,4,5,5,5,5,5,4,5,4,5,4,5,4,5,5,4,4,5,4,5,从过往经验结合阳光的实际情况，给出项目和需求上的关键意见,无,无,1,39,10,,数智技术,数据应用与治理,B+
10043709,流程与数字化中心,AI智能化,数据管理部,,,,执行层,下级,10040078,5,5,5,5,5,5,5,5,5,5,5,5,5,5,5,5,5,5,5,5,5,5,5,5,5,5,5,5,"1、制定部门内部及跨部门的工作流程和沟通协作机制，促进工作高效开展
2、主动探索和学习本领域相关的数字化技术、AI等，引入至部门工作中，有效提升工作效率",暂无,暂无,1,39,10,,数智技术,数据应用与治理,B+
10043709,流程与数字化中心,AI智能化,数据管理部,,,,执行层,下级,10033645,5,5,5,5,5,4,5,5,5,5,5,5,5,4,4,4,3,3,4,5,5,5,4,4,5,5,4,5,眼界开阔，善于表达,加强团队人员技能培训，明确各组之间权责规范,活跃团队氛围,1,39,10,,数智技术,数据应用与治理,B+
10043709,流程与数字化中心,AI智能化,数据管理部,,,,执行层,下级,10033006,5,5,5,5,5,5,4,5,5,4,5,4,5,4,5,4,5,4,5,4,5,4,5,4,5,4,5,4,"1.专业领域的前瞻性特别好，经常能给我传递最新理念
2.在传达公司顶层战略的时候特别清晰
3.在组织内部协调工作划分的时候非常明确",暂无,暂无,1,39,10,,数智技术,数据应用与治理,B+
10043709,流程与数字化中心,AI智能化,数据管理部,,,,执行层,下级,10028417,5,5,5,5,5,5,5,5,5,5,5,5,5,5,5,5,5,5,5,5,5,5,5,5,5,5,5,5,"1、能力全面，管理、业务、技术多方面能力突出。
2、注重团队管理和工作进展的同时也考虑员工个人的成长。
3、部门各组工作相对透明，能让大家明确部门的整体目标和进展。",暂无,暂无,1,39,10,,数智技术,数据应用与治理,B+
10043709,流程与数字化中心,AI智能化,数据管理部,,,,执行层,下级,10027194,5,5,5,5,4,4,5,4,5,5,4,4,5,5,5,4,4,5,4,4,5,5,4,4,5,5,5,5,"1、目标拆解与任务落地能力强
2、客观公正地评价团队成员；","1、提升信息透明度与传递时效性；
2、强化问题反馈与帮扶机制",主动打破部门墙，强化横向协同,1,39,10,,数智技术,数据应用与治理,B+
10043709,流程与数字化中心,AI智能化,数据管理部,,,,执行层,下级,10020993,5,5,4,5,5,4,5,4,5,4,5,5,5,5,4,4,5,5,5,5,5,4,5,4,3,5,4,5,拥抱新事物新知识，建立符合组织也符合阳光文化的健康的学习型组织,整体团队人员管理方面，,无,1,39,10,,数智技术,数据应用与治理,B+
10043709,流程与数字化中心,AI智能化,数据管理部,,,,执行层,下级,10020552,5,5,5,5,5,5,5,4,5,4,5,5,5,4,5,4,5,5,4,5,4,5,4,5,4,5,4,5,"1.主动钻研业务难题，积极分享经验带动团队共同进步
2.对待工作严谨细致，具备极强的责任心与闭环意识",无,无,1,39,10,,数智技术,数据应用与治理,B+
10043709,流程与数字化中心,AI智能化,数据管理部,,,,执行层,下级,10015255,5,5,5,5,5,5,4,5,4,5,5,4,5,5,5,5,5,5,4,5,5,5,4,5,5,4,5,5,"1.结合阳光实际情况和外部经验提出很多创新可落地的方案和思路
2.积极主动挖掘数据价值，以带给业务实际价值为导向
3.能够听取多方意见，结合自身判断做出正确的选择","可发展方向：
1.对于业务和中心领导的向上管理和资源争取
2.跨部门协作
建议：
1.提高和高层领导的黏性，主动接触汇报，争取中心领导和业务领导对于数据工作的资源投入。
2.加强跨部门部门负责人的沟通，争取更多的跨部门资源投入和共同合作机会。",除工作外可以多参加和策划一些内外部的活动，劳逸结合。,1,39,10,,数智技术,数据应用与治理,B+
10043709,流程与数字化中心,AI智能化,数据管理部,,,,执行层,上级,10022498,5,5,5,5,5,5,5,4,5,5,5,5,5,5,5,5,5,5,5,5,5,5,5,5,5,5,5,5,丰富的数据专业能力和良好的沟通能力,深入业务，结合业务场景梳理各业务的数据分析场景,无,1,39,10,,数智技术,数据应用与治理,B+
10043707,光储集团,营销体系,欧洲大区,充电业务部,,,执行层,自己,10043707,4,4,4,4,4,4,4,4,4,4,4,4,4,4,4,4,4,4,4,4,4,4,4,4,4,4,4,4,NA,Na,Na,1,36,8,,营销,商务销售,B+
10043707,光储集团,营销体系,欧洲大区,充电业务部,,,执行层,协同方,10044107,5,4,4,5,5,4,4,4,4,5,5,4,,,,,,,,4,4,5,4,4,4,4,5,5,Customer-oriented and committed to securing orders,Consider the charging market and its direction more comprehensively,Consider the charging market and its direction more comprehensively,1,36,8,,营销,商务销售,B+
10043707,光储集团,营销体系,欧洲大区,充电业务部,,,执行层,协同方,10040535,,,,,,,,,,,,,,,,,,,,,,,,,,,,,,,,1,36,8,,营销,商务销售,B+
10043707,光储集团,营销体系,欧洲大区,充电业务部,,,执行层,协同方,10033767,4,4,4,4,4,4,4,4,4,4,4,4,,,,,,,,4,4,4,4,4,4,4,4,4,No direct interaction,No direct interaction,No comment,1,36,8,,营销,商务销售,B+
10043707,光储集团,营销体系,欧洲大区,充电业务部,,,执行层,协同方,10030740,5,5,4,4,5,4,4,3,4,5,5,4,,,,,,,,3,3,4,3,4,4,3,4,4,Highly dedicated team. High Stake KPIs. Very nice startegy for the market penetraion.,Kpi is very important but also to reach it is extemely important,Spend more time with each team member to assest their struggles.,1,36,8,,营销,商务销售,B+
10043707,光储集团,营销体系,欧洲大区,充电业务部,,,执行层,协同方,10025368,5,5,5,4,4,4,5,4,5,5,4,5,,,,,,,,4,4,4,4,4,4,4,5,5,"Focused on customer success, driven by ambitious goals, and builds the organization and capabilities around customer needs",Cross-department collaboration,No comment,1,36,8,,营销,商务销售,B+
10043707,光储集团,营销体系,欧洲大区,充电业务部,,,执行层,协同方,10024939,4,4,5,4,4,5,5,4,4,4,5,4,,,,,,,,4,4,4,4,4,4,4,5,5,NA,NA,NA,1,36,8,,营销,商务销售,B+
10043707,光储集团,营销体系,欧洲大区,充电业务部,,,执行层,协同方,10022047,5,5,4,4,3,4,4,5,5,5,5,5,,,,,,,,4,4,5,4,5,5,4,4,5,"Strong learning and adaptability, with high execution ability",No comment,No comment,1,36,8,,营销,商务销售,B+
10043707,光储集团,营销体系,欧洲大区,充电业务部,,,执行层,协同方,10017380,3,3,3,1,1,2,2,2,2,4,4,5,,,,,,,,3,3,3,3,3,4,5,5,4,Rich work experience,Adopt a more open business mindset,No comment,1,36,8,,营销,商务销售,B+
10043707,光储集团,营销体系,欧洲大区,充电业务部,,,执行层,协同方,10015954,2,3,4,3,3,4,4,3,4,4,4,4,,,,,,,,4,3,3,3,4,4,3,3,3,Strategic understanding and decomposition ability,Strengthen compliance and risk awareness,Strengthen cross-department collaboration,1,36,8,,营销,商务销售,B+
10043707,光储集团,营销体系,欧洲大区,充电业务部,,,执行层,协同方,10015667,4,4,4,4,4,5,5,4,4,3,4,5,,,,,,,,3,3,5,4,3,4,5,3,5,He is good and hard working,better time managment,N/A,1,36,8,,营销,商务销售,B+
10043707,光储集团,营销体系,欧洲大区,充电业务部,,,执行层,协同方,10014933,4,4,3,3,3,3,3,3,4,4,4,4,,,,,,,,4,3,4,3,4,4,4,4,4,Strong sense of direction and strong perseverance to get things done,Find ways to identify the growth curve for charging business sales and scale up the business as soon as possible,Find a growth curve for charging business sales and scale up the business as soon as possible,1,36,8,,营销,商务销售,B+
10043707,光储集团,营销体系,欧洲大区,充电业务部,,,执行层,协同方,10013582,3,3,3,3,3,3,3,3,3,3,3,3,,,,,,,,3,3,3,3,3,3,3,3,3,No comment,No comments,No comments,1,36,8,,营销,商务销售,B+
10043707,光储集团,营销体系,欧洲大区,充电业务部,,,执行层,协同方,10009767,4,4,4,4,3,3,4,4,3,3,5,4,,,,,,,,3,3,3,5,3,5,4,5,4,No comment,No comment,No comment,1,36,8,,营销,商务销售,B+
10043707,光储集团,营销体系,欧洲大区,充电业务部,,,执行层,协同方,10009470,2,2,3,3,3,3,4,3,3,3,3,3,,,,,,,,4,3,4,4,4,3,5,4,5,Started business specially with the new products DC,"Many people from team do not know him, we should have clearer strategy",VIsit local countries and have clearer strategy,1,36,8,,营销,商务销售,B+
10043707,光储集团,营销体系,欧洲大区,充电业务部,,,执行层,协同方,10009084,3,3,3,3,3,4,3,3,4,4,4,4,,,,,,,,4,4,4,3,4,4,3,4,4,high focus on customer satisfaction,-,-,1,36,8,,营销,商务销售,B+
10043707,光储集团,营销体系,欧洲大区,充电业务部,,,执行层,协同方,10007913,3,3,3,4,4,3,3,4,4,4,4,3,,,,,,,,4,3,5,4,4,4,5,4,5,Customer mindset,Internal collaboration,No comment,1,36,8,,营销,商务销售,B+
10043707,光储集团,营销体系,欧洲大区,充电业务部,,,执行层,协同方,10003289,5,4,4,4,4,4,5,5,4,5,4,4,,,,,,,,5,4,4,4,3,4,3,4,4,Actively drives order implementation and moves delivery and R&D forward,"During the process of driving progress, pay attention to building harmonious internal relationships",Keep up the good work,1,36,8,,营销,商务销售,B+
10043707,光储集团,营销体系,欧洲大区,充电业务部,,,执行层,协同方,10001894,4,3,4,3,4,4,4,3,3,5,5,4,,,,,,,,5,4,3,3,3,3,2,4,3,Strong results orientation and customer success focus,No comment,No comment,1,36,8,,营销,商务销售,B+
10043707,光储集团,营销体系,欧洲大区,充电业务部,,,执行层,下级,10042317,5,5,5,4,4,4,5,5,5,4,5,4,3,4,4,4,5,5,5,4,5,5,5,5,5,4,3,4,"Great Backup, great help",Everythings perfectly fine!,Everythings perfectly fine!,1,36,8,,营销,商务销售,B+
10043707,光储集团,营销体系,欧洲大区,充电业务部,,,执行层,下级,10041857,5,5,4,4,3,5,5,4,4,5,5,5,3,3,5,4,5,3,5,4,5,5,4,5,4,4,5,5,"He pushes to get results , includes the whole team. And always keeps everyone informed of progress around the Team. ",Quicker to reply on daily issues (this may be due to being very busy ) . holding someone accountable for missing data should be one to one and not in the group meeting. ,"On whole Rick is very good and pushes where he needs to , I think he is very fair and gets on well with all the team. ",1,36,8,,营销,商务销售,B+
10043707,光储集团,营销体系,欧洲大区,充电业务部,,,执行层,下级,10028224,4,4,4,5,5,5,4,4,4,4,4,3,3,4,4,4,4,5,5,5,4,4,4,5,4,4,4,4,"1. Strategic Ownership and Business Building
I have consistently taken end‑to‑end ownership of complex, multi‑country initiatives—driving market entry, partner development, and revenue growth while managing risk and dependencies. This approach demonstrates how clear accountability, long‑term thinking, and disciplined execution can accelerate results in fast‑growing and ambiguous environments.
2. Cross‑Regional and Cross‑Functional Leadership
I effectively bridge commercial, technical, and operational teams across regions (DACH, Nordics, SEE, and global stakeholders). By translating strategy into clear priorities and aligning diverse stakeholders, I help teams move faster with fewer escalations—an approach that can be replicated in matrix and international organizations.
3. Customer‑Centric Problem Solving Under Pressure
I consistently apply a pragmatic, solution‑oriented mindset in high‑stakes customer and tender situations, balancing customer needs with business sustainability. This ability to remain calm, data‑driven, and constructive under pressure has led to stronger partnerships and repeat business, and is a valuable model for others in customer‑facing roles.","1. Delegation and Scaling Through Others
As the scope of my responsibilities has grown, I have sometimes remained too close to execution, especially in high‑stakes commercial or technical topics. While this ensures quality and speed, it can limit scalability and reduce opportunities for others to step up.
2. Executive‑Level Communication and Simplification
In complex environments, I tend to provide high levels of detail to ensure accuracy and alignment. At senior or executive level, this can sometimes dilute the key message or slow decision‑making.",no,1,36,8,,营销,商务销售,B+
10043707,光储集团,营销体系,欧洲大区,充电业务部,,,执行层,下级,10022842,5,4,4,5,5,4,4,4,5,5,5,5,3,3,4,4,4,4,4,5,4,5,4,3,2,4,5,4,Leading by example ! He is on the field with us !,Making sure his team is well connected and don't compete with each others.,"Good manager, he is on the field, teach by example, keep the pressure slightly too high I would say.",1,36,8,,营销,商务销售,B+
10043707,光储集团,营销体系,欧洲大区,充电业务部,,,执行层,下级,10020340,5,4,4,4,3,4,5,4,4,4,4,4,3,4,4,3,3,4,3,4,5,4,3,3,4,4,5,5,Prompt availability for support or request of feedback. ,Provide feedback regarding organizational matters and requests (e.g. approval flows).,Currently not.,1,36,8,,营销,商务销售,B+
10043707,光储集团,营销体系,欧洲大区,充电业务部,,,执行层,下级,10015756,,,,,,,,,,,,,,,,,,,,,,,,,,,,,,,,1,36,8,,营销,商务销售,B+
10043707,光储集团,营销体系,欧洲大区,充电业务部,,,执行层,上级,10041999,4,4,4,4,4,4,4,4,4,4,4,4,4,3,4,4,4,4,4,4,4,4,4,4,4,4,4,4,Persistent and determined in breaking through key account opportunities,"Pursue excellence: dare to challenge higher goals; strengthen staffing and team deployment, and complete the team as soon as possible",Keep up the good work,1,36,8,,营销,商务销售,B+
10043707,光储集团,营销体系,欧洲大区,充电业务部,,,执行层,上级,10000751,5,5,5,5,5,5,5,4,5,5,5,5,4,4,4,5,4,5,5,5,5,5,5,5,5,5,5,5,Diligent with strong insight into customer needs,No comment,No comment,1,36,8,,营销,商务销售,B+
10043561,阳光电气,营销部,,,,,执行层,自己,10043561,5,4,5,5,4,4,5,4,4,5,4,4,4,5,4,4,4,4,4,4,4,4,5,4,4,4,4,4,"1. 业务统筹能力强，能够紧跟公司战略方向，结合部门实际梳理工作重点，目标清晰、落地性强，有效推动各项业务指标达成。
​
2. 跨部门协作意识良好，主动对接协同资源，高效协调解决工作中的交叉问题，保障整体工作推进效率。
​
3. 团队管理用心，注重员工日常辅导与正向激励，关注团队成长，部门整体工作氛围稳定、执行力较强。",创新突破意识可进一步加强：日常工作偏稳健保守，建议多主动探索新模式、新方法，结合行业趋势优化业务管理方式，提升创新赋能能力。,日常工作作风务实负责，责任心强，希望后续继续保持合规自律、务实协作的工作作风；进一步加强内部沟通效率，多倾听团队不同意见，持续优化管理方式，带领团队实现更高质量发展。,1,40,6,,营销,商务销售,B+
10043561,阳光电气,营销部,,,,,执行层,协同方,10000245,4,4,3,3,3,3,3,1,4,4,4,4,,,,,,,,4,4,4,4,3,4,4,5,4,销售经验广，对待客户诚恳务实。,拿到订单是第一位,无,1,40,6,,营销,商务销售,B+
10043561,阳光电气,营销部,,,,,执行层,协同方,10042579,4,5,5,4,5,4,4,5,4,5,5,5,,,,,,,,4,3,4,4,4,3,4,5,5,"1、价值观契合公司文化，对工作尽职尽责
2、能够较好配合其他部门开展工作","1、团队建设需要进一步加强
2、重点关注并从民营企业切入，形成外部订单突破",暂无,1,40,6,,营销,商务销售,B+
10043561,阳光电气,营销部,,,,,执行层,协同方,10037806,4,4,3,3,4,5,4,5,5,5,4,5,,,,,,,,3,4,5,5,5,5,5,5,5,围绕潜在客户收集大量信息,市场潜在客户及发展趋势多向内分享，特别是客户产品需求,无,1,40,6,,营销,商务销售,B+
10043561,阳光电气,营销部,,,,,执行层,协同方,10037338,4,4,3,4,4,5,4,4,5,5,5,5,,,,,,,,4,4,5,5,5,4,5,4,4,"1.营销部与内部各部门沟通顺畅，有良好的沟通机制。
2.积极开发和拜访客户，为公司争取订单做出最大努力。","1.销售人员缺口较大，投入更多精力来进行销售人员的补充工作。
2.对中小客户资源多投入一些资源进行开发，快速提高产品业绩。",无,1,40,6,,营销,商务销售,B+
10043561,阳光电气,营销部,,,,,执行层,协同方,10031682,3,4,4,3,3,3,3,3,3,4,4,3,,,,,,,,4,4,3,3,4,3,3,4,4,勤恳务实,多措并举抢订单，先把项目数量提上来,根据指标倒算月度计划，根据计划落实工作,1,40,6,,营销,商务销售,B+
10043561,阳光电气,营销部,,,,,执行层,协同方,10025823,5,4,4,5,5,4,5,5,4,5,5,5,,,,,,,,4,5,5,5,5,5,4,5,5,"1、目标感强，执行力高效，各项工作均能按节点保质保量完成。
2、待人谦和，乐于分享工作经验与方法，主动带动身边同事共同进步。","1、行事风格干练果决，部分场景可放缓节奏，多听取各方意见。
2、日常工作中经验分享较少，可加强和同级、下属的交流互鉴。",沟通协调能力、统筹能力优秀，希望加强与外部门的沟通，高效推动跨部门协作。,1,40,6,,营销,商务销售,B+
10043561,阳光电气,营销部,,,,,执行层,协同方,10010856,4,4,4,4,4,3,4,4,4,5,5,5,,,,,,,,4,5,5,4,5,4,5,5,4,"主动沟通，积极与相关部门拉通业务需求
协同意识好",更深入业务一线，了解一线业务最直接的需求,暂无,1,40,6,,营销,商务销售,B+
10043561,阳光电气,营销部,,,,,执行层,协同方,10001412,,,,,,,,,,,,,,,,,,,,,,,,,,,,,,,,1,40,6,,营销,商务销售,B+
10043561,阳光电气,营销部,,,,,执行层,下级,10046913,5,4,5,4,5,4,5,4,5,4,5,4,5,4,5,4,5,4,5,5,5,5,5,4,5,5,4,5,任务能力强，关心下属，勇于挑战,无,无,1,40,6,,营销,商务销售,B+
10043561,阳光电气,营销部,,,,,执行层,下级,10046094,4,4,5,5,5,5,4,5,5,5,5,5,3,3,4,4,4,4,4,5,5,5,4,5,5,5,5,5,无,无,无,1,40,6,,营销,商务销售,B+
10043561,阳光电气,营销部,,,,,执行层,下级,10042321,2,3,2,3,3,1,2,3,3,3,3,4,2,2,3,2,1,1,3,2,3,1,1,1,2,1,1,3,"客户对接：积极对接外部客户，维护良好关系。
跨部门业务推进：推动部分跨部门合作工作，加快了原本非常缓慢或困难的跨部门交流。","1. 理解阳光文化：理解阳光文化与价值观，建立简单，互信，尊重的人际关系。
",暂无。,1,40,6,,营销,商务销售,B+
10043561,阳光电气,营销部,,,,,执行层,上级,10031963,2,2,2,2,3,2,3,3,3,3,4,4,3,3,3,2,3,3,3,3,2,3,3,4,4,4,4,4,对市场和大客户的整体把握较好,缺乏整体规划，不注重过程控制,需要整体规划营销活动，注重过程管控，要有创新想法和思路,1,40,6,,营销,商务销售,B+
10043458,AIDC电源事业部,产品应用部,,,,,执行层,协同方,10032592,5,5,4,4,5,5,5,4,5,5,5,5,,,,,,,,5,5,4,4,5,5,4,5,5,"抗压能力强、诚恳务实、技术营销能力强；
","人员管理：对下级员工的辅导；
更加细致的一线工作规划",在建立良好的部门团队梯队后，能更多进行规划工作,1,35,12,,营销,技术营销,A
10043458,AIDC电源事业部,产品应用部,,,,,执行层,协同方,10019162,5,4,5,4,4,4,5,3,4,4,5,4,,,,,,,,4,3,5,3,4,5,4,5,5,"良好的包容指导能力；
优秀的跨部门协作能力；
充分的阳光价值观-艰苦奋斗践行；",各重点事项的计划管理：建议梳理工作项目推进计划；,无,1,35,12,,营销,技术营销,A
10043458,AIDC电源事业部,产品应用部,,,,,执行层,协同方,10009129,4,4,4,4,3,3,4,4,4,4,4,4,,,,,,,,4,3,4,4,4,4,4,4,4,对外部市场的变化很敏感,/,/,1,35,12,,营销,技术营销,A
10043458,AIDC电源事业部,产品应用部,,,,,执行层,协同方,10001008,4,4,5,4,4,4,4,4,5,5,4,5,,,,,,,,4,5,4,4,4,4,4,4,3,在AIDC产品市场经验丰富,无,无,1,35,12,,营销,技术营销,A
10043317,制造体系,亚太工厂,泰国公司,钣金加工,制造部,,执行层,自己,10043317,5,4,4,4,5,5,5,4,4,4,4,4,4,4,4,5,4,4,5,4,4,4,4,5,5,5,5,4,"1.Open mind to listening team member and help team to driving the topic and feedback the result.
2. Support driving company cultural and distribute to team.","Still need learn more about company management system for example warehouse management system, SAP system function.",Find the free time to learning Chinese language.,1,44,17,,生产,制造管理,B+
10043317,制造体系,亚太工厂,泰国公司,钣金加工,制造部,,执行层,协同方,10047012,5,5,5,5,5,5,5,5,4,5,4,5,,,,,,,,5,4,5,4,5,4,5,4,5,I completely agree.,Good information and good support,I don't have suggestion ,1,44,17,,生产,制造管理,B+
10043317,制造体系,亚太工厂,泰国公司,钣金加工,制造部,,执行层,协同方,10044605,4,4,4,4,3,3,4,4,3,4,4,4,,,,,,,,4,4,3,4,4,5,4,4,4,"1.Consistent attention to work on-site, making improvements and developing the organization.
2.Listening to and addressing employees' concerns and problems.
3.Maintaining a polite and professional appearance.",1.Decision-making to drive organizational development and the allocation of human resources to produce goods in order to meet targets and achieve efficiency,Decision-making to drive organizational development and the allocation of human resources to produce goods in order to meet targets and achieve efficiency,1,44,17,,生产,制造管理,B+
10043317,制造体系,亚太工厂,泰国公司,钣金加工,制造部,,执行层,协同方,10044310,5,5,5,5,5,4,5,5,4,5,5,5,,,,,,,,4,5,4,5,4,5,4,5,5,"1. Demonstrates strong leadership skills by effectively supporting the team and helping resolve problems efficiently whenever challenges arise. Additionally, they continuously provide support and guidance that help make our work processes smoother and more manageable.
2.  listening to team members, and ensuring smooth coordination within the team.","1. Strengthening communication and coordination with other departments could help improve workflow efficiency and minimize misunderstandings. More frequent updates or follow-up discussions may support smoother collaboration.
2. Could further enhance workplace safety management by providing ongoing support and encouragement for employees to maintain strong compliance with safety standards and procedures.",-,1,44,17,,生产,制造管理,B+
10043317,制造体系,亚太工厂,泰国公司,钣金加工,制造部,,执行层,协同方,10042371,4,3,4,3,3,3,3,4,3,3,3,3,,,,,,,,3,3,3,3,3,3,3,3,3,/,/,/,1,44,17,,生产,制造管理,B+
10043317,制造体系,亚太工厂,泰国公司,钣金加工,制造部,,执行层,协同方,10040212,3,3,3,4,4,4,3,3,4,4,4,3,,,,,,,,4,4,4,4,5,5,4,5,5,"1. 有领导力，说话有逻辑，有说服力
2. 积极参与公司各项文化事务","1. 工作投入度太提高
2. 与业务相关方要保持多沟通，充分了解相关方的需求及动向，以在工作上做出调整，让各部门配合的更顺畅",无,1,44,17,,生产,制造管理,B+
10043317,制造体系,亚太工厂,泰国公司,钣金加工,制造部,,执行层,协同方,10022118,4,5,4,4,4,4,5,4,5,4,4,4,,,,,,,,3,4,5,5,5,5,5,5,5,"1.工作认真负责，执行力强，能够稳定推动达成目标，重视生产安全和质量；
2.管理风格务实：沟通协调能力好，跨部门配合顺畅。",数据化管理能力可进一步强化：进一步加强数据收集和分析的系统性，驱动改善决策，提升改善精准度和持续效果。,可进一步强化目标拆解和跟进：更加细化目标的分解，推动团队高效达成绩效目标并稳定保持高水平。,1,44,17,,生产,制造管理,B+
10043317,制造体系,亚太工厂,泰国公司,钣金加工,制造部,,执行层,协同方,10014328,4,4,4,4,4,5,4,5,4,4,4,4,,,,,,,,4,5,4,4,4,4,5,4,4,帮助内外部客户解决问题，确保最终的产品或服务让客户满意,无,无,1,44,17,,生产,制造管理,B+
10043317,制造体系,亚太工厂,泰国公司,钣金加工,制造部,,执行层,下级,10046460,2,3,3,2,3,3,3,4,4,4,2,3,2,3,3,3,3,3,2,5,4,5,4,5,4,5,4,5,ดีครับ,ควรมีการอบรมบางครั้ง,ไม่มี,1,44,17,,生产,制造管理,B+
10043317,制造体系,亚太工厂,泰国公司,钣金加工,制造部,,执行层,下级,10045825,4,5,4,5,4,5,5,5,4,5,4,4,4,5,4,5,5,4,5,5,4,5,5,4,4,5,5,4,"1. Demonstrates strong responsibility and actively helps find solutions to problems.
2. Shows high discipline and professionalism by complying with company regulations and continuously improving work processes.","1. Clearer task delegation and communication would improve work efficiency and coordination.
2. More guidance and resource sharing",-,1,44,17,,生产,制造管理,B+
10043317,制造体系,亚太工厂,泰国公司,钣金加工,制造部,,执行层,下级,10045141,3,3,2,2,3,5,4,2,3,1,1,1,1,1,1,2,3,3,4,3,2,1,1,1,1,3,2,3,-,-,-,1,44,17,,生产,制造管理,B+
10043317,制造体系,亚太工厂,泰国公司,钣金加工,制造部,,执行层,下级,10045140,3,4,3,3,3,3,4,3,2,2,3,3,3,2,2,2,3,2,2,2,2,2,3,3,2,2,3,3,-,-,-,1,44,17,,生产,制造管理,B+
10043317,制造体系,亚太工厂,泰国公司,钣金加工,制造部,,执行层,下级,10045061,3,3,3,1,1,2,2,2,2,2,2,2,2,2,2,3,2,2,2,4,2,3,3,3,2,3,2,2,พอไช้,ควรปรับปรุงแผนการทำงานใหม่ให้มีประสิทธิภาพมากกว่าเดิม,ปรับปรุบและว่างแผนการทำงานใหม่,1,44,17,,生产,制造管理,B+
10043317,制造体系,亚太工厂,泰国公司,钣金加工,制造部,,执行层,下级,10043318,5,5,5,5,4,5,4,4,4,4,4,5,4,3,4,5,5,5,4,4,4,4,5,4,5,4,5,5,การให้คำเเนะนำการเเก้ไขปัญหาหน้างานอย่างดีเเละเเนะนำการควบคุมบริหารทีม,"การแก้ไขปัญหาที่ตรงจุด
การสื่อสารที่ดีเเละเป็นกันเอง
",ไม่,1,44,17,,生产,制造管理,B+
10043317,制造体系,亚太工厂,泰国公司,钣金加工,制造部,,执行层,下级,10042815,3,4,3,4,4,3,5,5,4,4,5,5,3,4,5,3,4,4,3,4,5,5,4,5,5,4,3,5,"Has strong collaboration skills, supports the team effectively, and helps create a positive working atmosphere.","Should plan daily and weekly work, and prioritize tasks to improve efficiency.","Should maintain the current high work standards and strong sense of responsibility, while continuously developing new skills, especially in digital technology and data analysis, to support the organization’s future changes.",1,44,17,,生产,制造管理,B+
10043317,制造体系,亚太工厂,泰国公司,钣金加工,制造部,,执行层,下级,10042814,4,4,4,4,4,4,4,4,4,4,4,4,4,4,4,4,4,4,4,4,4,4,4,4,4,4,4,4,"1.聆听问题，提供解决方案；
2.发现问题，组织改善；",1.掌握更多细节，以便更好的管控；,无；,1,44,17,,生产,制造管理,B+
10043317,制造体系,亚太工厂,泰国公司,钣金加工,制造部,,执行层,下级,10042589,4,3,3,2,2,4,4,3,2,5,4,3,3,4,4,4,2,3,5,4,3,4,2,5,5,2,5,5,"1.มีทักษะในการประสานงานและบริหารทีมงานหน้างานได้ดี สามารถสร้างความร่วมมือระหว่างฝ่ายต่าง ๆ และแก้ไขปัญหา
2.มีความเป็นมิตรและรับฟังเข้าใจความคิดเห็นของพนักงานได้ดีมาก
3.มีความสามารถในการบริหารจัดการกระบวนการผลิต","1.ควรพัฒนาการสื่อสารและการประสานงานกับหัวหน้างานและฝ่ายสนับสนุนให้มีความชัดเจนและต่อเนื่องมากขึ้น เพื่อให้การดำเนินงานหน้างานเป็นไปอย่างราบรื่น
2.เสริมการบริหารด้านความปลอดภัย (Safety) และการปฏิบัติตามมาตรฐานอย่างเข้มงวด เพื่อยกระดับวัฒนธรรมความปลอดภัยในโรงงานให้แข็งแรงยิ่งขึ้น",ควรเพิ่มการเชื่อมโยงข้อมูลระหว่างฝ่ายผลิตและคลังสินค้า เพื่อให้การวางแผนและการจัดเก็บสอดคล้องกัน,1,44,17,,生产,制造管理,B+
10043317,制造体系,亚太工厂,泰国公司,钣金加工,制造部,,执行层,下级,10042475,4,4,5,5,5,5,5,5,4,4,4,4,4,4,5,5,5,5,5,5,5,5,4,5,5,5,4,4,"1. Demonstrates discipline, setting a good example for the team in adhering to rules and regulations and practices.
2. Provides guidance in managing problems related to machinery, quality, and production processes in various departments, leading in timely problem solving and follow-up.
3. Values ​​and treats employees fairly in their work, praising good performance and reprimanding them directly when they violate rules.",Add more details about the company's business growth direction.,"I have faith in his leadership potential, and I believe he will do even better.",1,44,17,,生产,制造管理,B+
10043317,制造体系,亚太工厂,泰国公司,钣金加工,制造部,,执行层,下级,10041702,3,3,3,4,4,4,4,4,3,4,4,3,3,3,4,4,4,4,5,4,4,4,5,5,4,4,5,4,Working with attentiveness and rigorous follow-up,-,-,1,44,17,,生产,制造管理,B+
10043317,制造体系,亚太工厂,泰国公司,钣金加工,制造部,,执行层,下级,10028106,4,4,4,5,5,5,4,4,4,5,4,5,5,4,4,5,4,4,5,4,5,4,5,5,4,5,5,5,"具备很强的责任感，能够有效推动重点工作并达成目标。
乐于倾听团队意见，并积极支持团队成员解决问题和改进工作。
具备良好的合作精神，能够高效协调跨部门合作，并营造积极的团队氛围。","可进一步加强授权管理和后备人才培养，提升团队长期发展能力。
建议进一步推动数字化工具和AI技术在工作中的应用，提高整体工作效率。
可加强战略层面的沟通，让团队更清晰理解公司的整体目标与方向。",整体而言，是一位值得信赖且有责任感的管理者。希望未来继续保持良好的领导力，并持续带领团队成长与进步。,1,44,17,,生产,制造管理,B+
10043317,制造体系,亚太工厂,泰国公司,钣金加工,制造部,,执行层,下级,10025162,3,4,3,2,2,2,3,2,1,2,1,1,1,1,1,1,1,2,2,1,1,2,1,5,2,2,3,4,1.问题发生积极解决；2.及时反馈公司的政策,1.提升发现问题能力；2.需要加强一线员工管理能力。,1.提升现场发现问题的能力；,1,44,17,,生产,制造管理,B+
10043317,制造体系,亚太工厂,泰国公司,钣金加工,制造部,,执行层,下级,10020006,3,3,3,3,3,3,4,4,4,4,3,4,3,3,3,3,3,3,4,3,4,3,4,4,4,3,5,4,Be kind and contactable and able to listen to the opinions of subordinates,Be able to take the initiative to handle company affairs,Take the initiative to find and solve the problems in the production process.,1,44,17,,生产,制造管理,B+
10043317,制造体系,亚太工厂,泰国公司,钣金加工,制造部,,执行层,下级,10018999,5,5,5,5,5,5,5,5,5,5,5,5,5,5,5,5,5,5,5,5,5,5,5,5,4,4,4,4,They can clearly suggest ways to solve various problems.,They can clearly suggest ways to solve various problems.,They can clearly suggest ways to solve various problems.,1,44,17,,生产,制造管理,B+
10043317,制造体系,亚太工厂,泰国公司,钣金加工,制造部,,执行层,下级,10018994,3,2,2,2,2,2,3,2,2,2,2,3,3,3,3,3,3,3,3,3,3,3,3,3,3,3,3,3,I want to remain neutral between my subordinates and my own position.,No areas for improvement at this time ,I would like them to demonstrate greater maturity and avoid being overly influenced by less experienced perspectives.,1,44,17,,生产,制造管理,B+
10043317,制造体系,亚太工厂,泰国公司,钣金加工,制造部,,执行层,下级,10018992,5,4,5,4,5,5,5,5,5,5,5,5,5,4,5,5,5,5,4,5,5,5,5,5,5,5,5,4,"They work well, are attentive to their tasks, and prioritize their work.","They work well, are attentive to their tasks, and prioritize their work.","They work well, are attentive to their tasks, and prioritize their work.",1,44,17,,生产,制造管理,B+
10043317,制造体系,亚太工厂,泰国公司,钣金加工,制造部,,执行层,上级,10007225,4,4,3,3,3,4,4,4,3,3,4,3,3,3,4,4,4,4,4,4,4,5,5,5,5,5,4,5,"1、响应速度快，做事不拖拉；
2、每天在生产现场的时间超过80%；","1、对工艺、仓库管理方面要继续加强；
2、对MES\WMS\SAP等应用要加强；",暂午,1,44,17,,生产,制造管理,B+
10042601,光储集团,营销体系,北美大区,人力资源部,,,执行层,自己,10042601,4,5,5,4,4,5,5,5,5,4,5,5,5,5,4,5,5,5,5,5,5,5,4,5,5,5,5,5,"Spearheaded initiatives to strengthen HR compliance (Examples: successfully identified and remediated critical I-9 documentation issues; mitigating legal and operational risks associated with contingent worker usage.)

Continuing to advance digitalization and AI across the organization. Following my appointment, I advocated for and launched a new HRIS project. We are currently implementing Workday, with a target go-live date of July 1, 2026. The system will improve process optimization & utomation, improved compliance & security and enhance employee self-service.

Strengthening cross-cultural communication between HQ and US operations to ensure HR policy precision; empowering middle management with coaching tools to enhance organizational agility and employee engagement.

","Maintain focus on the implications of U.S. political developments for the new energy sector, working in alignment with HQ to establish rigorous HR frameworks that address and mitigate associated risks.
Engage in ""in-depth exchanges"" with HQ to better translate global sustainability values into local ""US-centric"" employee engagement programs.
Equip managers with the tools to be ""coaches"" who drive retention through recognition and fairness.",Strategic Compliance & Risk Mitigation,1.1,45,5,,人力资源,——,A
10042601,光储集团,营销体系,北美大区,人力资源部,,,执行层,协同方,10005142,4,4,4,4,4,4,4,5,4,5,5,5,,,,,,,,5,5,5,5,5,5,5,5,5,人员管理的知识。,None,提升人员招聘效率，拓展人才池,1.1,45,5,,人力资源,——,A
10042601,光储集团,营销体系,北美大区,人力资源部,,,执行层,协同方,10030657,,,,,,,,,,,,,,,,,,,,,,,,,,,,,,,,1.1,45,5,,人力资源,——,A
10042601,光储集团,营销体系,北美大区,人力资源部,,,执行层,协同方,10015246,4,4,4,4,4,4,4,4,3,4,5,4,,,,,,,,5,5,5,5,5,4,4,4,5,Implementation of better HR and learning systems.,Be closer to and spend more time with employees from various teams to better understand their individual needs and challenges.,N/A,1.1,45,5,,人力资源,——,A
10042601,光储集团,营销体系,北美大区,人力资源部,,,执行层,协同方,10011096,4,5,5,4,5,4,4,4,5,5,3,4,,,,,,,,4,4,5,5,4,4,5,4,5,"- Creates a positive, collaborative atmosphere with his calm demeanor and effective communication. His approach has helped build strong team cohesion.
- Since joining, he has driven several meaningful HR initiatives, demonstrating an ability to launch and implement impactful changes quickly.
- He has assembled a capable HR team and ensured they are responsive and accountable, fostering trust across the organization.","-While the team is responsive, greater clarity on timelines for HR initiatives would help other departments plan ahead more effectively. Implementing a more visible tracking or communication system would ensure smoother collaboration.
-He could further empower the organization by leveraging technology to make HR processes or task visibility more self-serve, reducing the need for chasing updates.
-Encouraging the HR team to proactively share long-term HR roadmaps or anticipated initiatives could help teams align earlier and work toward common goals.",Continue fostering transparent communication and consider implementing tools that make HR project timelines and tasks more transparent to everyone.,1.1,45,5,,人力资源,——,A
10042601,光储集团,营销体系,北美大区,人力资源部,,,执行层,协同方,10010603,4,3,3,4,4,5,4,4,3,5,4,4,,,,,,,,5,5,5,5,5,5,2,2,3,James changed the HR department culture to a more collective and employee-first framework which is noticeable very quickly. Many employee feedbacks which are ignored for years have been successfully managed by James such as adding Kaiser to our benefits package.,"1)Localization
2)Working better with compliance team 
3) Quicker recruiting 
4) More balanced reporting when sending to HQ. Less focus on sales headcount. ",I suggest keep gathering team feedback about their department leaders and make changes when they are necessary. ,1.1,45,5,,人力资源,——,A
10042601,光储集团,营销体系,北美大区,人力资源部,,,执行层,协同方,10005690,3,4,3,3,3,4,5,5,3,3,3,2,,,,,,,,4,4,5,5,5,4,4,4,5,能积极解决人力短缺问题，推动总部签证问题的梳理和解决方案,没有评价,没有评价,1.1,45,5,,人力资源,——,A
10042601,光储集团,营销体系,北美大区,人力资源部,,,执行层,下级,10042369,5,4,4,4,5,5,5,5,5,4,3,3,3,4,3,5,4,4,3,4,5,5,5,5,5,5,3,5,"James trusts in his team to complete their responsibilities autonomously, but is readily able to provide advice and guidance when needed. He is transparent about major updates and developments.","James could be more clear about what items should be prioritized. Suggested timelines about our KPIs would be appreciated too, especially if it relates to another colleague's KPI.",n/a,1.1,45,5,,人力资源,——,A
10042601,光储集团,营销体系,北美大区,人力资源部,,,执行层,下级,10041894,5,3,4,3,3,3,5,4,3,4,4,4,4,4,3,2,2,3,2,1,1,4,3,3,3,3,4,3,"Very personable and warm. Relationship driven, customer focused.",I’d appreciate more advance clarity and quicker alignment during project milestones so the team can proactively plan and execute. Earlier guidance and responsiveness would help us reduce last minute adjustments and improve overall delivery.,No.,1.1,45,5,,人力资源,——,A
10042601,光储集团,营销体系,北美大区,人力资源部,,,执行层,下级,10033518,5,5,4,4,4,4,5,4,4,3,4,4,3,4,4,4,5,5,4,3,3,5,5,5,5,5,5,5,"1. James does an exceptional job to help his team understand how to use soft power to work across departments, and is very good at helping American colleagues understand the dynamics of a Chinese workplace. 
2. James is always supportive of his team and advocates to remote obstacles that make their work more difficult. He understands when to push back on other departments and when to encourage patience from his employees in order to maintain balance. 
3. James has a wealth of industry experience and provides excellent long-term vision for our team. Under his guidance I feel for the first time that our department has a larger strategy. James shows up for his team when it matters while also encouraging them to improve. ","1. James is often traveling and can be challenging to reach. I think it would be wise to establish a plan for how to handle decision making during these periods. What can we decide on our own, and what needs to wait for the final word from him? 
2. I'd love to hear from James what the major factors/priorities are that he considers when making an important business decision. This would help me prepare better and hopefully shorten time spent in the decision making process. This could also help when he is traveling! ",I appreciate all James does for my role and our team. I feel that he truly cares about the work and is a trusted partner for navigating our business environment. Thank you James!,1.1,45,5,,人力资源,——,A
10042601,光储集团,营销体系,北美大区,人力资源部,,,执行层,下级,10031991,5,5,5,5,4,5,5,5,4,5,5,5,3,4,5,5,5,5,4,5,5,5,5,5,4,4,5,4,Building a strong team culture and providing insight to the team on impacts to the business.,I am not sure of any.,Not at this time.  He has been a pleasure working with.,1.1,45,5,,人力资源,——,A
10042601,光储集团,营销体系,北美大区,人力资源部,,,执行层,下级,10030310,5,5,5,4,4,5,4,5,5,5,4,5,4,5,5,5,5,4,5,4,5,5,5,4,5,5,5,5,Strategic thinking and planning. Focuses on compliance in the daily work,"1. Balancing multiple priorities across projects can create delays in decision-making or follow-up communication. Suggestion: Continuing to strengthen delegation strategies and setting clear priority alignment across the team could help improve efficiency and reduce bottlenecks during busy periods.
2. To provide more proactive communications regarding changes, expectations, or project updates. Suggestion: More frequent check-ins or earlier visibility into upcoming changes could help the team feel more aligned and prepared.",N/A,1.1,45,5,,人力资源,——,A
10042601,光储集团,营销体系,北美大区,人力资源部,,,执行层,下级,10028956,,,,,,,,,,,,,,,,,,,,,,,,,,,,,,,,1.1,45,5,,人力资源,——,A
10042601,光储集团,营销体系,北美大区,人力资源部,,,执行层,下级,10017333,5,5,5,5,5,5,5,5,5,5,5,5,5,5,5,5,5,5,4,5,4,5,4,5,4,4,4,4,"Open minded, digital focused",Not that I can think of ,No,1.1,45,5,,人力资源,——,A
10042601,光储集团,营销体系,北美大区,人力资源部,,,执行层,上级,10009139,5,4,5,4,5,5,5,5,5,4,5,5,5,5,4,5,5,5,5,5,5,5,5,5,4,5,5,5,"Hard working, dedication, Mindset flexibility",Demonstrate greater initiative in identifying opportunities for improvement,No,1.1,45,5,,人力资源,——,A
10042579,阳光电气,研发部,,,,,执行层,自己,10042579,4,5,5,5,4,5,4,3,4,5,5,5,4,4,4,5,4,4,4,4,4,5,4,4,5,5,5,5,"1、重视创新设计，鼓励创新行为
2、技术较真性研究，提出较高的解决方案","1、管理能力须进一步提升
2、团队技术能力培养上需要进一步加强",暂无,1.1,41,18,,产品与研发,结构,B+
10042579,阳光电气,研发部,,,,,执行层,协同方,10043561,4,4,4,4,4,5,4,4,4,4,4,4,,,,,,,,5,4,4,4,5,4,5,4,4,客户服务意识极强，始终把客户需求放在首位，能快速响应并妥善解决各类客户问题，客户口碑优异。,跨文化管理与国际化视野有待加强：建议多参与国际化相关培训，主动学习不同领域、不同文化背景的工作模式，拓宽管理格局。,工作任劳任怨。建议后续进一步平衡整体统筹与细节管理，完善系统化人才培养体系，提升整体研发队伍的能力，实现降本。,1.1,41,18,,产品与研发,结构,B+
10042579,阳光电气,研发部,,,,,执行层,协同方,10037806,4,4,4,5,5,5,4,5,5,5,5,5,,,,,,,,3,5,5,5,5,5,5,5,5,"专业能力强
耐心倾听他人意见",多重视研发质量，强化研发质量管理思维,无,1.1,41,18,,产品与研发,结构,B+
10042579,阳光电气,研发部,,,,,执行层,协同方,10037338,4,4,4,4,4,5,4,4,5,5,5,5,,,,,,,,4,4,5,5,5,4,5,4,4,"1.为保证生产交货需要，安排研发人员加班加点保证图纸进度。
2.积极接受各部门反馈的改善意见，推动研发图纸进行改善。","1.提高研发图纸标准化、完善设计规范。涉及操作性和工艺性的规范内容可邀请工艺、生产、质量共同参与。
2.设立机制鼓励研发人员对变压器各模块进行深入研究，多使用仿真工具进行仿真研究。",无,1.1,41,18,,产品与研发,结构,B+
10042579,阳光电气,研发部,,,,,执行层,协同方,10031682,3,3,4,3,4,3,4,4,4,4,4,4,,,,,,,,4,4,3,3,3,3,4,4,4,积极创新,加快推进标准化工作，系统提升成本控制能力,强化风险意识,1.1,41,18,,产品与研发,结构,B+
10042579,阳光电气,研发部,,,,,执行层,协同方,10019854,4,4,5,3,4,5,5,4,4,5,4,4,,,,,,,,4,3,5,5,4,4,4,4,5,"1、能够充分理解并尊重外部需求；
2、能够积极响应外部需求并内部推动开展。","1、在与事业部对接过程中，需要主抓关键节点人物，熟悉外部门规章流程方面；
2、产品设计优化维度，需要提前识别主力产品、外部需求，并开展工作。",暂无。,1.1,41,18,,产品与研发,结构,B+
10042579,阳光电气,研发部,,,,,执行层,协同方,10015649,,,,,,,,,,,,,,,,,,,,,,,,,,,,,,,,1.1,41,18,,产品与研发,结构,B+
10042579,阳光电气,研发部,,,,,执行层,协同方,10009860,5,4,4,4,4,4,5,5,4,5,4,4,,,,,,,,4,4,5,4,5,4,5,5,5,能够耐心接受客户需求,"优化团队技术能力，提高产品核心竞争力
建立客户思维能力，能够站在客户视角看问题",无,1.1,41,18,,产品与研发,结构,B+
10042579,阳光电气,研发部,,,,,执行层,协同方,10001442,2,2,3,2,3,3,3,2,2,3,3,3,,,,,,,,3,3,3,3,4,4,3,4,4,敢于担当，协同较好,无,无,1.1,41,18,,产品与研发,结构,B+
10042579,阳光电气,研发部,,,,,执行层,协同方,10000245,4,4,4,4,4,3,4,2,4,4,4,4,,,,,,,,4,5,5,4,4,5,5,5,5,具有极强的创新意识，在研发方面有想法有行动。,注意养生,无,1.1,41,18,,产品与研发,结构,B+
10042579,阳光电气,研发部,,,,,执行层,下级,10045997,5,5,4,4,4,4,5,4,5,5,4,4,5,4,4,4,5,4,4,4,5,4,5,5,5,4,5,5,"1.坚持阅读专业相关书籍，知识储备量丰富；
2.敏锐度高，能及时识别产品设计过程中的潜在风险点；","1.学术讨论，深耕技术创新，拓宽产品设计空间；
2.设计人才培养体系，师徒帮带，项目实操锻炼平台，提升团队专业能力；",无,1.1,41,18,,产品与研发,结构,B+
10042579,阳光电气,研发部,,,,,执行层,下级,10045996,5,5,4,4,4,3,4,4,5,5,5,4,4,3,4,4,4,4,4,3,5,4,4,4,4,5,5,4,"1、对图纸要求严格，注重图纸规范和标准化
2、执行力强，有问题会及时响应并下发任务
3、有亲和力，与下属沟通顺利","1、数字化工作参与较少
2、积极倾听部门成员的创新想法，建立激励机制",减少加班时长，注重身体健康,1.1,41,18,,产品与研发,结构,B+
10042579,阳光电气,研发部,,,,,执行层,下级,10045220,5,5,5,5,4,3,3,4,3,5,4,3,4,3,3,4,4,3,2,4,3,5,5,3,3,5,3,5,专业能力强,管理水平不足,无,1.1,41,18,,产品与研发,结构,B+
10042579,阳光电气,研发部,,,,,执行层,下级,10044810,4,4,4,4,4,5,4,4,5,4,5,4,4,4,4,5,4,4,5,4,4,5,4,4,4,5,4,5,持续学习，抗压力很强,偶尔控制好情绪,培养分担他压力部门经理,1.1,41,18,,产品与研发,结构,B+
10042579,阳光电气,研发部,,,,,执行层,下级,10044135,4,5,4,4,4,5,5,4,4,5,4,5,4,5,4,5,5,4,5,5,4,4,4,5,4,5,5,5,"1、对待产品认真严谨，细节控
2、考虑问题全面，逻辑清晰","1、管理能力有待提升
2、对任务难度评估不足，计划排期有延期","增加团队活动，增强团队凝聚力
多帮扶新人，对待问题需多点耐心，多鼓励少抱怨",1.1,41,18,,产品与研发,结构,B+
10042579,阳光电气,研发部,,,,,执行层,下级,10043625,5,4,4,4,5,4,4,4,4,5,5,5,4,4,4,4,4,5,4,4,4,5,4,4,4,5,5,5,细心钻研，解决行业内存在的问题。对产品认知度高。,提高部门凝聚力，多组织大家参加集体活动。针对个人能力合理安排工作,无,1.1,41,18,,产品与研发,结构,B+
10042579,阳光电气,研发部,,,,,执行层,下级,10043166,4,5,5,4,4,4,5,4,5,5,5,5,4,4,5,4,4,5,4,5,5,5,5,5,5,4,5,5,对细节的把控非常深入，有非常丰富的行业经验,暂无,王总，技术实力强，对细节要求高，非常值得大家学习,1.1,41,18,,产品与研发,结构,B+
10042579,阳光电气,研发部,,,,,执行层,下级,10043165,2,2,1,2,2,1,1,1,1,2,2,2,2,2,1,1,1,1,1,2,1,1,1,1,1,2,1,2,无,无,无,1.1,41,18,,产品与研发,结构,B+
10042579,阳光电气,研发部,,,,,执行层,下级,10037665,4,4,4,4,3,4,4,3,4,5,4,5,5,5,4,5,4,5,5,4,4,5,4,3,4,4,4,5,"1.积极解决问题；
2.善于能力分享；
","1.更加熟悉业务流程
2.增强团队凝聚力",无,1.1,41,18,,产品与研发,结构,B+
10042579,阳光电气,研发部,,,,,执行层,下级,10037255,4,4,4,4,4,4,5,4,4,5,5,5,4,4,4,4,4,4,4,4,4,4,4,4,4,5,4,4,"1、把响应客户需求作为首要任务，积极倾听，快速响应内外部客户的需求
2、把产品质量放在首位","1、提高管理水平
",无,1.1,41,18,,产品与研发,结构,B+
10042579,阳光电气,研发部,,,,,执行层,下级,10036987,3,2,2,2,3,1,1,2,1,3,3,3,3,3,1,1,2,1,1,3,1,2,1,1,1,2,1,3,良好的工作态度,"管理能力有待提升
个人管理情绪的能力有待提升","对待下级要一视同仁，要平等对待每一位员工，不要PUA下级，效果不好还招人厌；
要对不同人员的工作量有个清楚的认识，纠正个人认知误区，合理安排工作计划；

",1.1,41,18,,产品与研发,结构,B+
10042579,阳光电气,研发部,,,,,执行层,下级,10036009,4,4,4,4,3,2,3,3,2,4,4,3,3,4,3,3,2,3,2,4,4,3,2,3,3,4,3,4,1.工作认真，2.技术水平可以,1.控制情绪，有领导担当2.务实，多做一些提升工作效率，工作氛围的事情,无,1.1,41,18,,产品与研发,结构,B+
10042579,阳光电气,研发部,,,,,执行层,下级,10034957,3,2,2,2,1,1,1,1,3,3,4,3,2,1,2,1,1,2,1,3,4,1,1,1,1,4,3,4,"1、变压器专业设计经验丰富；
2、执行力强。","1、专业前瞻性不足；
2、工作中情绪化较多，管理过程过于主观；
3、员工培养工作欠缺。",提升专业前瞻性，提高有价值创新思想；工作中注意情绪管理；发掘团队潜力，营造良好团队氛围。,1.1,41,18,,产品与研发,结构,B+
10042579,阳光电气,研发部,,,,,执行层,下级,10034949,3,3,3,2,3,2,1,1,2,4,3,3,1,2,1,1,1,1,2,3,2,1,1,2,2,3,1,2,"1.比较能吃苦，对工作负责
2.有钻研技术的精神，比较关注研究产品技术的细节罢工","1.情绪需要稳定，不情绪化管理
2.需要公平公正，保证每个员工都要受到相对公平的对待",情绪需要稳定，改掉NPD性格倾向,1.1,41,18,,产品与研发,结构,B+
10042579,阳光电气,研发部,,,,,执行层,下级,10032815,4,5,4,4,4,2,2,2,3,4,4,4,3,3,4,4,4,3,3,4,4,3,3,3,4,4,3,4,注重细节,无,每个人有不同的想法，多包容其他人员的想法,1.1,41,18,,产品与研发,结构,B+
10042579,阳光电气,研发部,,,,,执行层,下级,10030393,4,4,4,4,4,4,3,3,4,4,4,4,4,3,4,4,4,4,4,4,4,3,3,3,4,4,4,4,"1、遇到问题会积极主动的找到解决办法，推动工作进展；
2、主动给大家分享经验沉淀，督促大家进步。","1、对于外部接到的工作，希望可以按照重要级别进行分类，集中精力处理重要事项；
2、可以多组织与其他部门的交流会，分享工作中的可改善项。",无,1.1,41,18,,产品与研发,结构,B+
10042579,阳光电气,研发部,,,,,执行层,下级,10030302,5,4,3,4,2,1,2,2,2,4,4,4,2,2,2,3,2,2,3,4,2,2,2,1,1,2,2,3,"1.执行力强，领导安排的任务指标下达后能第一时间安排完成，强力推动项目进度。
2.细节把控严格: 对产品的细节设计追求完美，要求做到极致。","1.计划没有数字实际化指标，全靠结果导向，找不到核心卡点位置，一味通过下属互相协商决议，最终还是没有达到预期结果，浪费时间。所有的项目进度需要按时间节点，困难一 一体现进度表中，一 一排除。责任到人，不能没有能力完成，就迁移到其他人身上，导致能力强的越来越忙，能力差的反而压力小了。
2.出了问题要从源头梳理问题，不能通过骂人解决问题——现在出问题找到根源及时处理，通过骂人这种落伍的管理方式不能符合现在企业发展的管理方式，通过绩效，文化认同，找到能力不足的地方进行帮扶，培训，进行提拔团队凝聚力，不能形成看别人笑话的文化氛围。
3.别的部门提的建议需要研发专业角度进行分析，不要不科学的接受-项目进度研发都要有周期的，不同项目，有不同的周期，可以持续提效，加速，要分类好告诉各部门，不要无脑的一味答应，后面周期不足导致项目周期失控，造成更大的损失。","1.AI 快速的发展，能给研发提供更好的工具包，需要深度实践，开发。
2.坚持数据说话，不要主观意识驱动。",1.1,41,18,,产品与研发,结构,B+
10042579,阳光电气,研发部,,,,,执行层,下级,10030047,5,4,4,4,4,3,4,3,4,4,4,4,3,4,4,4,4,4,3,4,4,4,3,3,4,4,5,5,做事严谨，认真，具有钻研精神，公正。,急性格有待改善，管理水平还可提高。,下属犯了错不应打击人自尊，多鼓励。,1.1,41,18,,产品与研发,结构,B+
10042579,阳光电气,研发部,,,,,执行层,上级,10031963,3,4,4,4,4,3,4,4,4,5,5,5,4,4,4,3,4,3,4,4,3,4,4,4,5,5,5,5,积极主动，勤奋好学，有创新想法,缺乏规划和计划性，团队管理能力需要提升,项目和团队管理能力需要提高,1.1,41,18,,产品与研发,结构,B+
10041720,品管中心,质量策划与体系管理,,,,,执行层,自己,10041720,4,4,3,3,3,3,4,4,3,4,3,3,3,4,3,3,4,3,4,3,4,4,3,4,4,5,5,4,"1. 以客户为导向开展工作，不局限于团队或职能，例如对储能产品进行欧盟认证项目，为团队进行方向指引和业务辅导，助力认证成功。
2. 工作中保持务实创新的理念，例如在IPD开发体系方面，对产品开发质量交付件提出以DFMEA/PFMEA为核心的前后贯通梳理思路，与IPD持续研讨推进。","1. 产品业务的深耕性学习需要加强，比如目前对产品质量的业务理解深度还不够，在专业分析和指导方面处于劣势。后续可以在主营产品方面，优先抓取top质量问题进行深入理解学习，掌握主要的质量缺陷及故障树类别等，便于后续横向的扩展理解和分析，以及纵向深入的分析推进。
2. 在体系搭建和改善方面，需考虑更适配的工具和方法，以便对事业部、职能部门等各种差异化的情况，进行有效的工作推动和效率提升。",在内外部团队的跨资源协作方面，需投入更多精力和增强沟通，并站在对方团队的需求角度，采取匹配双方期望的工作方法，更有效的推进和开展工作。,1.2,42,2,,质量,质量体系(QA),B+
10041720,品管中心,质量策划与体系管理,,,,,执行层,协同方,10045557,4,3,3,4,3,3,5,4,4,5,5,5,,,,,,,,4,3,5,5,5,5,5,4,5,系统性，倾听,无,无,1.2,42,2,,质量,质量体系(QA),B+
10041720,品管中心,质量策划与体系管理,,,,,执行层,协同方,10012700,4,4,3,5,4,3,3,4,4,4,5,5,,,,,,,,3,3,4,4,3,4,5,5,5,思维缜密、认真负责,人员管理：建议应该有更多的奖励机制用于质量管理,无,1.2,42,2,,质量,质量体系(QA),B+
10041720,品管中心,质量策划与体系管理,,,,,执行层,协同方,10012347,4,4,4,3,3,3,4,4,4,4,4,4,,,,,,,,4,4,4,4,4,4,4,5,5,做事稳重不急不躁,积极进行管理创新,无,1.2,42,2,,质量,质量体系(QA),B+
10041720,品管中心,质量策划与体系管理,,,,,执行层,协同方,10011653,3,4,4,4,3,4,4,3,3,4,3,4,,,,,,,,3,4,5,4,4,3,4,5,5,"1.针对职责分工不同带来的各个事业部争议问题，能够有效梳理职责边界，拉通各业务协同，阶段性达成共识；
2.对质量管理方法有独特见解，能够很好地借鉴和引入车企关于质量管理的方法。","1.对客户质量体系审核过程参与度建议再做加强，尤其是针对监造审核责任盲区，建议系统性梳理，建立规则；
2.针对海外工厂质量体系建设，体系认证等，尤其是新建工厂，建议可以提前介入、识别策划。",无,1.2,42,2,,质量,质量体系(QA),B+
10041720,品管中心,质量策划与体系管理,,,,,执行层,协同方,10009632,4,4,4,4,5,3,4,5,4,5,4,4,,,,,,,,5,5,5,4,4,5,5,5,4,无,无,无,1.2,42,2,,质量,质量体系(QA),B+
10041720,品管中心,质量策划与体系管理,,,,,执行层,协同方,10005180,4,5,5,4,4,5,4,4,4,4,4,5,,,,,,,,5,5,4,5,5,4,5,5,5,有丰富车企质量管理经验,更多参与品管中心各个领域的业务，将车企的丰富经验分享给大家，进一步提升公司品质管理,无,1.2,42,2,,质量,质量体系(QA),B+
10041720,品管中心,质量策划与体系管理,,,,,执行层,协同方,10001779,4,5,5,5,5,5,4,4,4,5,5,5,,,,,,,,4,5,5,4,4,5,5,5,4,质量理论丰富，敏锐识别风险点,更多实战经验横展,暂无,1.2,42,2,,质量,质量体系(QA),B+
10041720,品管中心,质量策划与体系管理,,,,,执行层,协同方,10001528,5,5,5,5,5,5,5,5,5,5,5,5,,,,,,,,5,5,5,5,5,5,5,5,5,具有主动客观的质量管理与推进意识，且能够主动提出合理建议，并在争议中争取一致。,质量管理的战略指标与规划；,无,1.2,42,2,,质量,质量体系(QA),B+
10041720,品管中心,质量策划与体系管理,,,,,执行层,协同方,10001452,4,4,4,4,5,3,3,4,4,4,4,4,,,,,,,,5,4,5,4,4,4,4,4,5,"在25年质量变革过程中，积极推动内外部资源很好的达成目标；
车企工作多年，质量专业知识扎实，思考问题逻辑性强","集团业务覆盖面广，快速熟悉、深入各业务，结合自己专业知识给与建议和指导。
",无,1.2,42,2,,质量,质量体系(QA),B+
10041720,品管中心,质量策划与体系管理,,,,,执行层,协同方,10001414,5,5,4,4,4,5,4,4,5,4,4,5,,,,,,,,4,5,4,4,4,4,5,5,4,"1、能积极与各业务方沟通交流
",无,无,1.2,42,2,,质量,质量体系(QA),B+
10041720,品管中心,质量策划与体系管理,,,,,执行层,下级,10010434,3,2,2,2,2,2,2,3,3,4,3,3,2,4,4,2,2,2,3,2,2,3,2,3,2,5,5,5,情绪稳定，耐心，信任他人,加强沟通，加强赋能,多将先进经验赋能阳光,1.2,42,2,,质量,质量体系(QA),B+
10041720,品管中心,质量策划与体系管理,,,,,执行层,下级,10001068,3,3,3,3,3,3,3,3,4,3,4,4,3,4,3,3,4,3,4,3,4,4,4,4,4,4,4,4,/,/,/,1.2,42,2,,质量,质量体系(QA),B+
10041720,品管中心,质量策划与体系管理,,,,,执行层,上级,10000896,3,4,4,4,3,3,3,3,4,4,4,4,3,4,5,4,3,4,4,5,5,4,4,5,4,4,5,5,较好的质量管理背景和质量管理逻辑，能够有效的拉通事业部推动质量改进活动，,进一步的提升自身的质量影响力，树立质量专家的形象,业务部门质量负责人的牵引、赋能、支持方面可以有更深的研究和思考，通过业务部门质量负责人的协同和合作助力业务提升自身质量管理水平，最终助力业务的成功。,1.2,42,2,,质量,质量体系(QA),B+
10041408,光储集团,营销体系,欧洲大区,德语区、北欧、荷比卢、土耳其,北欧,瑞典、芬兰,执行层,自己,10041408,4,4,4,5,5,5,5,4,4,5,5,4,3,4,4,5,5,5,4,5,4,4,4,5,5,4,5,4,"- customer first focus
- high EQ",- cultural exchange,Nothing more to add,1.2,40,6,,营销,商务销售,B+
10041408,光储集团,营销体系,欧洲大区,德语区、北欧、荷比卢、土耳其,北欧,瑞典、芬兰,执行层,协同方,10042855,4,4,5,5,4,5,4,5,4,5,5,4,,,,,,,,3,4,5,4,5,3,5,5,5,"Leading the team with a proactive approach, actively listening, providing support where needed, and ensuring that employees´ needs are always prioritized.","Dare to let go and avoid stepping in too much, create space for individuals to take ownership and drive their own work.
Be confident in saying no and prioritizing your own responsibilities to avoid becoming overloaded.
Make sure to dedicate time across all departments, sales are important, but dont lose focus on other areas as well.",-,1.2,40,6,,营销,商务销售,B+
10041408,光储集团,营销体系,欧洲大区,德语区、北欧、荷比卢、土耳其,北欧,瑞典、芬兰,执行层,协同方,10032638,5,5,5,4,3,5,4,5,4,5,5,5,,,,,,,,5,5,5,5,4,4,4,5,4,building great client relationships and helping bridge the gap when needed in critical situations ,-,-,1.2,40,6,,营销,商务销售,B+
10041408,光储集团,营销体系,欧洲大区,德语区、北欧、荷比卢、土耳其,北欧,瑞典、芬兰,执行层,协同方,10019859,3,3,3,3,4,3,4,3,3,4,4,4,,,,,,,,3,3,3,3,3,4,3,3,3,Thoughtful ,None,None ,1.2,40,6,,营销,商务销售,B+
10041408,光储集团,营销体系,欧洲大区,德语区、北欧、荷比卢、土耳其,北欧,瑞典、芬兰,执行层,协同方,10017371,5,4,5,4,4,4,5,5,5,5,4,4,,,,,,,,4,5,5,5,5,4,5,5,5,/,/,/,1.2,40,6,,营销,商务销售,B+
10041408,光储集团,营销体系,欧洲大区,德语区、北欧、荷比卢、土耳其,北欧,瑞典、芬兰,执行层,协同方,10016054,,,,,,,,,,,,,,,,,,,,,,,,,,,,,,,,1.2,40,6,,营销,商务销售,B+
10041408,光储集团,营销体系,欧洲大区,德语区、北欧、荷比卢、土耳其,北欧,瑞典、芬兰,执行层,协同方,10014933,3,3,2,2,2,2,2,2,2,2,2,3,,,,,,,,2,2,3,2,3,2,3,3,3,Friendly and approachable,Organize more cross-business meetings and speak up more actively,Organize more cross-business meetings and speak up more actively,1.2,40,6,,营销,商务销售,B+
10041408,光储集团,营销体系,欧洲大区,德语区、北欧、荷比卢、土耳其,北欧,瑞典、芬兰,执行层,协同方,10014226,,,,,,,,,,,,,,,,,,,,,,,,,,,,,,,,1.2,40,6,,营销,商务销售,B+
10041408,光储集团,营销体系,欧洲大区,德语区、北欧、荷比卢、土耳其,北欧,瑞典、芬兰,执行层,协同方,10010407,3,4,3,3,3,4,3,3,2,2,3,3,,,,,,,,3,3,3,3,3,3,3,3,4,Setting up new office ,-,-,1.2,40,6,,营销,商务销售,B+
10041408,光储集团,营销体系,欧洲大区,德语区、北欧、荷比卢、土耳其,北欧,瑞典、芬兰,执行层,协同方,10009767,4,5,4,4,4,4,5,4,4,4,5,4,,,,,,,,3,4,4,5,4,3,4,5,4,No comment,No comment,No comment,1.2,40,6,,营销,商务销售,B+
10041408,光储集团,营销体系,欧洲大区,德语区、北欧、荷比卢、土耳其,北欧,瑞典、芬兰,执行层,协同方,10009528,4,4,4,4,3,4,5,4,5,4,3,4,,,,,,,,4,3,4,5,4,4,4,4,4,"Open to learning, reasonable, proactive",I don't have,I don't have,1.2,40,6,,营销,商务销售,B+
10041408,光储集团,营销体系,欧洲大区,德语区、北欧、荷比卢、土耳其,北欧,瑞典、芬兰,执行层,协同方,10007913,3,3,4,3,4,3,4,4,5,4,4,3,,,,,,,,3,3,5,4,4,4,5,4,5,Customer mindset,Internal collaboration,No comment,1.2,40,6,,营销,商务销售,B+
10041408,光储集团,营销体系,欧洲大区,德语区、北欧、荷比卢、土耳其,北欧,瑞典、芬兰,执行层,协同方,10007708,5,5,4,4,4,4,4,5,4,4,4,4,,,,,,,,4,4,4,4,4,5,4,4,5,Enthusiastic and proactive at work,"The Nordic PV and storage market is growing rapidly, and we need to seize the opportunity",No comment,1.2,40,6,,营销,商务销售,B+
10041408,光储集团,营销体系,欧洲大区,德语区、北欧、荷比卢、土耳其,北欧,瑞典、芬兰,执行层,协同方,10007343,5,4,4,4,4,5,5,5,4,5,5,5,,,,,,,,4,4,5,5,5,4,4,5,4,...,...,...,1.2,40,6,,营销,商务销售,B+
10041408,光储集团,营销体系,欧洲大区,德语区、北欧、荷比卢、土耳其,北欧,瑞典、芬兰,执行层,协同方,10007027,,,,,,,,,,,,,,,,,,,,,,,,,,,,,,,,1.2,40,6,,营销,商务销售,B+
10001852,光储集团,地面光伏事业部,产品规划与市场部,,,,执行层,上级,10000335,3,3,3,3,4,3,3,4,4,4,4,4,3,3,3,3,4,3,4,3,3,4,4,4,5,4,4,4,做事踏实 任劳任怨 专业,市场洞察 与产品推广   产品路标规划,抓住主要矛盾,14.2,38,6,,产品与研发,产品,B+
10001852,光储集团,地面光伏事业部,产品规划与市场部,,,,执行层,下级,10011654,5,5,5,5,5,5,4,4,5,4,5,5,4,4,5,5,5,5,5,5,5,5,5,5,5,4,4,5,"1. 执行力很高，识别的问题能够很有力度的推进
2. 关心员工成长和心里状态",暂无,无,14.2,38,6,,产品与研发,产品,B+
10001852,光储集团,地面光伏事业部,产品规划与市场部,,,,执行层,下级,10014059,5,5,5,5,5,5,5,4,5,5,5,4,4,4,4,5,5,4,5,5,5,5,4,5,5,5,5,4,执行力超强，抗压，情绪稳定，待人真诚,增加客户交流,无,14.2,38,6,,产品与研发,产品,B+
10001852,光储集团,地面光伏事业部,产品规划与市场部,,,,执行层,下级,10017582,5,5,5,5,5,4,4,5,4,5,4,5,5,5,4,5,5,5,5,4,5,4,4,5,4,4,5,4,"1.听取下属意见或者建议
2.关系下属工作以及生活","1. 决策效率：部分常规事项可进一步简化决策流程，提升响应速度。

2. 落地跟进：方案落地后的长效跟踪、复盘总结可加强，沉淀经验复用。",无,14.2,38,6,,产品与研发,产品,B+
10001852,光储集团,地面光伏事业部,产品规划与市场部,,,,执行层,下级,10020768,3,4,4,4,3,2,5,4,3,4,4,5,2,2,4,3,3,3,5,2,5,5,5,3,3,5,5,5,不易怒、抗压能力强,凝聚部门内力量，形成统一战线，不要让各自为政；能授权信任下属,是个好人,14.2,38,6,,产品与研发,产品,B+
10001852,光储集团,地面光伏事业部,产品规划与市场部,,,,执行层,下级,10023097,5,4,4,4,5,5,5,5,4,4,5,4,4,5,5,4,4,5,5,5,4,4,5,5,4,4,5,5,倾听部门成员的想法；经常帮助部门成员,无,无,14.2,38,6,,产品与研发,产品,B+
10001852,光储集团,地面光伏事业部,产品规划与市场部,,,,执行层,下级,10028619,4,3,4,5,4,4,5,4,3,4,5,4,5,4,5,4,5,4,4,4,5,4,4,4,4,4,5,4,技术背景深厚，产品知识理解很深,开阔国际化视野，提高战略布局,无,14.2,38,6,,产品与研发,产品,B+
10001852,光储集团,地面光伏事业部,产品规划与市场部,,,,执行层,协同方,10000984,,,,,,,,,,,,,,,,,,,,,,,,,,,,,,,,14.2,38,6,,产品与研发,产品,B+
10001852,光储集团,地面光伏事业部,产品规划与市场部,,,,执行层,协同方,10009041,3,3,3,3,3,4,4,4,3,4,4,4,,,,,,,,3,4,3,4,4,3,4,4,4,暂无,暂无,暂无,14.2,38,6,,产品与研发,产品,B+
10001852,光储集团,地面光伏事业部,产品规划与市场部,,,,执行层,协同方,10009085,3,3,4,5,3,3,4,5,5,5,5,5,,,,,,,,5,4,5,4,5,5,5,5,5,执行力强，有很强的大局观,关注下属成长，多注重跨部门协同,无,14.2,38,6,,产品与研发,产品,B+
10001852,光储集团,地面光伏事业部,产品规划与市场部,,,,执行层,协同方,10011549,,,,,,,,,,,,,,,,,,,,,,,,,,,,,,,,14.2,38,6,,产品与研发,产品,B+
10001852,光储集团,地面光伏事业部,产品规划与市场部,,,,执行层,协同方,10002705,4,4,3,3,3,3,4,4,4,4,4,4,,,,,,,,4,4,4,4,4,4,4,4,4,执行力非常强,自己的想法偏少,勇于表达自己的想法,14.2,38,6,,产品与研发,产品,B+
10001852,光储集团,地面光伏事业部,产品规划与市场部,,,,执行层,协同方,10001524,4,4,3,3,3,4,4,4,3,4,4,4,,,,,,,,4,3,4,4,4,4,4,4,4,执行力强、结果导向,作为负责人，策划能力有待提升,无,14.2,38,6,,产品与研发,产品,B+
10001852,光储集团,地面光伏事业部,产品规划与市场部,,,,执行层,协同方,10001442,3,4,3,3,3,3,4,2,3,4,3,3,,,,,,,,4,3,4,3,4,4,4,4,4,做事积极主动，有责任心,敢于突破部门阻力，深度解决根本问题,无,14.2,38,6,,产品与研发,产品,B+
10001852,光储集团,地面光伏事业部,产品规划与市场部,,,,执行层,协同方,10000752,4,4,5,4,3,3,4,4,5,5,4,4,,,,,,,,4,4,5,4,4,5,4,5,5,执行力强，能迅速将压力转化为行动,全局思考、谋事策略,无,14.2,38,6,,产品与研发,产品,B+
10001852,光储集团,地面光伏事业部,产品规划与市场部,,,,执行层,协同方,10045557,5,4,4,5,3,5,5,4,5,4,5,5,,,,,,,,5,4,5,5,5,5,5,5,5,创新能力，逻辑性,无,无,14.2,38,6,,产品与研发,产品,B+
10001852,光储集团,地面光伏事业部,产品规划与市场部,,,,执行层,协同方,10000740,4,4,5,5,4,4,4,5,4,5,4,5,,,,,,,,5,4,5,4,5,4,5,5,5,、,、,、,14.2,38,6,,产品与研发,产品,B+
10001852,光储集团,地面光伏事业部,产品规划与市场部,,,,执行层,自己,10001852,5,5,4,4,5,4,5,4,5,5,5,5,4,4,4,5,4,5,5,4,4,4,4,4,4,5,5,5,无,无,无,14.2,38,6,,产品与研发,产品,B+
10001881,光储集团,储能事业部,储能变流产品线,储能变流产品部,,,执行层,上级,10003682,5,4,4,3,3,3,4,4,5,5,5,5,3,4,4,3,4,4,4,4,4,4,3,5,5,5,5,5,为人坦诚，工作担当力强，与他人或在部门协同意愿强，值得团队信赖,"1.针对业务发展和部门岗位能力建设，需要更多思考，利用高效的管理手段如AI，快速建立能力和解决问题，个人放下某些具体事务，聚焦核心问题推进。
2.提高向上管理和跨部门管理意识，充分调用资源。",加强个人领导力和组织文化建设方面的能力提升,14.2,36,7,4/20/2026,营销,营销策略,A
10001881,光储集团,储能事业部,储能变流产品线,储能变流产品部,,,执行层,下级,10007007,1,1,1,1,1,2,3,1,2,3,3,2,2,2,1,1,1,1,3,1,1,3,3,3,2,3,3,4,暂无,产品部的SE角色比较适合被评估人。被评估人具备工科背景，另外对于储能产品较熟悉，比较适合产品部的SE角色。,"1、主动利用科学管理方法，充分利用现有资源，前置规划、有效利用，避免资源浪费与团队成员的精神内耗；
2、积极带领团队成员，梳理各岗位工作职责及内容，确认工作目标；
3、树立“对结果负责”的工作理念，引导团队，为产品线塑造“对结果负责”的工作氛围；
4、带领团队梳理达成部门关键KPI存在哪些短板及风险，并制定措施；
5、及时提供补位及指导，做到有求必应，有应必果。避免出现团队成员及外部同事求助时，响应不及时或者不响应的情况发生；
6、做阳光文化的传承人，传播者，做阳光文化基因的传导者，避免官僚作风；
7、充分利用管理角色的影响力，在与外部门协同工作中，积极建立顺畅高效的工作流程及管理措施；",14.2,36,7,4/20/2026,营销,营销策略,A
10001881,光储集团,储能事业部,储能变流产品线,储能变流产品部,,,执行层,下级,10014648,5,5,4,5,5,5,5,5,4,5,5,5,5,4,5,5,5,5,4,5,5,5,5,5,5,5,5,5,"1、影响力较高，经常帮助下属及业务相关的外部门同事处理困难度较高的问题，得到外部门及本部门的认可；
2、思维逻辑清晰，处理问题考虑全面周到，帮助我们协调资源，解决困难；
3、团结友好，部门内部各业务之间资源冲突，帮助我们分解任务优先级，合理利用资源并完成任务；","1、部门内部的人员工作量大，压力较大；
建议：业务强相关的部门组织团建，紧密沟通合作，建议加大部门内部和部门间的文化团建，缓解压力；",暂无,14.2,36,7,4/20/2026,营销,营销策略,A
10001881,光储集团,储能事业部,储能变流产品线,储能变流产品部,,,执行层,下级,10032028,5,5,4,5,5,4,3,5,5,5,5,5,4,4,4,5,4,5,3,5,4,4,5,4,5,5,4,4,"1、责任心强，积极处理各环节疑难问题，不推诿，始终以客户需求为导向
2、能高效率拉通各个部门卡点，主动牵头。既能高效决策、也能非常细节地落实到各个环节",现阶段承担的工作量及任务非常繁杂、具体，希望在团队快速成长、壮硕之后能切换更多精力投到管理，辐射出更大的能量,暂无,14.2,36,7,4/20/2026,营销,营销策略,A
10001881,光储集团,储能事业部,储能变流产品线,储能变流产品部,,,执行层,下级,10036968,4,3,4,3,3,3,4,4,4,3,4,4,4,4,4,4,4,4,4,4,4,4,4,4,4,4,4,4,"1、遇事不慌，冷静处理
2、格局，站在公司角度付出",团队氛围，信息互通，人员发展路径等,无,14.2,36,7,4/20/2026,营销,营销策略,A
10001881,光储集团,储能事业部,储能变流产品线,储能变流产品部,,,执行层,下级,10041948,5,5,5,5,5,4,4,5,4,5,4,5,4,5,4,5,4,5,5,4,4,4,4,5,5,4,5,5,为人处世周到，做事情春风化雨,暂无,无,14.2,36,7,4/20/2026,营销,营销策略,A
10001881,光储集团,储能事业部,储能变流产品线,储能变流产品部,,,执行层,协同方,10000828,,,,,,,,,,,,,,,,,,,,,,,,,,,,,,,,14.2,36,7,4/20/2026,营销,营销策略,A
10001881,光储集团,储能事业部,储能变流产品线,储能变流产品部,,,执行层,协同方,10007764,5,5,4,5,5,4,4,5,4,4,5,5,,,,,,,,4,5,5,4,4,5,4,5,5,"1、工作认真负责，工作态度积极，非常专业；
2、主动承担额外任务，在项目紧急或人手不足时，主动分担；",无,无,14.2,36,7,4/20/2026,营销,营销策略,A
10001881,光储集团,储能事业部,储能变流产品线,储能变流产品部,,,执行层,协同方,10011959,3,3,4,3,3,3,3,3,4,3,4,4,,,,,,,,4,5,5,3,3,3,4,5,5,以结果为导向，合理规划人力、时间等各项资源，推动目标达成。,着眼全局，PCS项目管理与相关方协同互动。,无,14.2,36,7,4/20/2026,营销,营销策略,A
10001881,光储集团,储能事业部,储能变流产品线,储能变流产品部,,,执行层,协同方,10013049,4,4,4,4,4,4,3,4,3,4,5,4,,,,,,,,4,4,4,4,4,4,4,4,4,项目管理井井有条,暂无,暂无,14.2,36,7,4/20/2026,营销,营销策略,A
10001881,光储集团,储能事业部,储能变流产品线,储能变流产品部,,,执行层,协同方,10017791,4,5,5,4,4,4,5,5,4,5,4,4,,,,,,,,4,4,4,5,4,4,5,5,5,敬业,跨组织沟通,\,14.2,36,7,4/20/2026,营销,营销策略,A
10001881,光储集团,储能事业部,储能变流产品线,储能变流产品部,,,执行层,协同方,10019447,4,5,4,4,4,4,5,3,4,4,5,4,,,,,,,,5,4,5,3,5,4,5,5,5,执行力强，有想象力,协调能力需加强,无,14.2,36,7,4/20/2026,营销,营销策略,A
10001881,光储集团,储能事业部,储能变流产品线,储能变流产品部,,,执行层,协同方,10021389,4,4,4,5,4,5,4,5,5,5,5,4,,,,,,,,5,5,5,4,5,5,5,4,5,"敏锐地发现产品问题并能快速给出解决方案
与各个相关方团队工作关系和谐，有助于提高协作效率",暂无,暂无,14.2,36,7,4/20/2026,营销,营销策略,A
10001881,光储集团,储能事业部,储能变流产品线,储能变流产品部,,,执行层,协同方,10022840,4,5,5,5,4,4,5,5,4,4,4,5,,,,,,,,4,4,5,5,4,4,5,4,5,"国际化视野宽阔，文化尊重优异；
目标意识强，善于拆解任务、制定计划，把控工作节奏","系统思维不足，工作偏单点推进，缺少整体规划和长远布局
KPI牵引性工作投入较多，OKR思考偏少","加强年度 / 季度工作系统谋划，提前布局重点任务，由 “被动做事” 转为 “主动谋事”。
不拘泥结果导向管理，主动谋划OKR方向",14.2,36,7,4/20/2026,营销,营销策略,A
10001881,光储集团,储能事业部,储能变流产品线,储能变流产品部,,,执行层,协同方,10023672,5,4,5,4,5,4,5,4,5,4,5,4,,,,,,,,5,4,5,4,5,4,4,5,4,工作扎实，勤奋，以结果为导向,提升技术经营能力,增强团队内部影响力,14.2,36,7,4/20/2026,营销,营销策略,A
10001881,光储集团,储能事业部,储能变流产品线,储能变流产品部,,,执行层,协同方,10003745,4,5,4,4,4,4,4,3,5,4,5,4,,,,,,,,4,4,4,5,4,5,4,5,5,项目风险识别能力,团队下属的绩效提升,无,14.2,36,7,4/20/2026,营销,营销策略,A
10001881,光储集团,储能事业部,储能变流产品线,储能变流产品部,,,执行层,自己,10001881,5,5,4,5,5,5,4,5,5,5,5,5,4,4,5,4,5,5,5,5,4,5,4,5,5,5,5,5,聚焦核心业务开展工作，专业能力突出，研判问题精准，面对业务卡点敢于迎难而上。始终以结果为导向，高效推进各项指标落地，持续为业务提质增效,管理的高度不够，合理借助外部资源推动,进一步强化客户思维，摒弃本位思想。多换位思考、倾听反馈，从客户视角查漏补缺，让工作成果真正契合客户价值。,14.2,36,7,4/20/2026,营销,营销策略,A
10001965,行政服务中心,项目发展部,,,,,执行层,上级,10000456,5,4,4,4,5,4,4,4,5,5,5,5,5,4,4,5,4,4,5,5,5,5,5,4,5,5,5,5,爱岗敬业，责任心较强；吃苦耐劳，任劳任怨，遇到关键任务时能够带头加班加点,加强数字化、AIDC等新业务知识学习；加强领导力建设提升,心态要更加开放大度，虚心听取本部门及相关同事的意见和建议；努力做好本部门组织氛围和团队能力的建设和提升,14,45,3,,行政管理,项目发展,B+
10001965,行政服务中心,项目发展部,,,,,执行层,下级,10001841,,,,,,,,,,,,,,,,,,,,,,,,,,,,,,,,14,45,3,,行政管理,项目发展,B+
10001965,行政服务中心,项目发展部,,,,,执行层,下级,10005280,5,5,4,3,5,4,3,3,4,5,4,5,3,4,4,5,4,3,3,5,4,5,3,4,4,4,4,5,以身作则，以厂为家，责任心强，执行力突出；公共关系维护出色，成效显著；在压力下保持冷静并积极解决问题。,善于听取组员心声，及时肯定和认可组员，沟通前做好准备，鲜明的表达观点，提供情绪价值；减少“完美主义”要求，发挥组员特长，贴近代际管理；持续迭代认知，带领团队拥抱新形势新变化。,坚持底色和原则，持续营造公平、公正、透明、信任、向上的部门文化氛围,14,45,3,,行政管理,项目发展,B+
10001965,行政服务中心,项目发展部,,,,,执行层,下级,10020620,5,5,5,5,4,4,4,4,5,5,5,5,4,4,5,4,5,4,5,5,5,5,4,4,4,5,5,5,"1、懂政策且具备全局观念，每年初带领团队进行政策研判，制定年度申报计划。日常及时对接主管部门了解政策年度更新情况，能够深入研究上级政策导向，结合集团及分子公司实际情况，提前布局具有高可行性和高价值的申报方向，避免了“为了申报而申报”的盲目性，显著提高了项目申报成功率。
2、能够实现高效统筹与资源整合，在项目申报时间极度紧张的情况下，高效协调跨部门（如：财务、研发等）资源，打通痛点堵点，确保申报材料按时、高质量完成。",建议后期在工作中加强对下属差异化特质的识别与组合。在申报任务分工中，不仅能考量专业能力，更能兼顾性格特点，通过“扬长避短”实现人岗匹配，既提升申报成功率，也为员工提供适配的成长路径，实现个人价值及幸福感。,暂无,14,45,3,,行政管理,项目发展,B+
10001965,行政服务中心,项目发展部,,,,,执行层,下级,10027558,4,4,3,3,3,2,2,2,3,4,4,4,3,2,3,3,3,2,2,4,4,4,3,3,3,3,2,4,责任心强，工作刻苦,团队氛围，工作逻辑,暂无,14,45,3,,行政管理,项目发展,B+
10001965,行政服务中心,项目发展部,,,,,执行层,下级,10032046,4,4,4,4,4,4,4,4,5,4,5,4,5,4,5,4,5,4,5,4,5,4,5,4,5,4,5,4,责任心强、有大局观,拓展项目申报范围，带领部门越来越好,暂无,14,45,3,,行政管理,项目发展,B+
10001965,行政服务中心,项目发展部,,,,,执行层,下级,10034650,5,5,5,5,5,5,5,5,5,5,5,5,5,5,5,5,5,5,5,5,5,5,5,5,5,5,5,5,"1. 业务精通：在岗位专业领域知识扎实，能快速识别问题本质，提出切实可行的解决方案；
2. 持续进化：保持对行业新趋势、新工具的好奇心，主动学习并将知识转化为工作实效（如优化流程、提升效率）；
3. 以身作则：在日常工作中展现出高度的敬业精神与职业操守，成为团队中的正向标杆。",无,无,14,45,3,,行政管理,项目发展,B+
10001965,行政服务中心,项目发展部,,,,,执行层,协同方,10001609,4,5,4,5,4,4,4,4,5,5,4,5,,,,,,,,5,4,4,4,4,4,5,4,5,"1、能主动的进行跨部门沟通，推进事项达成
2、对外的项目奖项背景知识有很深的了解，也能尽量做到内部赋能","1、项目管理过程还是需要加强精细化的任务分配
2、加强跨部门的沟通合作机制的思考",暂无,14,45,3,,行政管理,项目发展,B+
10001965,行政服务中心,项目发展部,,,,,执行层,协同方,10003457,4,4,4,3,4,3,3,3,3,4,4,4,,,,,,,,3,4,4,3,3,3,4,4,4,勤奋踏实，细致谨慎,及时调整管理思路，用下属能接受的方式，重构团队凝聚力,无,14,45,3,,行政管理,项目发展,B+
10001965,行政服务中心,项目发展部,,,,,执行层,协同方,10010294,4,5,5,5,4,4,4,4,5,5,5,5,,,,,,,,4,5,5,5,5,4,5,5,5,1、具备出色的沟通技巧和公关能力；2、项目申报经验丰富，相关政策理解和解读能力。,"1、加强谈判技巧学习，可开展针对性学习和技能训练。
2、提升个人财务数字解读能力，加强财务相关知识培训和学习。",项目申报经验极为丰富，对行业相关政策积淀深厚，公共能力强，能够较好的协调相关资源达成目标。,14,45,3,,行政管理,项目发展,B+
10001965,行政服务中心,项目发展部,,,,,执行层,协同方,10011824,4,4,3,3,4,4,3,4,4,5,4,4,,,,,,,,4,5,3,3,4,4,5,4,4,主动响应欧洲FSR政策要求，积极解决项目申报合规性问题。,加强对个人自信的培养，可以从公开场合的汇报、发言方面提升系统性着手。,无,14,45,3,,行政管理,项目发展,B+
10001965,行政服务中心,项目发展部,,,,,执行层,协同方,10016687,5,4,5,4,4,5,4,5,4,5,4,5,,,,,,,,4,5,5,4,4,4,5,4,5,忠于公司、忠于工作；亲力亲为、一身作则；任劳任怨、努力认真。,关注团队协作意识；提升团队管理能力；提高主动担当能力；,无,14,45,3,,行政管理,项目发展,B+
10001965,行政服务中心,项目发展部,,,,,执行层,协同方,10020262,5,4,4,4,3,4,4,5,4,4,5,4,,,,,,,,4,3,4,5,5,5,5,4,4,协调能力强，能够及时发现问题并协调相关资源进行推进业务进行，外联能力强。,在政策解读和预判上可以在提升下，提前准备资源进行匹配。,无,14,45,3,,行政管理,项目发展,B+
10001965,行政服务中心,项目发展部,,,,,执行层,协同方,10027592,4,4,4,4,4,4,4,4,4,4,4,4,,,,,,,,4,4,4,4,4,4,4,4,4,积极主动服务客户，确保信息质量与风险合规,。,。,14,45,3,,行政管理,项目发展,B+
10001965,行政服务中心,项目发展部,,,,,执行层,自己,10001965,5,5,5,4,5,5,4,4,5,5,5,5,3,4,4,4,4,4,5,5,5,5,4,5,5,5,5,5,"1.对工作全心投入，积极合理利用政策，挖掘项目机会，并实现利益最大化。
2.对内积极赋能子公司，合理规划并协助支持政策项目申报，助力子公司业务快速发展；
3.对外积极维护政企关系，有效支撑公司业务运行和政策利用。","1.加强管理知识和英语的学习，提升自己的管理能力和综合能力。
2.加强团队的建设，从文化、协同、机制建设等方面还需要开展各类变革创新，打造和谐、学习型团队，适应公司不同阶段的发展需求。
3.加强公司业务的学习，通过不断获取知识，更好的开展部门工作和政策利用。",要敢于创新，并坚决贯彻执行，对下属不合理或消极应对各类事务态度学会坚决说不。,14,45,3,,行政管理,项目发展,B+
10041408,光储集团,营销体系,欧洲大区,德语区、北欧、荷比卢、土耳其,北欧,瑞典、芬兰,执行层,下级,10046647,5,5,5,5,4,5,5,5,4,5,5,5,3,4,5,5,5,5,4,5,5,5,5,5,5,4,5,5,"Supporting both my development, letting me take my own approach, Supports my strategy and decisions made within my team",Perhaps to de-compartmentalize Sweden and the rest of Nordics.,"Keep smashing it, and allowing me to smash it too",1.2,40,6,,营销,商务销售,B+
10041408,光储集团,营销体系,欧洲大区,德语区、北欧、荷比卢、土耳其,北欧,瑞典、芬兰,执行层,下级,10046326,4,4,4,4,4,4,5,4,3,3,4,4,4,4,4,4,4,5,4,4,4,5,4,4,5,4,5,4,"Customer relationship, positive atmosphere, ",Focus on talks when having one to one.,keep on the good work,1.2,40,6,,营销,商务销售,B+
10041408,光储集团,营销体系,欧洲大区,德语区、北欧、荷比卢、土耳其,北欧,瑞典、芬兰,执行层,下级,10032771,5,5,4,5,5,4,5,4,4,5,5,5,4,4,4,4,5,5,5,4,5,5,5,5,5,4,5,5,"1. Samer has during his 1 year at SG been able to get thrown into complex customer situations and find ways to solve them in a proper way. 

2. Samer has been able to build trust with the clients during a short period of time and use his past experiences and roles to do so","1. As Samer comes from the start-up business, he sometimes believe that some internal processess takes faster than they currently are- this is not something negative itself- but he is starting to realize that. 

2. In some situations a more clear way of communication would be benifical- especially if it involves cross-team goals or challenges","No further suggestions, overall I think that Samer has done a great job as the Country Manager of Sweden. It is not an easy task to take on, especially during a short amount of time. ",1.2,40,6,,营销,商务销售,B+
10041408,光储集团,营销体系,欧洲大区,德语区、北欧、荷比卢、土耳其,北欧,瑞典、芬兰,执行层,下级,10029683,4,4,4,4,5,4,5,3,3,5,4,4,1,2,3,4,4,4,4,3,4,4,4,4,5,3,5,4,"Reliable and punctual. Patient, even in challenging situations.

Down-to-earth and Strong team player. Has a Positive Team Impact.","Ensure consistent recognition of others’ contributions, especially when discussing projects with customers or management.

Maintain a calm and composed approach in high-pressure situations to support team confidence",Keep up the great work!,1.2,40,6,,营销,商务销售,B+
10041408,光储集团,营销体系,欧洲大区,德语区、北欧、荷比卢、土耳其,北欧,瑞典、芬兰,执行层,上级,10009084,4,4,5,5,4,5,5,4,4,5,4,5,3,4,4,4,4,4,5,5,4,4,4,5,4,4,4,4,"Quickly understood SUngrow culture, the way the business works and company culture. Has improved the team structure in Sweden a lot and is supporting the team wherever possible. Also high customer and business focus.",Needs to continue to create a better team-atmosphere between all segments in Sweden and make sure the wole team is involved and has strong sense for cooperation and going the extra mile also for colleagues from other teams.,-,1.2,40,6,,营销,商务销售,B+
10040666,光储集团,营销体系,欧洲大区,南欧、英国、爱尔兰,意大利,,执行层,自己,10040666,3,4,2,4,2,2,4,3,4,4,3,4,1,1,2,1,4,4,3,4,4,3,2,4,4,4,2,5,"teamwork, target oriented","company culture, processes efficiency","role empowerment, matrix organisation",1.2,52,2,,营销,商务销售,B
10040666,光储集团,营销体系,欧洲大区,南欧、英国、爱尔兰,意大利,,执行层,协同方,10044523,5,5,5,4,4,5,4,5,4,5,4,5,,,,,,,,4,4,5,4,5,5,4,4,5,"1. Passion for the company - Leader 
2. Mentorship
3. Coaching team members",None,None,1.2,52,2,,营销,商务销售,B
10040666,光储集团,营销体系,欧洲大区,南欧、英国、爱尔兰,意大利,,执行层,协同方,10031645,4,4,4,5,4,4,4,5,4,3,4,3,,,,,,,,3,4,4,3,4,3,3,4,4,Channel management,NA,NA,1.2,52,2,,营销,商务销售,B
10040666,光储集团,营销体系,欧洲大区,南欧、英国、爱尔兰,意大利,,执行层,协同方,10029806,3,4,3,3,3,4,4,4,3,4,4,4,,,,,,,,4,4,3,3,3,3,5,4,4,"He demonstrates a strong growth mindset and commitment to continuous learning. Even within a highly demanding and fast-paced working environment, he consistently seeks opportunities to expand his knowledge, adapt to new challenges, and improve both personally and professionally.
He shows adaptability and resilience in managing changing priorities and dynamic business needs. His ability to perform effectively under pressure while maintaining focus and productivity is a valuable example.","While his strong involvement in operational activities reflects commitment and accountability, there may be opportunities to delegate more and avoid micromanagement in situations where greater team autonomy would be beneficial. Given his senior role, focusing more on strategic guidance and empowerment could strengthen team ownership and efficiency.
Due to the frequency of business travel, some teams may occasionally experience reduced direct interaction and visibility. Continuing to strengthen regular communication touchpoints and maintaining consistent engagement across all teams, including through remote channels, could further enhance alignment, collaboration, and overall organizational connectivity.

There is also an opportunity to further reinforce active listening and balanced stakeholder engagement, particularly in situations involving diverse perspectives or complex discussions. Taking additional time to gather input from relevant stakeholders before finalizing conclusions or decisions may help support well-rounded assessments and foster continued trust and inclusiveness across the organization.","Additionally, fostering even more open two-way communication channels with teams may help them feel more connected and supported, especially during periods of organizational pressure. Encouraging regular feedback and ensuring different perspectives are consistently heard could further strengthen trust, collaboration and team engagement.",1.2,52,2,,营销,商务销售,B
10040666,光储集团,营销体系,欧洲大区,南欧、英国、爱尔兰,意大利,,执行层,协同方,10020033,5,5,5,5,5,5,4,5,5,5,5,5,,,,,,,,5,5,4,5,5,5,4,5,5,"1. Strong team management skills, having contributed significantly to the branch’s development.
2. Allocation of KPIs and breakdown of the team’s workload",None,None,1.2,52,2,,营销,商务销售,B
10040666,光储集团,营销体系,欧洲大区,南欧、英国、爱尔兰,意大利,,执行层,协同方,10018346,2,2,2,2,2,3,4,3,2,3,2,2,,,,,,,,2,2,2,2,3,2,3,3,2,na,A more operational view of the Country Manager role,na,1.2,52,2,,营销,商务销售,B
10040666,光储集团,营销体系,欧洲大区,南欧、英国、爱尔兰,意大利,,执行层,协同方,10017371,5,4,5,4,4,4,5,5,5,5,4,4,,,,,,,,4,5,5,5,5,4,5,5,5,/,/,/,1.2,52,2,,营销,商务销售,B
10040666,光储集团,营销体系,欧洲大区,南欧、英国、爱尔兰,意大利,,执行层,协同方,10014933,3,3,3,3,2,2,2,2,4,4,4,4,,,,,,,,4,3,3,4,4,4,3,4,4,"Demonstrates strong personal leadership and charisma, and brings people together",Organize more cross-business meetings and speak up more actively,Organize more cross-business meetings and speak up more actively,1.2,52,2,,营销,商务销售,B
10040666,光储集团,营销体系,欧洲大区,南欧、英国、爱尔兰,意大利,,执行层,协同方,10010934,,,,,,,,,,,,,,,,,,,,,,,,,,,,,,,,1.2,52,2,,营销,商务销售,B
10040666,光储集团,营销体系,欧洲大区,南欧、英国、爱尔兰,意大利,,执行层,协同方,10009767,4,5,4,3,4,5,5,4,4,4,5,3,,,,,,,,3,4,4,5,5,3,4,5,4,No comment,No comment,No comment,1.2,52,2,,营销,商务销售,B
10040666,光储集团,营销体系,欧洲大区,南欧、英国、爱尔兰,意大利,,执行层,协同方,10007913,4,4,4,4,4,4,4,4,4,4,4,5,,,,,,,,4,3,5,4,4,4,5,4,5,Customer mindset,Internal collaboration,No comment,1.2,52,2,,营销,商务销售,B
10040666,光储集团,营销体系,欧洲大区,南欧、英国、爱尔兰,意大利,,执行层,协同方,10007708,5,5,5,4,5,4,5,4,5,4,5,5,,,,,,,,4,5,4,5,5,5,4,4,4,Enthusiastic and proactive at work,"PV opportunity data is still insufficient and requires more attention. In addition, the requirements related to local manufacturing in Italy still need to be clarified as soon as possible",No comment,1.2,52,2,,营销,商务销售,B
10040666,光储集团,营销体系,欧洲大区,南欧、英国、爱尔兰,意大利,,执行层,下级,10034375,3,4,3,2,2,2,2,2,2,3,3,3,4,4,2,2,2,2,4,2,2,2,2,2,2,4,4,4,"Support and professional development: In relation to my role, I receive significant support and valuable advice. Through this collaboration, I have learned new skills and have been encouraged to consider different perspectives, which has positively contributed to my professional growth and decision-making approach.


Structured and multinational mindset: Thanks to this person’s approach, I have developed a more structured way of thinking and a mindset more aligned with a multinational environment. Their ideas are often well-structured in theory, which has helped me improve my ability to organize activities, evaluate processes, and approach topics with a broader, more strategic perspective.","Cross-department relationships and people management: Strengthen relationships across departments and actively listen to colleagues’ concerns, making people management a core pillar of the organization. From my perspective, this area would benefit from increased attention, as the focus currently appears to be more strongly oriented toward commercial priorities.It is also important to identify effective communication approaches even with individuals where dialogue is more challenging, in order to build trust and foster better collaboration across the team.


One-to-one meetings: Reinstate structured monthly one-to-one meetings with the various departments. While this initiative was initially introduced, it was not consistently maintained over time. Regular one-to-one sessions would help better understand project-related challenges, ensure ongoing alignment, and provide a stable forum for open discussion and feedback.


Offboarding process: Develop a more in-depth offboarding approach to clearly understand the reasons behind colleagues’ decisions to leave, with the aim of identifying potential gaps or areas where earlier intervention might have helped retain talent.


Accountability and ownership: Take clearer responsibility for tasks and obligations that fall under the employer’s role, limiting the delegation of such responsibilities to other departments where possible.",already mentioned in number 30. thanks for the survey! Hope it will be considered in some way to improve the current situation,1.2,52,2,,营销,商务销售,B
10040666,光储集团,营销体系,欧洲大区,南欧、英国、爱尔兰,意大利,,执行层,下级,10029062,1,2,1,1,1,1,2,2,1,2,1,2,1,1,1,2,1,1,1,4,3,1,1,1,1,5,3,3,.,The whole team is continously complaining for lacking of support in the business activities. The Country Manager is perceived as not present by the team and indifferent to the team's needs ,"Be more focused on all the departments instead of being only focused on distribution, marketing and office management ",1.2,52,2,,营销,商务销售,B
10040666,光储集团,营销体系,欧洲大区,南欧、英国、爱尔兰,意大利,,执行层,下级,10016477,5,5,5,5,4,5,4,5,5,5,4,5,4,4,5,5,5,5,4,5,5,4,5,5,5,4,5,5,Customer oriented and open to lissen the needs,Actually none,Actually none,1.2,52,2,,营销,商务销售,B
10040666,光储集团,营销体系,欧洲大区,南欧、英国、爱尔兰,意大利,,执行层,下级,10016825,2,2,2,2,1,3,4,3,2,1,2,3,1,3,1,2,3,2,1,1,2,3,4,2,3,2,4,2,"Atmosphere and team dynamics: I appreciated the ability to maintain a positive and approachable atmosphere, encouraging interaction among team members.

Focus on communication and personal visibility: a strong aptitude for personal visibility was evident, as well as a commitment to presenting Sungrow as a market leader.","Greater structure and data-driven decision making:
Strengthen the systematic use of data and analysis rather than relying on intuition or rumors. This would increase objectivity and traceability in decision-making.
Suggestion: introduce a monthly or quarterly review cadence based on a shared dashboard, with decisions clearly documented and tracked over time.
Alignment and communication in structured settings:
To reduce the risk of misalignment or differing interpretations, it would be beneficial to prioritize planned and structured discussions, ensuring transparent team involvement on organizational and business topics. Some dynamics currently appear overly informal or decontextualized, with the risk of losing clarity and consistency.
The background in distribution represents a strength for part of the business; however, the utility PV and BESS context requires further consolidation of specific expertise and understanding of its dynamics.
Suggestion: leverage team members/colleagues with relevant expertise in these areas.
Appropriateness of communication style in a professional context:
In some situations, a highly informal communication style emerges, which may be misaligned with the workplace context and can reduce perceived authority.
Suggestion: better calibrate the communication style based on the context, maintaining a balance between approachability and professionalism, especially during decision-making or structured discussions.","Beyond the points outlined above, it would be beneficial to continue strengthening a structured and consistent leadership approach; we do not need cheerfulness, but organisational support and clarity.

Furthermore, adapting the leadership style to the specific context – both in terms of sector-specific dynamics (the difference between distribution and public services) and in terms of the tone of communication – would help to bolster credibility.",1.2,52,2,,营销,商务销售,B
10040666,光储集团,营销体系,欧洲大区,南欧、英国、爱尔兰,意大利,,执行层,上级,10009470,4,4,4,4,4,4,5,5,3,5,4,5,3,4,4,5,3,4,5,4,5,5,4,3,4,4,3,4,Motivation and passion,"Paying attention to all the departments, creating networks between the teams and motivating the team","Work in the team and pay attention to the team, doing great with the targets",1.2,52,2,,营销,商务销售,B
10040535,财务中心,光储FBP,欧洲大区FBP,,,,执行层,自己,10040535,,,,,,,,,,,,,,,,,,,,,,,,,,,,,,,,1.3,41,17,,财务,经营管理,B+
10040535,财务中心,光储FBP,欧洲大区FBP,,,,执行层,协同方,10021158,4,5,4,5,4,5,4,5,4,5,4,5,,,,,,,,4,5,4,5,4,5,4,5,4,团队管理能力佳,增加包容,主动关注行业动态和同行优秀实践，打破固有工作思维，尝试将新方法、新思路运用到本职工作中,1.3,41,17,,财务,经营管理,B+
10040535,财务中心,光储FBP,欧洲大区FBP,,,,执行层,协同方,10020989,3,4,3,3,3,3,4,3,2,3,3,3,,,,,,,,2,3,3,3,4,3,3,3,4,经验丰富，思路清晰,希望能积极配合，及时回复信息，配合推动问题解决；更接地气一些。,无,1.3,41,17,,财务,经营管理,B+
10040535,财务中心,光储FBP,欧洲大区FBP,,,,执行层,协同方,10015954,1,2,2,1,1,1,1,1,1,1,2,1,,,,,,,,2,1,2,2,1,1,2,3,3,善于向上汇报,需要有担当，提高解决问题的能力和意愿,提高团队管理能力，以及自身服务意识,1.3,41,17,,财务,经营管理,B+
10040535,财务中心,光储FBP,欧洲大区FBP,,,,执行层,协同方,10000914,3,3,3,3,3,2,4,3,3,3,3,3,,,,,,,,3,3,4,3,3,3,4,4,4,暂无,暂无,暂无,1.3,41,17,,财务,经营管理,B+
10040535,财务中心,光储FBP,欧洲大区FBP,,,,执行层,协同方,10000751,4,5,5,4,5,5,5,5,3,4,5,5,,,,,,,,4,3,4,4,3,4,5,5,5,识别业务风险，并快速提出解决方案,规划的可执行性和落地进度的管理能力,无,1.3,41,17,,财务,经营管理,B+
10040535,财务中心,光储FBP,欧洲大区FBP,,,,执行层,下级,10043534,4,4,4,3,4,3,4,4,3,4,3,3,3,4,4,3,3,4,4,3,3,3,3,3,4,4,4,4,"1.带领欧洲FBP第一次完成2025年全预算工作。
2.正确选择专业+技术型组合供应商完成波兰电子发票成功上线，稳定运行。",能在风险场景下从管理层角度支持并推动关键决策。,无。,1.3,41,17,,财务,经营管理,B+
10040535,财务中心,光储FBP,欧洲大区FBP,,,,执行层,下级,10042004,3,2,4,3,4,5,4,3,4,4,4,4,5,5,3,4,4,4,5,4,4,3,3,5,5,3,4,4,Jerry is a very communicative person. I don't hesitate to share my problems with him when we talk. He realistically acknowledges my expectations and explains why if they are negative. It's very important to feel emotionally comfortable with your manager.,"Collecting the other countries FBP and improve the communications for team sprit.
Clearly update the local team new updates from HQ.

","Sometimes locals can not understand the HQ news on time ,or future plan , planning new tools.This side should be more clear and open to us.",1.3,41,17,,财务,经营管理,B+
10040535,财务中心,光储FBP,欧洲大区FBP,,,,执行层,下级,10038327,5,5,5,5,5,5,5,4,4,5,5,5,4,5,5,5,5,4,5,5,5,4,5,4,5,5,5,4,"1 对团队工作目标清晰，能够明确传达任务要求，帮助成员理解工作重点。
2 在跨部门协作中能够有效协调资源，推动财务与业务层面的工作落地。",建议未来百忙中，适当增加 个人及团队发展方向 指导。,战略清晰，管理严格，配合顺畅,1.3,41,17,,财务,经营管理,B+
10040535,财务中心,光储FBP,欧洲大区FBP,,,,执行层,下级,10031231,5,5,4,4,5,5,5,5,4,5,5,4,5,5,4,4,4,4,5,5,5,5,5,5,5,4,4,4,"He has encouraged us to express our ideas of improvement. He provided great guidance and support  as well to reach our goals.
In addition, he has done an excellent job in defining the digitalization roadmap. 

","It would be great if we could have more regular alignments as this calls are very useful and helpful. 
Get more insights about HQ, Further understanding of the Headquarters way of working could enhance alignment and day‑to‑day collaboration.

",Nothing in addition to the points mentiones in question 30.,1.3,41,17,,财务,经营管理,B+
10040535,财务中心,光储FBP,欧洲大区FBP,,,,执行层,下级,10030823,5,5,5,4,5,5,4,4,5,5,5,4,5,5,4,5,5,5,4,4,4,4,4,5,5,5,4,4,"在工作推进中非常关注结果和效率，能够帮助团队明确重点和方向。
对业务和关键风险有较强判断力，能够在复杂问题中抓住核心。","建议在重点任务推进过程中，进一步加强阶段性沟通，使团队能够更及时地了解整体方向和优先级变化。
建议继续通过更多正向反馈和经验分享，帮助团队成员更好沉淀方法、提升独立解决问题的能力。",整体评价较好。建议未来继续保持结果导向和高标准要求，同时进一步加强过程沟通和团队赋能，帮助团队成员更好理解目标、提升执行效率。,1.3,41,17,,财务,经营管理,B+
10040535,财务中心,光储FBP,欧洲大区FBP,,,,执行层,下级,10029305,5,5,5,4,4,5,4,4,5,5,5,5,5,5,4,4,4,4,4,5,5,5,5,4,4,4,5,4,"① 对待下属坦诚直接，让下属很明确知道应该完成的内容，和平时应该关注的关键事项。
② 会尽量为下属争取权益，有效果有产出的项目能获取反馈和奖励。",无,无,1.3,41,17,,财务,经营管理,B+
10040535,财务中心,光储FBP,欧洲大区FBP,,,,执行层,下级,10028081,4,4,3,4,4,3,3,3,3,4,4,3,3,3,3,3,4,3,3,4,4,4,3,4,3,4,4,4,"Based on my limited direct interaction with Jerry, I have observed that he demonstrates strong ownership of his responsibilities and maintains a professional approach in his area of work. He appears to be focused on execution, business priorities, and delivering results within his scope.

Another positive area is his ability to coordinate effectively with the colleagues he works closely with, especially when alignment is needed to move operational topics forward. He also shows a good understanding of internal processes and company expectations.","Given my limited direct interaction with Jerry, my main suggestion would be to further strengthen communication and engagement with a broader group of local and cross-functional colleagues. Increasing regular interaction with non-Chinese and local stakeholders could help improve transparency, alignment, and collaboration across teams.

Another area for improvement could be making priorities, decisions, and follow-up actions more visible to the wider team. This would help ensure that colleagues who are not directly involved in his usual communication channels can remain aligned and contribute more effectively.","Overall, my direct exposure to Jerry's work has been limited, so my feedback is based only on the interactions I have personally observed. Going forward, I would encourage him to continue strengthening cross-cultural and cross-functional communication, ensuring broader inclusion of local colleagues in discussions, follow-ups, and decision-making processes where relevant.",1.3,41,17,,财务,经营管理,B+
10040535,财务中心,光储FBP,欧洲大区FBP,,,,执行层,下级,10027644,5,4,4,4,4,4,5,4,5,4,4,5,3,3,4,4,4,4,5,4,4,5,2,5,4,4,5,4,"1. Strengthening the department and driving a more professional and effective way of working.
2. Professional, thoughtful leadership that creates progress and clear direction.
3. Strong determination and ability to drive change and deliver results.","1. Team building and team engagement – As the team is spread across different countries, there is room to strengthen team connection and collaboration. Organizing at least one in-person team gathering per year, together with regular team meetings on Teams (bi-weekly or monthly), could significantly enhance communication, alignment, and team cohesion.
2. Cross-team interaction and knowledge sharing – Creating more structured opportunities for team discussions and experience sharing could further strengthen collaboration and elevate the department’s overall effectiveness.","Overall, he is a strong leader who drives professionalism, execution, and progress within the department. The main area that could further strengthen the team and elevate the department even more is increased focus on team building, team interaction, and regular opportunities for connection and collaboration across locations.",1.3,41,17,,财务,经营管理,B+
10040535,财务中心,光储FBP,欧洲大区FBP,,,,执行层,下级,10027617,,,,,,,,,,,,,,,,,,,,,,,,,,,,,,,,1.3,41,17,,财务,经营管理,B+
10040535,财务中心,光储FBP,欧洲大区FBP,,,,执行层,下级,10026656,4,5,4,4,4,4,4,3,4,4,4,4,3,4,4,4,4,4,4,4,4,5,5,5,5,5,5,5,"1. 根据年度战略规划进行系统思考，梳理本部门的策略和重点工作事项，并制定具体可执行的计划
2.  根据年度战略规划进行系统思考，梳理本部门的策略和重点工作事项，并制定具体可执行的计划
3. 根据部门重点工作目标和资源现状，平衡效益和风险，在工作中做出正确判断和行动，快速推动战略落地
3.","1. 沟通，与团队成员更多沟通
2. 支持，在业务上提供更多支持",/,1.3,41,17,,财务,经营管理,B+
10040535,财务中心,光储FBP,欧洲大区FBP,,,,执行层,下级,10023401,5,5,3,4,4,3,5,5,3,5,5,5,5,5,3,2,2,3,2,4,3,4,4,4,4,5,5,5,强大的专业能力以及国际化视野，心态平稳,暂无,暂无,1.3,41,17,,财务,经营管理,B+
10040535,财务中心,光储FBP,欧洲大区FBP,,,,执行层,下级,10016450,5,4,4,4,4,5,5,4,5,5,5,4,4,4,5,4,5,4,5,5,5,5,4,4,4,5,5,5,"1.高压环境下的情绪稳定。
2.跨部门协作中对团队的保护和担当。","1.在关键项目上适度增加对团队的授权。
2.在跨部门协作的关键节点，给予更前置的协调支持。",无,1.3,41,17,,财务,经营管理,B+
10040535,财务中心,光储FBP,欧洲大区FBP,,,,执行层,下级,10015468,3,4,4,3,4,4,5,3,4,4,4,4,3,5,4,3,2,4,3,4,4,5,4,4,4,5,5,4,谦虚、谨慎、有耐心和意志力,暂无,暂无,1.3,41,17,,财务,经营管理,B+
10040535,财务中心,光储FBP,欧洲大区FBP,,,,执行层,下级,10014166,4,4,4,3,3,3,3,3,3,3,4,4,4,4,3,3,3,4,3,3,3,4,3,3,3,4,4,4,good knowlegde and concern of finance,team management and business support,no,1.3,41,17,,财务,经营管理,B+
10040535,财务中心,光储FBP,欧洲大区FBP,,,,执行层,上级,10045494,4,3,3,3,3,3,4,3,3,3,3,3,4,4,3,4,3,4,4,3,3,5,5,4,4,5,5,5,"1、能够积极履行管理职责，维持团队稳健
2、具备良好的服务支持意识，支持业务目标达成","1、人才梯队建设还需要加强
2、与业务的沟通协调还需要提升，加强与业务沟通的信任纽带
3、针对各项专项工作，需持续推进管理闭环",无,1.3,41,17,,财务,经营管理,B+
10040375,AIDC电源事业部,机架及板载电源产品线,,,,,执行层,自己,10040375,3,3,3,3,5,4,2,2,4,3,3,3,4,4,4,3,4,4,3,3,4,4,3,4,4,4,4,4,"能够在DC-ATS厂验是带领团队一起奋战
指导团队建立各种计算工具，提升研发效率","提升技术视野
加强和客户之间的链接",无,1.4,40,11,,产品与研发,硬件,B+
10040375,AIDC电源事业部,机架及板载电源产品线,,,,,执行层,协同方,10046151,5,5,5,5,5,5,4,5,4,4,5,4,,,,,,,,5,4,5,5,5,5,5,5,5,对事业部发展非常用心，推动相关部门密切协作,主动提出并明确战略方向,没有了,1.4,40,11,,产品与研发,硬件,B+
10040375,AIDC电源事业部,机架及板载电源产品线,,,,,执行层,协同方,10045188,5,5,5,5,5,5,5,5,5,5,5,5,,,,,,,,5,5,5,5,5,5,5,5,5,帮助内外部客户解决问题，确保最终的产品或服务让客户满意,无,无,1.4,40,11,,产品与研发,硬件,B+
10040375,AIDC电源事业部,机架及板载电源产品线,,,,,执行层,协同方,10044732,3,4,4,4,3,4,5,5,3,4,4,5,,,,,,,,4,5,5,5,4,5,5,5,5,充分沟通,主人翁意识,无,1.4,40,11,,产品与研发,硬件,B+
10040375,AIDC电源事业部,机架及板载电源产品线,,,,,执行层,协同方,10043458,4,4,4,3,4,4,4,4,4,3,5,4,,,,,,,,5,5,5,4,5,5,5,5,5,对待技术评估认真负责，严谨仔细的审视业务目标；积极学习思考，快速掌握行业动态，并主动做出应对；为团队制定挑战性的目标。,结合手头资源，同市场共同拓展行业资源。,NA,1.4,40,11,,产品与研发,硬件,B+
10040375,AIDC电源事业部,机架及板载电源产品线,,,,,执行层,协同方,10037109,,,,,,,,,,,,,,,,,,,,,,,,,,,,,,,,1.4,40,11,,产品与研发,硬件,B+
10040375,AIDC电源事业部,机架及板载电源产品线,,,,,执行层,协同方,10019620,5,5,5,5,4,4,4,4,5,4,5,5,,,,,,,,4,4,4,4,5,5,5,5,5,暂无,暂无,暂无,1.4,40,11,,产品与研发,硬件,B+
10040375,AIDC电源事业部,机架及板载电源产品线,,,,,执行层,协同方,10009129,4,4,4,4,3,3,3,4,4,4,4,4,,,,,,,,4,3,4,4,4,4,4,4,4,以客户为导向，迅速响应客户需求,/,/,1.4,40,11,,产品与研发,硬件,B+
10040375,AIDC电源事业部,机架及板载电源产品线,,,,,执行层,协同方,10009108,4,4,5,4,4,4,5,3,4,4,4,5,,,,,,,,5,4,4,4,5,5,4,5,5,1.深入产品，技术能力强，具有很强的问题攻关和创新力；3.高效执行力,1.增加内外部交流，进一步提高个人的影响力和领导力；2.进一步提高组织的数字化和AI应用,增加产品规划和技术规划研讨,1.4,40,11,,产品与研发,硬件,B+
10040375,AIDC电源事业部,机架及板载电源产品线,,,,,执行层,协同方,10007766,5,5,4,4,5,5,5,4,4,5,4,4,,,,,,,,5,4,5,4,5,5,5,4,4,从业务出发，根据发展阶段不同制定不同的推进策略；并在有限资源下积极利用组织内外部资源高效达成目标,部门时间较短，建议加强团队整合。,无,1.4,40,11,,产品与研发,硬件,B+
10040375,AIDC电源事业部,机架及板载电源产品线,,,,,执行层,下级,10047362,5,5,5,5,5,4,4,5,5,4,5,4,5,4,5,4,5,4,5,4,5,4,5,4,5,4,5,5,"尊重他人意见
提供专业指导",无,无,1.4,40,11,,产品与研发,硬件,B+
10040375,AIDC电源事业部,机架及板载电源产品线,,,,,执行层,下级,10045949,5,4,4,4,4,4,3,4,4,5,5,4,3,3,4,4,5,4,4,5,4,4,2,4,5,5,5,5,积极推动项目进展，群策群力解决项目难点,各岗位职责的工作划分有时不清,暂无,1.4,40,11,,产品与研发,硬件,B+
10040375,AIDC电源事业部,机架及板载电源产品线,,,,,执行层,下级,10045671,4,5,4,4,4,4,5,5,5,5,5,4,4,5,4,4,4,5,4,4,5,4,5,4,5,5,4,4,"1.在项目的各个环节积极把关，努力推动。
2. 项目优先，不让研发被琐事制约","1. 可以多讨论
2. 可以多关注一些项目出现的问题，优化流程",无,1.4,40,11,,产品与研发,硬件,B+
10040375,AIDC电源事业部,机架及板载电源产品线,,,,,执行层,下级,10044646,5,5,5,5,5,4,4,5,4,4,4,4,5,4,4,4,4,5,5,5,4,5,4,5,5,4,5,5,"1. 主动询问同事和下属困难，并寻求资源帮助解决问题；
2. 积极推进AI在日常工作中的运用。",无,无,1.4,40,11,,产品与研发,硬件,B+
10040375,AIDC电源事业部,机架及板载电源产品线,,,,,执行层,下级,10044640,4,5,4,5,5,4,4,4,4,5,5,4,4,4,4,4,5,5,5,5,5,5,4,4,4,4,4,5,"不摆领导的架子，能深入到项目开发中指导问题解决；
分析问题思路清晰，简单易懂","1.在群里面多分享一些技术方面的资料。
2.组织大家完成日常技术文档的总结，并上传到公共文件夹。",别熬夜太晚了,1.4,40,11,,产品与研发,硬件,B+
10040375,AIDC电源事业部,机架及板载电源产品线,,,,,执行层,下级,10043698,5,5,5,5,5,4,4,4,5,4,4,5,4,4,5,4,4,4,5,4,4,4,5,4,4,4,4,4,"1. 能够虚心听取下属建议。
2. 能保持对新事物的好奇心和学习动力","
能够更多的拉通各个组之间的信息沟通",暂无,1.4,40,11,,产品与研发,硬件,B+
10040375,AIDC电源事业部,机架及板载电源产品线,,,,,执行层,下级,10043471,4,4,5,5,4,4,4,5,5,5,4,5,5,5,4,4,4,4,4,5,5,5,4,5,4,4,4,5,思维逻辑清晰，知识丰富,暂无,暂无,1.4,40,11,,产品与研发,硬件,B+
10040375,AIDC电源事业部,机架及板载电源产品线,,,,,执行层,下级,10043436,5,5,5,5,5,5,4,5,5,4,5,4,5,5,4,5,5,5,4,4,4,4,4,5,5,5,5,5,"1.主动拥抱和学习新事物（如openclaw）
2.陪同和督促大家学习","1.细化和明确任务发布
",暂无,1.4,40,11,,产品与研发,硬件,B+
10040375,AIDC电源事业部,机架及板载电源产品线,,,,,执行层,下级,10013824,5,4,5,4,5,5,5,5,5,4,4,5,5,5,5,5,5,4,5,4,5,5,4,4,4,4,5,5,"1. 技术实力过硬；2.善于学习，能够紧跟AI时代浪潮；3.善于总结，能够引领我们总结
",多多组织组员内的经验分享。,无,1.4,40,11,,产品与研发,硬件,B+
10040375,AIDC电源事业部,机架及板载电源产品线,,,,,执行层,上级,10044357,4,4,4,3,3,3,4,3,3,4,4,4,3,3,4,3,3,4,4,4,4,5,5,5,4,5,5,5,在紧急项目上有担当，待人友善,提高领导力，更充分的调动部门积极性，提高产品开发效率,提前预警资源不足问题，确保项目进度,1.4,40,11,,产品与研发,硬件,B+
10040344,光储集团,营销体系,工程与技术服务中心,EPC集成管理部,,,执行层,自己,10040344,4,5,5,4,4,5,5,4,4,5,5,5,4,4,4,5,5,4,4,5,4,4,5,5,5,4,5,5,暂无,部分重点问题需要更多的推动力和影响力,暂无,1.4,44,3,,营销,服务-服务策略,B
10040344,光储集团,营销体系,工程与技术服务中心,EPC集成管理部,,,执行层,协同方,10024939,3,3,3,3,3,4,5,3,3,4,4,2,,,,,,,,4,3,4,4,4,4,4,4,4,NA,NA,NA,1.4,44,3,,营销,服务-服务策略,B
10040344,光储集团,营销体系,工程与技术服务中心,EPC集成管理部,,,执行层,协同方,10017380,2,2,1,1,1,2,2,2,2,2,1,5,,,,,,,,2,2,2,2,3,2,5,5,4,工作经验丰富,聚焦,无,1.4,44,3,,营销,服务-服务策略,B
10040344,光储集团,营销体系,工程与技术服务中心,EPC集成管理部,,,执行层,协同方,10014226,,,,,,,,,,,,,,,,,,,,,,,,,,,,,,,,1.4,44,3,,营销,服务-服务策略,B
10040344,光储集团,营销体系,工程与技术服务中心,EPC集成管理部,,,执行层,协同方,10007027,,,,,,,,,,,,,,,,,,,,,,,,,,,,,,,,1.4,44,3,,营销,服务-服务策略,B
10040344,光储集团,营销体系,工程与技术服务中心,EPC集成管理部,,,执行层,下级,10047576,5,5,5,5,5,5,5,5,5,5,4,5,4,4,4,4,4,4,5,5,4,5,4,4,5,4,5,5,"1.遇到工作困难时，能够理性的做出判断，带领团队走出困境
2.以身作则，领导力在团队中发挥关键作用","1.增加跨部门的沟通，帮助实现部门目标完成
2.增加上级领导汇报，帮助实现部门价值呈现",暂无,1.4,44,3,,营销,服务-服务策略,B
10040344,光储集团,营销体系,工程与技术服务中心,EPC集成管理部,,,执行层,下级,10047297,5,4,4,4,4,5,5,5,5,5,4,4,4,4,4,4,4,5,5,5,4,5,5,5,5,5,5,5,"1. 工作保持激情，会主动承担更多职能
2. 对待事物总是保持积极态度，感染团队以积极情绪面对挑战
3. 平易近人，团队之间可以坦诚沟通，积极反馈","1. 全局规划，从想法到落地具体可实施方案，需要拆分分阶段任务和共识，目标明确了，但是不同同事如果理解不同，各自实施路径不同，可能会出现低效的情况
2. 减少重复汇报，信息源输出规范统一",无,1.4,44,3,,营销,服务-服务策略,B
10040344,光储集团,营销体系,工程与技术服务中心,EPC集成管理部,,,执行层,下级,10021247,5,5,5,5,5,4,5,4,4,4,4,5,4,4,5,4,4,5,5,4,5,5,4,5,4,4,5,5,"1、跨部门协调能力强，善于组织各部门协同工作；
2、领导力出色，对部门同事做出工作步骤指示，引导完成工作。","1、建议加强部门内部沟通频次；
2、增强光储知识背景",暂无,1.4,44,3,,营销,服务-服务策略,B
10040344,光储集团,营销体系,工程与技术服务中心,EPC集成管理部,,,执行层,上级,10043470,3,3,3,3,4,4,4,3,3,4,4,5,3,4,3,3,3,4,3,3,3,4,4,4,4,5,5,5,愿意调整从0到1的新业务，并且能够迎难而上,作为EPC部门负责人，需要更加积极主动和周边部门协同，作为部门价值，获得周边部门的认可。,在跨部门协同以及超部门边界等工作范畴中多手脚沾泥，真正做出部门独特的价值，需要加快提升部门整体的影响力和认可度。,1.4,44,3,,营销,服务-服务策略,B
10040212,制造体系,亚太工厂,泰国公司,人力资源部,,,执行层,自己,10040212,4,4,5,4,4,5,5,5,5,5,5,4,3,3,4,4,4,5,5,5,4,4,4,5,4,4,5,4,"1. 中泰文化融合较好，能用泰国同事乐于接受的方式带领团队取得良好的工作成果
2. 诚恳务实，能走到业务一线了解真是问题并提出改善建议","1. 系统思考及系统性工作方式待提高，站在泰国公司未来发展趋势做出人力资源规划的能力待提高
2. 团队带教能力待提高","1.持续学习，积极精进
2.拥抱AI，并引入日常工作中提高工作效率",1.4,34,9,3/17/2026,人力资源,HRBP,A
10040212,制造体系,亚太工厂,泰国公司,人力资源部,,,执行层,协同方,10029724,4,4,4,5,5,5,4,5,3,4,4,4,,,,,,,,4,3,5,4,4,3,4,4,4,条理清晰、换位思考,无,无,1.4,34,9,3/17/2026,人力资源,HRBP,A
10040212,制造体系,亚太工厂,泰国公司,人力资源部,,,执行层,协同方,10026778,4,4,4,4,4,4,5,4,5,4,4,4,,,,,,,,4,4,4,4,5,4,4,5,5,具备较强的组织能力，在员工关系处理中表现良好,暂时没有,没有,1.4,34,9,3/17/2026,人力资源,HRBP,A
10040212,制造体系,亚太工厂,泰国公司,人力资源部,,,执行层,协同方,10026722,4,4,4,4,4,4,4,4,4,4,4,4,,,,,,,,4,4,4,4,4,4,4,4,4,主动性很强，跨文化理解力和沟通力都很好,做事的细心程度和规范性需要提升，对于一些问题，不要急于回答，要全面思考后再回答，避免出现不合适的情况,无,1.4,34,9,3/17/2026,人力资源,HRBP,A
10040212,制造体系,亚太工厂,泰国公司,人力资源部,,,执行层,协同方,10015545,3,4,4,3,3,4,5,4,4,3,3,4,,,,,,,,3,3,3,4,4,4,4,4,5,"1.责任心强，主动协调能力强
2.心思缜密，推进事情有思路","1.可以接触更多HR以外的事情，更多的学习制造业的知识
2.泰国对外关系事务可以更加胜任",可以不拘泥于一域，更多的创新的想法去干,1.4,34,9,3/17/2026,人力资源,HRBP,A
10040212,制造体系,亚太工厂,泰国公司,人力资源部,,,执行层,协同方,10012089,3,3,3,3,4,3,4,4,4,4,4,4,,,,,,,,4,4,4,4,4,4,4,4,4,工作激情较高,在人员发展路径上多做规划,无,1.4,34,9,3/17/2026,人力资源,HRBP,A
10040212,制造体系,亚太工厂,泰国公司,人力资源部,,,执行层,协同方,10011385,3,2,3,2,4,3,4,4,4,4,4,4,,,,,,,,5,5,4,5,4,5,5,4,4,团队招聘、绩效、培训等需求响应积极，提供专业支持,建议多了解岗位专业能力要求，提升招聘与人才评估精准度,/,1.4,34,9,3/17/2026,人力资源,HRBP,A
10040212,制造体系,亚太工厂,泰国公司,人力资源部,,,执行层,协同方,10009345,5,5,4,5,4,5,5,4,5,5,5,5,,,,,,,,5,4,5,5,5,5,5,5,5,"1、积极主动乐观，工作态度昂扬向上
2、合规意识与原则性强，坚持正确的事
3、优秀的个人管理能力","1、多了解职能业务的核心诉求
2、换位思考，共同进步",无,1.4,34,9,3/17/2026,人力资源,HRBP,A
10040212,制造体系,亚太工厂,泰国公司,人力资源部,,,执行层,协同方,10007225,4,5,5,4,4,5,4,4,5,5,4,4,,,,,,,,4,4,4,5,4,4,5,4,5,"1、泰语流利，能够与泰国人无障碍沟通；
2、做事积极，执行力较高；","1、人力资源对机加这边的关注度希望再提升一些；
2、对于公司的一些福利、管理规定要多做宣传；",暂无；,1.4,34,9,3/17/2026,人力资源,HRBP,A
10040212,制造体系,亚太工厂,泰国公司,人力资源部,,,执行层,协同方,10006060,4,4,4,4,4,4,4,4,4,4,4,4,,,,,,,,4,5,5,4,4,4,4,4,5,积极的工作态度，较好的执行能力,了解生产知识,部门人员分工精细化管理,1.4,34,9,3/17/2026,人力资源,HRBP,A
10040212,制造体系,亚太工厂,泰国公司,人力资源部,,,执行层,下级,10047337,5,4,4,5,4,4,5,5,4,4,4,4,4,4,5,5,5,4,4,5,5,5,5,5,5,5,4,5,"1. Strong leadership in both business and people management
陈钢炜 demonstrates strong leadership by effectively balancing business objectives with people development. He is able to drive results while maintaining a positive and supportive team environment.

2. Clear strategic thinking with strong execution capability
He has a solid understanding of company strategy and consistently translates it into clear, actionable plans. His ability to execute and follow through ensures that key initiatives are delivered successfully.

3.High sense of responsibility and cross-functional collaboration
He shows strong ownership in his role and works effectively across departments. His coordination and communication skills help resolve complex issues and align stakeholders toward common goals.","1. Further enhance coaching and talent development depth
While he provides guidance to the team, further strengthening structured coaching and individualized development plans could help maximize team potential and build a stronger talent pipeline.

2. Expand application of digital and HR analytics tools
Leveraging more data-driven approaches and digital tools in HR management could further improve decision-making efficiency and workforce planning.

3. Encourage broader team participation in innovation
Creating more opportunities and platforms for team members to contribute ideas could further enhance engagement and foster a more innovative team culture.","- Continue to empower team members by delegating more ownership in strategic initiatives to strengthen leadership bench strength.

- Maintain the strong balance between business delivery and people care, which is a key strength of his leadership style.

- Further enhance internal communication transparency to ensure alignment across all levels of the organization.",1.4,34,9,3/17/2026,人力资源,HRBP,A
10040212,制造体系,亚太工厂,泰国公司,人力资源部,,,执行层,下级,10045830,5,5,5,5,5,4,5,5,4,5,5,5,5,4,5,4,4,4,5,3,5,5,5,5,5,5,5,4,shes kinda chill person and always help others to grown ,no suggestions needed,shes suit our company culture so good,1.4,34,9,3/17/2026,人力资源,HRBP,A
10040212,制造体系,亚太工厂,泰国公司,人力资源部,,,执行层,下级,10037506,5,4,5,5,5,5,5,4,5,5,4,4,5,5,5,5,4,5,5,4,4,5,5,5,4,5,5,5,"1.A fast worker who is accurate and detail-oriented.
2.A good listener who supports team members and can handle and resolve situations effectively.","1. Tends to focus on immediate problem-solving rather than proactive planning. There is room for improvement in anticipating potential issues and preparing in advance, such as considering possible scenarios and ensuring sufficient resources are available.
2. Communication could be improved in certain situations. As a Chinese speaker who communicates in Thai, there may be instances where the full meaning of certain words is not fully understood, which can result in unintended tone or wording that may come across as too strong. It is recommended to further develop communication skills to ensure clarity and appropriateness in different contexts.","She is a very good manager. From my experience working with her, she genuinely cares about her team members and consistently supports them in solving problems. She is always willing to help in any way she can.
She listens to feedback attentively and does not place herself above others as a superior. She has a strong understanding of Thai culture, which makes team members feel comfortable communicating with her openly at any time.

Overall, he is an excellent manager to work with.",1.4,34,9,3/17/2026,人力资源,HRBP,A
10040212,制造体系,亚太工厂,泰国公司,人力资源部,,,执行层,下级,10035856,4,4,5,4,4,4,4,4,4,4,5,4,4,4,5,4,4,4,4,5,4,5,4,4,5,4,4,5,"1.工作态度积极认真，始终保持进取精神，持续学习新知识与新技能，不断提升个人能力，同时积极推动团队共同成长与进步。
2.能够充分尊重并认真倾听他人意见，坚持公平公正的管理原则，平等对待每一位员工，不存在区别对待的情况。
3.具备扎实的专业能力与良好的管理水平，在工作中能够发挥积极带头作用，是一位值得团队成员信赖与学习的优秀领导者。","1.可以进一步加强工作规划与时间管理，在多项任务同时进行时，合理分配资源与优先级，以进一步提升整体工作效率。
2.(แนะนำให้พัฒนาด้านการสื่อสารและการประสานงานข้ามแผนกเพิ่มเติม เพื่อเพิ่มประสิทธิภาพในการทำงานร่วมกัน)
",-,1.4,34,9,3/17/2026,人力资源,HRBP,A
10040212,制造体系,亚太工厂,泰国公司,人力资源部,,,执行层,下级,10033419,5,4,3,5,5,4,5,4,5,5,5,5,5,5,4,4,4,5,3,5,4,5,4,4,4,4,4,5,"- proactively learning something new intensely
- demonstrates strong responsibility and ownership in work
- continuously seeks opportunities for improvement","- sometime takes on too many works at once, so forgot to do something after that
- being a good helper often means taking on more responsibilities",-,1.4,34,9,3/17/2026,人力资源,HRBP,A
10040212,制造体系,亚太工厂,泰国公司,人力资源部,,,执行层,下级,10032339,5,4,5,4,5,5,5,4,5,5,5,5,4,4,5,4,5,5,5,5,4,4,5,5,5,4,4,4,"Proactive problem-solving and continuous improvement mindset
Actively identifies issues, proposes practical solutions, and seeks opportunities to improve processes and work efficiency, contributing to overall team performance.",No.,No.,1.4,34,9,3/17/2026,人力资源,HRBP,A
10040212,制造体系,亚太工厂,泰国公司,人力资源部,,,执行层,上级,10001464,4,5,4,4,5,5,5,5,5,5,4,4,5,4,5,4,5,5,5,5,5,5,5,4,5,5,5,5,积极乐观主动,做到刚柔并济,无,1.4,34,9,3/17/2026,人力资源,HRBP,A
10040050,阳光智维,运维/数智化/研发/解决方案,运维业务中心,运维华北区,,,执行层,自己,10040050,5,4,4,4,5,5,5,5,4,4,4,4,4,5,5,4,5,5,5,5,4,5,5,5,5,5,5,5,自觉坚决维护公司利益、维护客户利益、维护同事利益。,加强增值服务获取能力；工作开展需要更加细致；加强专业知识学习,暂无,1.5,34,10,,运维,运维管理,B+
10040050,阳光智维,运维/数智化/研发/解决方案,运维业务中心,运维华北区,,,执行层,协同方,10031576,4,4,4,4,4,4,3,4,3,4,4,4,,,,,,,,4,4,4,4,4,4,5,5,5,作为华北区运维负责人，遇事扛事不推诿，敢于决策、勇于担责。,在对下属授权方面可做一些提升：定好工作目标与底线，减少过程过度插手。,无,1.5,34,10,,运维,运维管理,B+
10040050,阳光智维,运维/数智化/研发/解决方案,运维业务中心,运维华北区,,,执行层,协同方,10022518,5,5,5,5,5,4,4,5,4,5,5,5,,,,,,,,4,5,4,5,4,5,5,4,5,非常优秀,业主沟通能力，客户关系。,加强沟通能力,1.5,34,10,,运维,运维管理,B+
10040050,阳光智维,运维/数智化/研发/解决方案,运维业务中心,运维华北区,,,执行层,协同方,10020480,2,2,2,4,3,3,3,2,3,4,3,3,,,,,,,,3,2,3,3,4,3,4,4,4,无,无,无,1.5,34,10,,运维,运维管理,B+
10040050,阳光智维,运维/数智化/研发/解决方案,运维业务中心,运维华北区,,,执行层,协同方,10018112,2,3,3,2,3,2,4,3,4,3,4,4,,,,,,,,3,3,5,5,5,5,5,5,5,"1. 学习能力突出，业务知识储备扎实，乐于分享经验、主动指导帮扶他人。
2. 工作严谨细致，责任心强，对待各项工作认真负责、精益求精。","1. 各项工作建立闭环目标，围绕目标制定落地计划。
2. 聚焦工作实效，确保事事有结果、件件有成效。",工作中复杂问题，及时暴露到平台寻求帮助。,1.5,34,10,,运维,运维管理,B+
10040050,阳光智维,运维/数智化/研发/解决方案,运维业务中心,运维华北区,,,执行层,协同方,10002731,4,4,4,4,4,4,3,3,3,4,4,4,,,,,,,,3,3,3,3,4,4,4,3,3,工作认真，具备一定的协调能力,提高大局意识，增加现场的管理能力,暂无,1.5,34,10,,运维,运维管理,B+
10040050,阳光智维,运维/数智化/研发/解决方案,运维业务中心,运维华北区,,,执行层,下级,10045570,5,5,5,5,5,5,5,4,4,4,4,4,4,4,4,4,4,4,4,4,4,4,4,4,4,4,4,4,努力解决现场问题,努力了解个人需求，关爱同事,相处融洽,1.5,34,10,,运维,运维管理,B+
10040050,阳光智维,运维/数智化/研发/解决方案,运维业务中心,运维华北区,,,执行层,下级,10044641,5,5,5,5,5,4,5,4,5,5,5,5,5,5,5,5,5,5,5,5,5,5,5,4,5,5,4,5,工作态度及工作方式,市场开发,无,1.5,34,10,,运维,运维管理,B+
10040050,阳光智维,运维/数智化/研发/解决方案,运维业务中心,运维华北区,,,执行层,下级,10029717,3,2,1,2,1,3,2,2,1,1,2,1,3,2,1,2,2,2,3,1,1,2,2,2,2,4,3,3,无,"1、对工作要有清晰的规划并制定具体措施，过程遇到问题及时纠偏并提供资源。
2、对发生的问题主动推进，不推诿、不逃避。","1、在与客户沟通中要引出具体的事务谈判。
2、提升对事项的判断能力、决策能力。",1.5,34,10,,运维,运维管理,B+
10040050,阳光智维,运维/数智化/研发/解决方案,运维业务中心,运维华北区,,,执行层,下级,10025100,4,4,4,5,4,4,3,4,3,4,4,4,4,3,3,3,3,3,4,4,4,4,4,4,4,4,4,4,"1、对工作认真负责。
2、能够与客户深入交流。",1、专业技术方面,无,1.5,34,10,,运维,运维管理,B+
10040050,阳光智维,运维/数智化/研发/解决方案,运维业务中心,运维华北区,,,执行层,下级,10019920,5,5,5,5,5,5,4,4,5,5,5,5,5,4,4,5,5,5,5,4,5,5,5,5,5,5,5,5,及时为现场项目解决问题及困难,能够及时处理现场情况，避免问题扩大化。,无,1.5,34,10,,运维,运维管理,B+
10040050,阳光智维,运维/数智化/研发/解决方案,运维业务中心,运维华北区,,,执行层,下级,10019260,4,5,4,5,4,5,4,4,5,5,5,5,4,4,5,5,5,5,5,4,4,5,5,5,4,4,4,4,重视人才；降本增效细节把控严格,管理方面，可以提副总,少熬夜保重身体,1.5,34,10,,运维,运维管理,B+
10040050,阳光智维,运维/数智化/研发/解决方案,运维业务中心,运维华北区,,,执行层,下级,10014585,1,1,1,1,2,2,2,2,3,2,1,1,2,2,2,1,1,2,1,1,1,1,1,1,1,4,3,4,无,1、要有自己的思想意见，果断决策，答应客户和员工的事就要办到2.要有担当，要主动作为，不甩锅,"1.建议去基层锻炼锻炼。
2.担当担当，作为作为",1.5,34,10,,运维,运维管理,B+
10040050,阳光智维,运维/数智化/研发/解决方案,运维业务中心,运维华北区,,,执行层,下级,10013475,5,5,5,5,5,5,5,4,4,5,5,5,5,5,5,4,5,5,5,5,5,5,4,5,5,5,5,5,无,无,无,1.5,34,10,,运维,运维管理,B+
10040050,阳光智维,运维/数智化/研发/解决方案,运维业务中心,运维华北区,,,执行层,下级,10012802,5,4,4,4,4,4,3,3,4,5,5,4,3,3,4,4,3,3,4,4,4,5,3,3,4,5,4,5,"1、能沟积极听取员工建议，组织开展讨论，未区域发展做计划。
2、能够耐心的指导下属员工作，发挥下属的主观能动性。",1、个别场站管理有缺失，需区域对场站负责人加强管理指导。,暂无,1.5,34,10,,运维,运维管理,B+
10040050,阳光智维,运维/数智化/研发/解决方案,运维业务中心,运维华北区,,,执行层,上级,10041744,,,,,,,,,,,,,,,,,,,,,,,,,,,,,,,,1.5,34,10,,运维,运维管理,B+
10040012,阳光智维,营销/市场/销售运营,国内营销中心,新疆区（新/青）,,,执行层,自己,10040012,5,5,5,4,4,5,3,4,4,5,5,5,4,3,4,3,4,3,4,4,5,5,5,5,5,5,5,5,学习主动性强；勇于开拓新区域新业务。,在面临业务工作多线条并行时，轻重缓急的掌握成熟度还可以提高；内部资源的协调力度和效率还可以提升。,抓紧充实团队梯度。,1.5,37,2,,营销,商务销售,B
10040012,阳光智维,营销/市场/销售运营,国内营销中心,新疆区（新/青）,,,执行层,协同方,10041744,,,,,,,,,,,,,,,,,,,,,,,,,,,,,,,,1.5,37,2,,营销,商务销售,B
10040012,阳光智维,营销/市场/销售运营,国内营销中心,新疆区（新/青）,,,执行层,协同方,10037292,3,4,4,4,3,4,3,4,3,4,4,4,,,,,,,,3,4,4,3,4,4,4,4,4,专业知识强，能深刻洞察客户需求,精准识别出区域市场遇到的具体问题，并及时解决。,将新进的销售/解决方案快速带出来。,1.5,37,2,,营销,商务销售,B
10040012,阳光智维,营销/市场/销售运营,国内营销中心,新疆区（新/青）,,,执行层,协同方,10018797,4,5,4,4,4,3,3,3,3,4,3,3,,,,,,,,4,2,3,3,3,2,3,4,4,谦逊，遇事不急躁,"跨部门拉群推进项目时，主导的能力要加强
对公司产品的熟悉度要加强
",无,1.5,37,2,,营销,商务销售,B
10040012,阳光智维,营销/市场/销售运营,国内营销中心,新疆区（新/青）,,,执行层,协同方,10015206,3,4,4,4,3,4,4,4,4,4,4,3,,,,,,,,3,3,3,2,3,5,4,4,4,工作协同性好，不计较个人得失，时刻体现团队协作力,区域市场洞察，精准识别区域重点客户及适合的品类,无,1.5,37,2,,营销,商务销售,B
10040012,阳光智维,营销/市场/销售运营,国内营销中心,新疆区（新/青）,,,执行层,协同方,10012007,4,4,4,4,4,4,3,5,5,5,4,4,,,,,,,,4,4,4,4,5,5,5,5,5,客户交流拜访沟通能力较强，思维逻辑清洗。2、,无,无,1.5,37,2,,营销,商务销售,B
10040012,阳光智维,营销/市场/销售运营,国内营销中心,新疆区（新/青）,,,执行层,协同方,10003985,3,4,4,4,3,4,3,4,4,4,4,4,,,,,,,,5,4,4,4,4,4,5,5,5,"1、逻辑性比较强；
2、做事情比较仔细；","1、基于区域的大环境下，多思考创新型营销策略；
2、多借助平台力量支撑目标达成；",无,1.5,37,2,,营销,商务销售,B
10040012,阳光智维,营销/市场/销售运营,国内营销中心,新疆区（新/青）,,,执行层,下级,10045385,5,5,5,5,5,5,4,5,5,5,5,5,4,5,5,5,4,5,5,5,5,4,4,5,5,4,5,5,"1、业务掌握突出
2、公司文化践行到位
3、管理效率高",无,无,1.5,37,2,,营销,商务销售,B
10040012,阳光智维,营销/市场/销售运营,国内营销中心,新疆区（新/青）,,,执行层,上级,10006652,4,5,4,4,3,4,5,4,4,4,5,4,5,4,5,5,4,5,4,4,4,5,4,5,5,4,5,4,主动考取电力交易的证书，了解电力交易的逻辑，主动学习的行为是我们内部提倡的。,新疆区域的确是薄弱区域，需要加强营销策略的差异化，产品应对的差异化，才能在竞争激烈的当下在西北立足。,脚踏实地的去跑客户，坚定的接触客户，坚定必胜信念。,1.5,37,2,,营销,商务销售,B
10038463,阳光智维,运维/数智化/研发/解决方案,运维业务中心,运维技术部,,,执行层,自己,10038463,4,3,4,3,3,4,4,4,3,4,5,5,4,4,4,3,3,3,3,3,4,3,3,5,5,5,5,5,无,无,无,1.3,41,0,,运维,系统技术,B+
10038463,阳光智维,运维/数智化/研发/解决方案,运维业务中心,运维技术部,,,执行层,协同方,10030210,2,2,2,2,3,3,3,3,2,3,2,2,,,,,,,,2,2,3,3,3,3,3,3,4,无,1、业务开展需制定周密计划 2、善于协调资源 3、主动发现问题，及时改进,无,1.3,41,0,,运维,系统技术,B+
10038463,阳光智维,运维/数智化/研发/解决方案,运维业务中心,运维技术部,,,执行层,协同方,10025516,5,5,5,5,5,4,5,5,5,5,5,3,,,,,,,,5,5,5,5,5,5,5,5,5,做事情比较认真,更加熟悉业务,无,1.3,41,0,,运维,系统技术,B+
10038463,阳光智维,运维/数智化/研发/解决方案,运维业务中心,运维技术部,,,执行层,协同方,10023158,,,,,,,,,,,,,,,,,,,,,,,,,,,,,,,,1.3,41,0,,运维,系统技术,B+
10038463,阳光智维,运维/数智化/研发/解决方案,运维业务中心,运维技术部,,,执行层,协同方,10020480,2,3,2,2,2,2,2,4,2,3,2,4,,,,,,,,3,1,4,3,4,4,4,4,4,无,无,无,1.3,41,0,,运维,系统技术,B+
10003156,制造体系,制造技术中心,工艺,,,,执行层,上级,10015695,5,5,4,4,4,4,5,5,5,4,5,5,5,5,4,4,4,5,4,5,4,5,4,5,5,5,5,5,"专业能力好，多产品了解比较深
沟通能力强",在组织人员管理上需要提升，根据人员特点和岗位需求做好匹配,无,12.6,39,8,,生产,生产工艺-IE,A
10003156,制造体系,制造技术中心,工艺,,,,执行层,下级,10000410,4,4,4,4,4,5,5,4,5,4,4,4,5,5,4,4,4,5,4,4,5,4,4,4,4,5,4,5,联动公司事业部资源给工艺人员培训，扩充视野和知识。,多去海外工厂实地看看，发现问题，解决问题。,无,12.6,39,8,,生产,生产工艺-IE,A
10003156,制造体系,制造技术中心,工艺,,,,执行层,下级,10011377,5,5,5,4,4,5,4,5,5,5,5,5,4,4,4,5,4,5,5,4,4,4,5,4,4,5,5,5,对外部市场和竞争对手的了解。,暂无,暂无,12.6,39,8,,生产,生产工艺-IE,A
10003156,制造体系,制造技术中心,工艺,,,,执行层,下级,10012953,4,4,4,4,4,4,4,4,4,4,4,4,4,4,4,4,4,4,4,4,4,4,4,4,4,5,4,5,"根据年度战略规划进行系统思考，梳理本部门的策略和重点工作事项，并制定具体可执行的计划；
在日常工作中，积极采取新措施和尝试新方法，持续提升工作效率；
","理解公司战略并洞察本领域的内外部环境，识别风险点和挖掘业务增长的机会点；
主动识别和记录业务管理中遇到的问题和挑战，创造性地提出改进设想并推动落地；",暂无。,12.6,39,8,,生产,生产工艺-IE,A
10003156,制造体系,制造技术中心,工艺,,,,执行层,下级,10014773,5,5,5,4,4,5,5,5,5,5,4,5,5,4,5,5,4,5,5,4,5,5,5,5,5,5,5,5,"当遇到无法解决的问题时，可以提供解决方向和建议，促进问题解决及人员成长。
专业知识储备丰富，能够给出从原理方面的指导。",团队建设活动略显不足,无,12.6,39,8,,生产,生产工艺-IE,A
10003156,制造体系,制造技术中心,工艺,,,,执行层,下级,10014913,4,5,5,5,4,5,5,5,5,5,5,5,4,4,5,5,5,4,5,5,5,5,5,5,5,4,5,5,协同能力出色、专业知识扎实深厚、视野开阔,暂无,无,12.6,39,8,,生产,生产工艺-IE,A
10003156,制造体系,制造技术中心,工艺,,,,执行层,下级,10016018,5,5,5,5,5,4,5,4,5,5,4,4,5,4,5,5,5,4,5,5,5,4,5,5,5,5,5,5,接收到客户端的反馈后第一时间将信息拉齐部门内部快速制定措施，并举一反三规避后续类似问题的发生；,产品的生产流程方面了解比较浅薄，对于产品的工艺知识方面需要提升；,暂无,12.6,39,8,,生产,生产工艺-IE,A
10003156,制造体系,制造技术中心,工艺,,,,执行层,下级,10016848,5,4,5,4,4,4,5,4,5,5,5,5,4,4,5,5,5,5,5,4,5,5,5,5,5,5,5,5,为了提升团队专业能力，经常邀请内外部资源培训,在产品上专业知识丰富，且与各大事业部协作高效沟通，希望倾斜部分精力在后端,/,12.6,39,8,,生产,生产工艺-IE,A
10003156,制造体系,制造技术中心,工艺,,,,执行层,下级,10033370,4,3,4,3,4,4,4,4,4,5,5,5,5,5,4,5,4,4,4,4,5,5,5,4,5,5,5,5,资源多人脉广,激励,无,12.6,39,8,,生产,生产工艺-IE,A
10003156,制造体系,制造技术中心,工艺,,,,执行层,协同方,10000673,5,4,4,5,4,3,4,5,3,3,4,4,,,,,,,,4,3,5,3,4,5,5,5,5,技术能力专业,/,/,12.6,39,8,,生产,生产工艺-IE,A
10003156,制造体系,制造技术中心,工艺,,,,执行层,协同方,10001524,4,4,4,4,3,4,5,4,4,4,5,4,,,,,,,,4,4,4,4,4,4,4,4,4,积极主动，共赢思维,性子急躁，沟通能力有提升空间,无,12.6,39,8,,生产,生产工艺-IE,A
10003156,制造体系,制造技术中心,工艺,,,,执行层,协同方,10001779,5,5,4,5,4,5,4,5,4,5,5,5,,,,,,,,4,5,5,5,4,5,5,4,5,注重部门协作，能够从整体效能和经营层面考虑,推动更多跨部门协同，特别是平台化、标准化工作,暂无,12.6,39,8,,生产,生产工艺-IE,A
10003156,制造体系,制造技术中心,工艺,,,,执行层,协同方,10001950,4,4,5,5,5,4,5,4,4,5,5,5,,,,,,,,4,5,4,5,5,4,5,5,4,-,-,-,12.6,39,8,,生产,生产工艺-IE,A
10003156,制造体系,制造技术中心,工艺,,,,执行层,协同方,10010086,5,5,5,5,4,4,5,4,5,5,5,5,,,,,,,,4,5,5,4,5,4,4,5,4,开放、积极主动,表达言简意赅、适当少打岔,无,12.6,39,8,,生产,生产工艺-IE,A
10003156,制造体系,制造技术中心,工艺,,,,执行层,协同方,10013657,5,4,4,4,3,4,5,4,3,4,4,5,,,,,,,,3,3,5,5,5,5,5,4,5,"能从专业及工作经验给出建议，提升会议质量与产出
勇于承担责任",加强工艺平台化建设,无,12.6,39,8,,生产,生产工艺-IE,A
10003156,制造体系,制造技术中心,工艺,,,,执行层,协同方,10020262,5,4,4,4,3,4,5,5,4,4,4,4,,,,,,,,4,3,4,4,5,5,5,4,4,能够根据现场情况快速决策并对市场、产品有较广的了解，综合推进业务进行。,建议在团队人员培养建设方面进行提升。,无,12.6,39,8,,生产,生产工艺-IE,A
10003156,制造体系,制造技术中心,工艺,,,,执行层,协同方,10023501,5,5,5,4,4,4,4,4,4,4,4,4,,,,,,,,5,4,5,4,5,5,3,3,5,"1.主动积极解决问题，不推诿
2.关注团队价值的提升，并思考实现方式，提出新的想法","1.需要更多关注团队内部各经理间的拉通和赋能
2.减少向上管理，更多关注实事求是",无,12.6,39,8,,生产,生产工艺-IE,A
10003156,制造体系,制造技术中心,工艺,,,,执行层,协同方,10034483,4,4,4,4,3,2,4,3,3,4,4,4,,,,,,,,4,4,5,4,3,4,5,5,5,"1、对待工作认真负责，积极拉通业务相关方，以产品业务实际需求为主；
2、坚持合规风险管控。","1、从现场/客户反馈的问题看，需完善产品设计到可制造的流程，提高可制造性；
2、团队赋能及成长需注入长久可迭代的计划。",关注工艺的核心业务价值，提升可制造性。,12.6,39,8,,生产,生产工艺-IE,A
10003156,制造体系,制造技术中心,工艺,,,,执行层,协同方,10036932,4,4,5,5,5,5,4,5,4,4,4,5,,,,,,,,4,4,5,5,5,4,4,5,5,"对产品技术有深入研究，内外部协同能力突出；
对全球化战略有独到的洞察与思考；",海外的工艺交付标准需要思考建立全球标准和本地适配的模型与具体的操作流程。,无,12.6,39,8,,生产,生产工艺-IE,A
10003156,制造体系,制造技术中心,工艺,,,,执行层,自己,10003156,5,5,4,5,5,4,5,4,5,5,5,5,5,5,5,5,5,5,5,5,5,5,5,5,5,5,5,5,"1，保持新能源行业发展的敏感性，带领团队一起了解行业发展趋势，将行业发展与业务发展相关联；
2，保持有竞争意识，带领团队以开放的心态不坐井观天，对标头部企业，分析其制造过程。","1，内部不同业务之间的横向拉通与融合需要加强，可以从文化建设方面入手；
2，带领团队对行业和电力电子有更深的了解，让大家看到自己岗位在行业中的价值。可以引入更多的外部业务资源的培训与交流",工艺技术作为制造技术的核心内容之一，需要跟上下游充分融合，可以多有一些业务上的互动。,12.6,39,8,,生产,生产工艺-IE,A
10038463,阳光智维,运维/数智化/研发/解决方案,运维业务中心,运维技术部,,,执行层,协同方,10006652,3,2,2,2,3,2,2,2,3,3,3,2,,,,,,,,2,3,2,3,3,3,3,3,4,基本没有,无,主观能动性还可以再高一些,1.3,41,0,,运维,系统技术,B+
10038463,阳光智维,运维/数智化/研发/解决方案,运维业务中心,运维技术部,,,执行层,下级,10047255,4,5,5,3,3,4,4,4,4,4,3,4,3,3,5,4,5,3,4,4,4,4,3,4,4,4,5,5,"以绩效为导向
已结果为导向",部门业务专业综合方面需逐步加深了解，这样可以更好的指导部门人员开展工作,部门管理有序，目前无建议,1.3,41,0,,运维,系统技术,B+
10038463,阳光智维,运维/数智化/研发/解决方案,运维业务中心,运维技术部,,,执行层,下级,10044260,2,3,2,3,1,1,2,2,3,2,1,3,4,3,2,2,1,3,2,1,3,2,3,2,1,3,1,2,对上级的指示快速响应,对业务理解深度不够；管理工作简单传达；务虚,建议加强新领域的虚心学习,1.3,41,0,,运维,系统技术,B+
10038463,阳光智维,运维/数智化/研发/解决方案,运维业务中心,运维技术部,,,执行层,下级,10010401,4,4,4,4,4,4,3,3,4,4,4,4,3,4,4,3,4,4,4,4,4,4,4,4,4,4,4,4,"1、工作目标意识强，经常性和下属分析目标偏差；
2、尊重专业意见，善于采纳下属意见和建议。","1、建立人才发展梯队，打通人才发展通道；
2、部门内合理分工，调动员工积极性。",无,1.3,41,0,,运维,系统技术,B+
10038463,阳光智维,运维/数智化/研发/解决方案,运维业务中心,运维技术部,,,执行层,下级,10005415,4,5,4,4,3,3,3,4,4,4,4,3,3,3,3,3,4,3,3,4,4,4,3,4,4,5,4,5,随时响应上级的新要求，紧盯事项进度，根据工作进展，不等不靠，及时做出改变调整。,AI应用，团队发展，个人成长。,无,1.3,41,0,,运维,系统技术,B+
10038463,阳光智维,运维/数智化/研发/解决方案,运维业务中心,运维技术部,,,执行层,下级,10005134,4,4,4,4,3,3,4,3,4,3,3,3,3,3,3,4,4,3,4,4,4,3,4,4,4,4,4,4,抗压能力强,专业方便需要加强,无,1.3,41,0,,运维,系统技术,B+
10038463,阳光智维,运维/数智化/研发/解决方案,运维业务中心,运维技术部,,,执行层,上级,10041744,,,,,,,,,,,,,,,,,,,,,,,,,,,,,,,,1.3,41,0,,运维,系统技术,B+
10038434,光储集团,营销体系,欧洲大区,东南欧、中东欧、独联体,希腊、塞浦路斯、保加利亚、塞尔维亚、北马其顿和黑山,,执行层,自己,10038434,4,4,4,4,4,5,5,5,4,5,4,5,3,3,4,3,4,4,5,5,5,5,5,5,5,4,4,5,"-Customer focused with eye on the big picture
-Non-stop on the ground with the team.","- Improved leadership skill to guide and close the deals. 
- Implementation and alignment with HQ",Great leader with good people skills focused on the team.,1.4,27,1,3/14/2026,营销,商务销售,A
10038434,光储集团,营销体系,欧洲大区,东南欧、中东欧、独联体,希腊、塞浦路斯、保加利亚、塞尔维亚、北马其顿和黑山,,执行层,协同方,10046481,4,4,4,4,4,5,4,5,4,5,5,4,,,,,,,,4,3,4,5,5,4,5,4,5,"He has made a very strong start in his role, especially considering his short time in the position. He demonstrates a high level of adaptability, a positive mindset, and a genuine willingness to learn and grow. He engages constructively with the team and stakeholders, showing openness and a collaborative approach, while steadily building his understanding of the business and contributing effectively to the team’s objectives.","He has made a strong start in his role, especially considering his limited time in the position, showing good adaptability and a willingness to learn. To further broaden his exposure, he could benefit from increased involvement in cross-functional topics, participation in wider team discussions, and opportunities to collaborate more closely with senior stakeholders.",No further comments,1.4,27,1,3/14/2026,营销,商务销售,A
10038434,光储集团,营销体系,欧洲大区,东南欧、中东欧、独联体,希腊、塞浦路斯、保加利亚、塞尔维亚、北马其顿和黑山,,执行层,协同方,10027164,,,,,,,,,,,,,,,,,,,,,,,,,,,,,,,,1.4,27,1,3/14/2026,营销,商务销售,A
10038434,光储集团,营销体系,欧洲大区,东南欧、中东欧、独联体,希腊、塞浦路斯、保加利亚、塞尔维亚、北马其顿和黑山,,执行层,协同方,10025965,4,5,5,5,4,5,4,5,4,5,4,4,,,,,,,,4,4,5,4,5,5,4,5,5,"1.Leadership
2. Solution Provider",no comment,no comment,1.4,27,1,3/14/2026,营销,商务销售,A
10038434,光储集团,营销体系,欧洲大区,东南欧、中东欧、独联体,希腊、塞浦路斯、保加利亚、塞尔维亚、北马其顿和黑山,,执行层,协同方,10017371,5,4,5,4,4,4,5,5,5,5,4,4,,,,,,,,4,5,5,5,5,4,5,5,5,/,/,/,1.4,27,1,3/14/2026,营销,商务销售,A
10038434,光储集团,营销体系,欧洲大区,东南欧、中东欧、独联体,希腊、塞浦路斯、保加利亚、塞尔维亚、北马其顿和黑山,,执行层,协同方,10009767,3,4,3,3,3,3,3,4,3,3,5,4,,,,,,,,3,3,4,5,5,3,4,5,4,No comment,No comment,No comment,1.4,27,1,3/14/2026,营销,商务销售,A
10038434,光储集团,营销体系,欧洲大区,东南欧、中东欧、独联体,希腊、塞浦路斯、保加利亚、塞尔维亚、北马其顿和黑山,,执行层,协同方,10009305,4,4,5,4,5,4,4,4,4,5,4,5,,,,,,,,4,4,3,3,3,4,3,4,4,Strong learning and comprehension ability; good at identifying problems and proposing effective solutions; energetic and proactive at work,"1. Make a smooth transition from the sales role to the country manager role; it is recommended to hand over current sales tasks to other colleagues, focus more on country-level business operations, build an efficient local team, and identify market opportunities and trends to allocate relevant resources appropriately. 2. Improve knowledge of other products and develop corresponding business strategies; current operations are mainly in PV and energy storage, so it is recommended to strengthen learning on new products such as hydrogen and AIDC",No comment,1.4,27,1,3/14/2026,营销,商务销售,A
10038434,光储集团,营销体系,欧洲大区,东南欧、中东欧、独联体,希腊、塞浦路斯、保加利亚、塞尔维亚、北马其顿和黑山,,执行层,协同方,10007913,4,3,4,4,4,4,3,4,4,4,4,3,,,,,,,,4,3,5,4,5,4,5,4,5,Customer mindset,Internal collaboration,No comment,1.4,27,1,3/14/2026,营销,商务销售,A
10038434,光储集团,营销体系,欧洲大区,东南欧、中东欧、独联体,希腊、塞浦路斯、保加利亚、塞尔维亚、北马其顿和黑山,,执行层,协同方,10007708,5,5,4,4,5,5,4,5,4,5,4,4,,,,,,,,4,4,4,5,5,4,4,4,4,Enthusiastic and proactive at work,"For the long-term operation of energy storage, following last year’s rapid growth and this year’s large-scale project deliveries, how can we leverage our strengths in delivery assurance and operations to enhance local customer influence?",No comment,1.4,27,1,3/14/2026,营销,商务销售,A
10038434,光储集团,营销体系,欧洲大区,东南欧、中东欧、独联体,希腊、塞浦路斯、保加利亚、塞尔维亚、北马其顿和黑山,,执行层,下级,10045465,5,5,5,5,5,5,5,5,5,5,5,5,5,5,5,5,5,5,5,5,5,5,5,5,5,5,5,5,Support and knowledge transferred to the team,Time Management,No other suggestions,1.4,27,1,3/14/2026,营销,商务销售,A
10038434,光储集团,营销体系,欧洲大区,东南欧、中东欧、独联体,希腊、塞浦路斯、保加利亚、塞尔维亚、北马其顿和黑山,,执行层,下级,10045028,5,5,5,4,5,5,5,5,4,5,5,5,4,4,5,5,5,5,5,4,4,5,5,5,5,5,4,5,"fostering client relationship, proactive thinking, situation awareness",time management and prioritization,keep up the good work,1.4,27,1,3/14/2026,营销,商务销售,A
10038434,光储集团,营销体系,欧洲大区,东南欧、中东欧、独联体,希腊、塞浦路斯、保加利亚、塞尔维亚、北马其顿和黑山,,执行层,上级,10016451,5,4,5,4,4,4,5,4,5,5,5,5,3,4,4,2,4,3,3,3,4,4,5,5,4,5,4,4,Focused on short-term result and long-term goals,Better people management and coaching to build accountable teams,"Learn to facilitate different management styles, based on team needs",1.4,27,1,3/14/2026,营销,商务销售,A
10038123,制造体系,总部交付中心,仓储,PCBA物料仓储部,,,执行层,自己,10038123,5,5,5,5,4,5,4,4,4,5,5,5,4,4,4,5,5,4,5,4,5,4,5,5,5,5,5,5,"1、主动到SMT生产线学习生产过程，了解抛料情况，对仓线边库管理提出自己的见解；
2、对仓库发料和账实存在的问题，自己深入现场并实际作业，洞察问题并与员工交流谈心，引到员工理解和改善；
3、对待问题，用数据说话和分析、改善，并持续不断的改善。","1、管理过多种仓库，与生产、销售配合得当，对仓库管理得心应手；
2、对仓储、运配、采购都有实际操作和管理经验，对计划也有所了解，对供应链全流程管理有自己的心得。

对账务操作和生产知识多学习。",能够独立做账成为仓储管理全才，同时学习生产知识，成为全能手。,1.6,39,5,,生产,仓储管理,B+
10038123,制造体系,总部交付中心,仓储,PCBA物料仓储部,,,执行层,协同方,10037023,4,5,4,4,4,4,5,5,4,5,5,5,,,,,,,,5,4,5,5,5,5,5,5,5,能很好对待业务且做事细心，原则性强,思维和做事的灵活性可以增强,暂无,1.6,39,5,,生产,仓储管理,B+
10038123,制造体系,总部交付中心,仓储,PCBA物料仓储部,,,执行层,协同方,10020662,4,5,5,4,4,5,4,4,4,4,5,5,,,,,,,,4,5,5,4,4,5,4,5,5,针对超期物料异常造成的缺料和紧急影响，自己安排去总部送物料检测缩短周期,坚决执行落地需要持续跟进,暂无,1.6,39,5,,生产,仓储管理,B+
10038123,制造体系,总部交付中心,仓储,PCBA物料仓储部,,,执行层,协同方,10014629,4,4,4,4,4,4,4,5,5,4,5,4,,,,,,,,4,5,5,5,5,5,4,5,5,"1.主动思考，深入现场，拉通上下游及相关方解决账实差异，提升仓库管理水平
2.跟踪物控对物料库存进行主动控制，降低库存并提高仓储利用率，使来料波动平缓，提高人效",暂无,暂无,1.6,39,5,,生产,仓储管理,B+
10038123,制造体系,总部交付中心,仓储,PCBA物料仓储部,,,执行层,协同方,10016199,4,4,4,4,4,3,3,4,3,4,4,4,,,,,,,,4,4,4,3,4,4,4,4,5,积极推行PCB仓库管理优化，推进仓库分区管理；数字化提升工作效率,1、小组人员凝聚力提升；多组织团建活动、文化活动等；,暂无,1.6,39,5,,生产,仓储管理,B+
10038123,制造体系,总部交付中心,仓储,PCBA物料仓储部,,,执行层,协同方,10009552,3,3,3,3,2,3,2,2,4,4,4,4,,,,,,,,4,4,3,3,4,3,4,4,5,关注细节,复杂问题的复盘沉淀能力：过往项目中遇到的难点问题，解决后缺乏系统性复盘与经验沉淀，同类问题偶有重复出现。建议养成 “问题 - 原因 - 对策” 的复盘习惯。,无,1.6,39,5,,生产,仓储管理,B+
10038123,制造体系,总部交付中心,仓储,PCBA物料仓储部,,,执行层,协同方,10007747,4,4,4,4,4,4,3,4,3,3,3,4,,,,,,,,4,4,4,4,4,4,4,4,4,暂无,暂无,暂无,1.6,39,5,,生产,仓储管理,B+
10038123,制造体系,总部交付中心,仓储,PCBA物料仓储部,,,执行层,协同方,10000974,4,4,4,4,4,4,4,5,4,4,4,4,,,,,,,,4,5,4,4,5,5,3,5,5,乐于分享往期经验。,将往期工作经历与现处的岗位做充分对比，取长补短，下沉到当前的工作中去。,多了解与岗位相关生产制造的生产逻辑，有利于贯通生产仓储管理各项流程。,1.6,39,5,,生产,仓储管理,B+
10038123,制造体系,总部交付中心,仓储,PCBA物料仓储部,,,执行层,协同方,10000859,4,4,4,4,4,5,5,4,4,4,4,4,,,,,,,,4,4,4,4,4,4,4,5,5,积极思考新方法,解决问题要实地考察，了解前世今生，更容易落地解决,无,1.6,39,5,,生产,仓储管理,B+
10038123,制造体系,总部交付中心,仓储,PCBA物料仓储部,,,执行层,下级,10037386,4,4,3,4,4,5,3,3,4,4,4,4,3,3,4,3,4,4,4,4,4,3,3,3,3,5,2,5,愿意帮助同事学习掌握新技能，带头思考问题,赏罚分明,无,1.6,39,5,,生产,仓储管理,B+
10038123,制造体系,总部交付中心,仓储,PCBA物料仓储部,,,执行层,下级,10034634,1,2,2,3,3,3,3,2,2,3,3,3,3,3,2,2,3,2,3,3,2,3,3,2,2,3,2,3,"1、细心
2、耐心
","1.人文关怀
2.方案评估",加强人文关怀，考虑员工心声，理性分析问题,1.6,39,5,,生产,仓储管理,B+
10038123,制造体系,总部交付中心,仓储,PCBA物料仓储部,,,执行层,下级,10033902,3,2,3,3,3,3,4,3,3,4,4,3,2,2,2,3,3,3,4,3,2,5,2,3,3,5,5,5,"1、制定的规则持续推进，并严格要求落实执行到底
2、收集各种数据并分析",对各种数据的收集与分析要贴合实行工作去处理,安排任务时希望能够多考虑一下实际工作中执行的难度与耗时，不能只看数据，不看实际工作,1.6,39,5,,生产,仓储管理,B+
10038123,制造体系,总部交付中心,仓储,PCBA物料仓储部,,,执行层,下级,10027291,3,3,3,3,3,3,3,3,3,3,3,3,2,2,3,3,3,2,3,3,3,3,3,4,3,3,3,3,无,无,无,1.6,39,5,,生产,仓储管理,B+
10038123,制造体系,总部交付中心,仓储,PCBA物料仓储部,,,执行层,下级,10022197,,,,,,,,,,,,,,,,,,,,,,,,,,,,,,,,1.6,39,5,,生产,仓储管理,B+
10038123,制造体系,总部交付中心,仓储,PCBA物料仓储部,,,执行层,下级,10020982,4,4,4,5,5,5,5,4,4,5,5,3,4,3,4,4,5,4,4,4,5,4,4,5,4,5,5,5,"团队赋能
跨部门协作与影响力","结果导向与优先级管理
容易陷入忙碌状态，同时处理多项任务却无法对最关键事项深度投入。",无,1.6,39,5,,生产,仓储管理,B+
10038123,制造体系,总部交付中心,仓储,PCBA物料仓储部,,,执行层,下级,10016873,1,2,2,3,3,3,3,2,2,3,3,3,3,3,2,2,3,2,3,3,2,3,3,2,2,4,2,4,"1、关注细节
2、工作较真","1、员工关怀
2、建议听取
3、措施可行性评估",员工关怀、任务分配、工作支持,1.6,39,5,,生产,仓储管理,B+
10038123,制造体系,总部交付中心,仓储,PCBA物料仓储部,,,执行层,上级,10000367,3,4,3,4,4,4,4,3,3,4,4,4,4,5,5,4,5,5,5,4,4,4,5,4,4,5,5,5,"1、具备丰富仓储管理经理
2、做事谨慎，能够以身示范
3、严格执行公司管理规定，积极践行文化行为","1、加强组织建设，建立可持续人才梯队
2、业务技能学习，熟悉各环节知识点",学习管理知识，提升管理能力。,1.6,39,5,,生产,仓储管理,B+
10037806,阳光电气,质量部,,,,,执行层,自己,10037806,5,5,5,5,5,5,4,5,4,5,5,4,4,4,5,5,5,5,5,5,5,4,5,5,4,5,5,5,"1、遇到问题不逃避责任，敢于承担，以解决问题为目的
2、以实物、案例培养团队，不走形式",/,/,1.6,43,12,,质量,质量体系(QA),B+
10037806,阳光电气,质量部,,,,,执行层,协同方,10044822,3,4,4,3,4,4,4,4,4,4,5,5,,,,,,,,5,5,4,5,4,5,5,4,5,无,无,无,1.6,43,12,,质量,质量体系(QA),B+
10037806,阳光电气,质量部,,,,,执行层,协同方,10043561,4,4,4,4,4,4,5,4,4,4,5,4,,,,,,,,4,5,4,5,4,5,4,4,5,"工作责任心极强，对待各项业务任务严谨细致，能严格把控工作质量，执行力突出。
​",精细化管理力度可加大：工作侧重整体统筹，对细节流程把控可进一步强化，建议优化工作细分流程，提升管理精细化程度。,"对质量有独特认知。
希望后续进一步突破工作固有模式，提出更合理的方案。",1.6,43,12,,质量,质量体系(QA),B+
10037806,阳光电气,质量部,,,,,执行层,协同方,10042579,4,5,5,4,5,4,4,5,5,5,5,5,,,,,,,,5,4,4,5,4,4,5,5,4,"1、跨部门协作较好，积极主动赋能其他部门
2、对工作认真负责","1、对质量体系建设方面可跨部门合作持续加强
2、增加团队人员数量，形成体系化管理",暂无,1.6,43,12,,质量,质量体系(QA),B+
10037806,阳光电气,质量部,,,,,执行层,协同方,10037338,4,5,5,4,5,5,4,5,5,5,5,5,,,,,,,,4,4,5,5,5,5,5,4,4,"1.质量问题四不放过，对客户负责。
2.根据生产需要来安排质量检验人员的工作，保证生产交付为第一位。","1.在原材料来料质量控制方面进行加强，对来料质量问题的分析深入到供应商端，配合供应商提升供货质量。
2.提高质量人员在质量工具和质量数据方面的应用以便于质量改善方面的提升。",无,1.6,43,12,,质量,质量体系(QA),B+
10037806,阳光电气,质量部,,,,,执行层,协同方,10020845,5,5,4,4,5,5,4,4,5,5,5,4,,,,,,,,4,4,5,5,4,4,5,5,5,积极响应总部的变压器质量改善需求，并推动内部改善,"1、增加质量部门对研发、生产和工艺部门的影响力
2、结合中压历史问题规避清单，保障电气中压市场问题大幅降低。",暂无,1.6,43,12,,质量,质量体系(QA),B+
10037806,阳光电气,质量部,,,,,执行层,协同方,10031682,3,3,2,3,3,2,2,2,2,3,3,2,,,,,,,,3,3,2,2,3,2,3,3,3,稳重,需要聚焦质量数据分布，并进行分级分类有计划改善，抓效果,关注全链条质量状况并有效发挥监管职责,1.6,43,12,,质量,质量体系(QA),B+
10037806,阳光电气,质量部,,,,,执行层,协同方,10000781,4,4,4,4,4,5,3,4,4,4,4,5,,,,,,,,4,4,5,4,4,4,4,5,4,能快速推动质量问题不断改善,无,无,1.6,43,12,,质量,质量体系(QA),B+
10037806,阳光电气,质量部,,,,,执行层,协同方,10000245,4,4,4,4,4,4,3,2,4,4,4,5,,,,,,,,4,4,4,4,4,5,5,5,5,质量管理专业，跨部门沟通能力强，以理服人。,在质量上更加主导事情的进展,无,1.6,43,12,,质量,质量体系(QA),B+
10037806,阳光电气,质量部,,,,,执行层,下级,10042794,5,5,5,4,4,5,4,4,5,5,5,5,4,5,5,5,4,5,4,4,5,4,4,4,5,5,4,4,"在忙碌时能完成人员协调，降低工作压力。
专业能力过硬",各方面都挺好的，我也说不出上级应该往哪方面发展的具体建议,没有了,1.6,43,12,,质量,质量体系(QA),B+
10037806,阳光电气,质量部,,,,,执行层,下级,10042437,5,5,5,5,5,5,4,5,5,5,4,5,5,4,4,5,5,5,5,4,4,4,5,4,5,5,5,5,很高的质量意识，能第一时间发现问题，并解决,无,无,1.6,43,12,,质量,质量体系(QA),B+
10037806,阳光电气,质量部,,,,,执行层,下级,10041886,4,4,3,2,2,2,3,4,3,5,4,4,4,4,4,2,4,2,4,3,3,4,3,4,5,4,5,5,领导交代的事情一丝不苟完成、和其他部门协同语言艺术高、做好自身,部门内各职能工作边界模糊、及时纠正下属的工作方式方法,行业经验要分享,1.6,43,12,,质量,质量体系(QA),B+
10037806,阳光电气,质量部,,,,,执行层,下级,10035705,5,5,5,5,4,5,4,5,4,5,5,5,5,4,5,4,4,4,4,5,5,4,5,4,4,4,5,5,多次组织培训,无,多多组织团建，增强团队凝聚力,1.6,43,12,,质量,质量体系(QA),B+
10037806,阳光电气,质量部,,,,,执行层,下级,10035468,4,4,4,5,4,4,4,4,4,5,4,5,4,4,4,4,5,4,4,4,5,4,5,4,5,4,5,4,能够冷静的处理问题,无,无,1.6,43,12,,质量,质量体系(QA),B+
10037806,阳光电气,质量部,,,,,执行层,下级,10033817,4,4,3,3,4,2,3,4,5,5,5,5,3,4,4,3,3,2,4,5,4,4,4,4,4,3,5,5,"1、站在客户的角度考虑问题，应用自身专业技能特长，严谨开放解决各种问题；
2、管理思路清晰，质量目标管理、结果导向驱动改进，使得质量不断提升","1、组织力提升，组织通过各种活动、打造团队凝聚力，目前缺乏这方面的组织
2、领导力提升，建立最终目标，可以是工作目标、团队目标，领导团队往上走，方向未明确",无,1.6,43,12,,质量,质量体系(QA),B+
10037806,阳光电气,质量部,,,,,执行层,下级,10032972,5,5,5,5,5,4,4,5,5,5,5,5,5,5,5,5,5,5,5,5,5,5,5,5,5,5,5,5,"1.丰富的电力变压器过程控制经验；
2.严谨的工作逻辑思维；
3.目标意识；","一、复杂问题统筹解决能力
发展建议：1.  主动承接1-2项跨部门协作的复杂任务，在任务推进中刻意练习“拆解-梳理-协调”的思路，将复杂问题拆解为可落地的小目标，明确每个目标的责任人、时间节点，定期同步进度、协调分歧；2.  向团队中统筹能力较强的同事学习，观察其处理复杂问题的逻辑和方法，必要时主动请教，总结可复用的统筹技巧；3.  每次完成复杂任务后，进行复盘总结，梳理自身在统筹过程中的不足，明确后续改进方向，逐步培养系统性思维。
二、专业能力深度与创新应用
发展建议：1.  结合本职工作，制定系统性的专业学习计划，每月固定投入时间学习行业前沿知识、专业技能，可通过线上课程、行业期刊、专业研讨会等渠道补充知识储备，重点突破自身专业薄弱环节；2.  尝试将所学的新方法、新技术应用到实际工作中，比如在常规任务中优化流程、创新解决方案，主动探索更高效、更优质的工作方式；3.  主动参与团队的专业交流、技术研讨，分享自身学习心得，同时借鉴他人的优秀实践，拓宽专业视野，提升专业创新能力。",部门团队能力培训提升；,1.6,43,12,,质量,质量体系(QA),B+
10037806,阳光电气,质量部,,,,,执行层,下级,10031748,4,4,4,4,4,3,3,3,4,4,4,4,4,4,4,4,3,3,3,4,4,4,3,4,4,4,4,4,"1）诚恳务实：当产品出现问题时，会要求下属及时搜集数据并汇总分析，提供可靠的证据给供应商或者部门管理者。
2）成就客户：客户有需求及建议，都及时反馈给下属，满足客户。","1. 问题根源深挖与闭环处置能力
发展建议：拿到数据后牵头溯源分析故障根本原因，制定整改措施，跟进整改落地效果，形成问题发现 - 分析 - 整改 - 复核完整闭环，避免同类问题重复发生。
 2 团队指导与能力培养力度
发展建议：处理问题过程中同步讲解分析思路、判定标准，手把手帮带下属提升数据分析与问题处置能力，带动团队整体业务水平进阶。",暂无,1.6,43,12,,质量,质量体系(QA),B+
10037806,阳光电气,质量部,,,,,执行层,下级,10013012,5,5,4,5,5,4,4,5,4,5,5,5,5,5,4,4,4,5,5,4,5,5,3,4,5,4,5,5,"1、专业能力扎实，面对项目中的复杂问题总能快速定位关键、给出落地方案，是团队的技术支柱。
2、责任心极强，遇到难点工作从不推诿，主动牵头协调资源，推动任务闭环落地。
3、乐于分享经验，对团队成员的疑问总能耐心指导，带动团队整体能力提升。","1、建议可多组织一些轻松的团队建设活动，在非正式的交流中增进彼此了解，进一步提升团队凝聚力。
2、建议可进一步梳理和明确团队成员的岗位职责与分工边界，让每个人的工作目标、权责更清晰，减少交叉工作带来的沟通成本，提升整体执行效率。",无其他建议,1.6,43,12,,质量,质量体系(QA),B+
10037806,阳光电气,质量部,,,,,执行层,上级,10031963,4,3,3,3,4,4,3,4,4,4,5,4,3,4,4,4,4,3,4,4,3,4,4,4,5,5,5,5,能严守质量底线，对关键风险把控较好,缺乏规划和计划性，执行不到位,需转变质量管理思维，提前识别和预防风险，措施落实到位,1.6,43,12,,质量,质量体系(QA),B+
10037791,阳光智维,运维/数智化/研发/解决方案,运维业务中心,运维华南区,,,执行层,自己,10037791,4,5,5,4,4,5,4,4,5,5,5,5,4,4,5,4,5,5,4,5,5,4,4,5,4,5,5,5,"1、遇事不推诿，积极推进，以对公司最优解决方案为目标；
2、目标明确，结果导向性，基于目标积极拆解梳理出达成步骤，并会推动落地。","1、数字化应用及学习需要进一步加强
2、需要持续学习行业知识，尤其在储能及电力交易领域",暂无,1.6,33,7,1/1/2026,运维,运维管理,B+
10037791,阳光智维,运维/数智化/研发/解决方案,运维业务中心,运维华南区,,,执行层,协同方,10031576,4,4,4,4,4,4,3,4,4,4,4,4,,,,,,,,4,4,4,4,4,4,5,5,5,作为华南区运维负责人，大局意识强，统筹管理能力突出，能立足区域整体目标做工作规划，合理分工、资源调配得当，善于抓重点、控节奏。,加强区域人才梯队储备与后备干部培养。,无,1.6,33,7,1/1/2026,运维,运维管理,B+
10037791,阳光智维,运维/数智化/研发/解决方案,运维业务中心,运维华南区,,,执行层,协同方,10020480,4,5,4,5,4,4,4,5,5,5,5,5,,,,,,,,4,4,4,4,4,4,4,4,4,无,无,无,1.6,33,7,1/1/2026,运维,运维管理,B+
10037791,阳光智维,运维/数智化/研发/解决方案,运维业务中心,运维华南区,,,执行层,协同方,10020261,5,5,4,5,5,5,5,5,4,5,5,5,,,,,,,,5,5,4,4,5,5,4,5,4,推动事情积极，能给解决方案,综合评估多方意见,无,1.6,33,7,1/1/2026,运维,运维管理,B+
10037791,阳光智维,运维/数智化/研发/解决方案,运维业务中心,运维华南区,,,执行层,协同方,10018112,3,4,3,3,4,2,4,3,4,4,5,5,,,,,,,,4,4,5,5,5,5,5,5,5,"1. 目标感强，能围绕目标制定行动计划，整体目标达成度高。
2. 经营意识强，清楚所管区域项目经营情况及偏差原因，在项目管理上投入较多。","1. 立足降本目标，打破固有思维，从全局视角探索创新落地举措。
2. 深度理解公司战略，结合业务管理实际，依托战略导向推进业务创新。",立足业务长远发展，强化突破思维，主动寻求业务提质升级。,1.6,33,7,1/1/2026,运维,运维管理,B+
10037791,阳光智维,运维/数智化/研发/解决方案,运维业务中心,运维华南区,,,执行层,下级,10044852,5,5,5,5,5,5,5,4,4,4,5,5,4,4,4,4,4,4,4,4,5,5,4,5,5,4,5,5,"1、对公司管理要求非常清楚，执行坚决；
2、能够及时有效帮忙集群解决问题并能提供有效解决方案及问题思路。",暂无,暂无,1.6,33,7,1/1/2026,运维,运维管理,B+
10037791,阳光智维,运维/数智化/研发/解决方案,运维业务中心,运维华南区,,,执行层,下级,10032259,5,5,5,5,5,4,4,4,5,4,4,4,4,4,5,5,4,4,4,4,5,4,4,4,4,5,4,4,"1.积极梳理公司经营指标数据，带领团队分析各集群指标执行弱项。给予业务方向引导；
2.工作态度端正，面对苦难与团队一起处理，不推诿不扯皮，以身作则。","1.商务开拓方面；
2.针对我司中标率及续签率底的情况，发挥大区能动性。",暂无建议，比较优秀。,1.6,33,7,1/1/2026,运维,运维管理,B+
10037791,阳光智维,运维/数智化/研发/解决方案,运维业务中心,运维华南区,,,执行层,下级,10018979,4,5,4,4,5,4,4,5,4,5,4,4,4,5,5,4,5,4,5,5,5,4,4,4,4,5,4,5,工作思路清晰，以结果为导向，反应迅速。,深入了解站端情况,无,1.6,33,7,1/1/2026,运维,运维管理,B+
10037791,阳光智维,运维/数智化/研发/解决方案,运维业务中心,运维华南区,,,执行层,下级,10017402,4,4,3,3,3,3,3,4,3,4,3,4,3,4,3,4,3,4,3,4,4,4,3,4,4,3,4,3,"1、反馈的问题很快能给整合出资源
2、发现的问题会形成待办事项，并每周跟踪进度",无,无,1.6,33,7,1/1/2026,运维,运维管理,B+
10037791,阳光智维,运维/数智化/研发/解决方案,运维业务中心,运维华南区,,,执行层,下级,10015492,4,4,4,3,4,3,3,4,4,4,4,4,3,3,3,3,4,3,4,4,3,3,3,4,4,4,4,4,积极认真，注重时效,无,无,1.6,33,7,1/1/2026,运维,运维管理,B+
10037791,阳光智维,运维/数智化/研发/解决方案,运维业务中心,运维华南区,,,执行层,下级,10013619,5,5,5,5,4,5,5,5,5,5,5,5,5,5,4,4,5,4,5,5,5,5,5,5,5,5,5,5,"1.工作中以身作则、主动担当不推诿，用实际行动树立标杆，极具示范作用
2.对待工作精益求精，责任心极强、善于统筹，总能直指问题核心，引导团队完成目标，值得全员对标学习。",无,无,1.6,33,7,1/1/2026,运维,运维管理,B+
10037791,阳光智维,运维/数智化/研发/解决方案,运维业务中心,运维华南区,,,执行层,下级,10012956,5,5,5,5,5,4,5,5,5,5,5,4,4,4,3,5,4,5,3,4,4,4,5,5,5,4,3,5,"1、无论何时有流程需要审批的，汇报后都能及时处理；
2、现场需要资源或者支持都能给出合理方案。",1、无,无,1.6,33,7,1/1/2026,运维,运维管理,B+
10037791,阳光智维,运维/数智化/研发/解决方案,运维业务中心,运维华南区,,,执行层,上级,10041744,,,,,,,,,,,,,,,,,,,,,,,,,,,,,,,,1.6,33,7,1/1/2026,运维,运维管理,B+
10035791,光储集团,营销体系,北美大区,法务及风险管控部,网络安全组,,执行层,自己,10035791,5,5,5,5,4,4,5,5,5,5,5,4,4,4,5,4,5,4,5,5,5,5,4,5,5,5,5,5,"Regulatory and Risk Leadership at Executive Level
Demonstrates a clear ability to translate cybersecurity, compliance, and product risk into business-relevant terms. Establishes defensible positions that align with U.S. regulatory expectations and customer scrutiny.
Cross-Functional and Cross-Cultural Influence
Effectively operates across global teams, balancing HQ alignment with U.S. market realities. Builds alignment between legal, product, sales, and operations to drive cohesive outcomes.
Strategic Execution with Governance Discipline
Not only defines strategy but ensures structured execution with clear accountability, particularly in building a regional cybersecurity function from the ground up.","calability of the Cybersecurity Program
Current effectiveness is strong but partially dependent on direct leadership involvement.
Suggestion:
Continue maturing second-line leadership across GRC, AppSec, and SecOps
Further formalize processes, playbooks, and decision frameworks to reduce dependency on central oversight
Executive Visibility and Narrative Expansion
Strong substance; opportunity to further amplify visibility at global executive level.
Suggestion:
Increase structured communication to HQ and senior leadership focused on risk, regulatory exposure, and strategic positioning
Frame cybersecurity more explicitly as a business enabler, not just a control function
Technology Leverage (Automation / AI)
Solid foundation, but opportunity to accelerate efficiency gains.
Suggestion:
Identify repeatable GRC and security operations workflows for automation
Explore AI-assisted risk analysis, questionnaire handling, and monitoring enhancements","Position Cybersecurity as a Market Differentiator
Particularly in critical infrastructure, security posture can directly influence sales and customer trust.
Action:
Partner more closely with sales to embed security into customer-facing narratives
Shape messaging around defensibility, transparency, and compliance alignment
Strengthen Chain-of-Custody and Data Sovereignty Controls
Increasing regulatory and geopolitical sensitivity makes this a strategic priority.
Action:
Continue formalizing controls, documentation, and audit readiness in these areas
Ensure alignment between product, legal, and operational practices
Build Long-Term Organizational Resilience
Transition from “building” to “institutionalizing” the function.
Action:
Focus on durability of processes, audit readiness, and leadership continuity
Ensure the program scales independently of any single individual",1.9,32,8,,数智技术,网络安全,B+
10035791,光储集团,营销体系,北美大区,法务及风险管控部,网络安全组,,执行层,协同方,10044851,4,4,4,4,4,4,5,4,3,4,5,5,,,,,,,,5,4,4,4,3,4,5,4,4,"1. Ownership and Accountability
Over the past year, Michael has consistently demonstrated strong ownership of his responsibilities. He takes initiative to drive work forward without waiting for direction and follows through to completion. This level of accountability has helped improve reliability across projects and sets a strong example for others in maintaining high standards of execution.
2. Collaboration and Communication
Michael works effectively across teams and communicates clearly with both technical and non-technical stakeholders. He is able to align priorities, reduce friction, and keep work moving forward even in complex or fast-changing situations. His ability to collaborate and maintain productive working relationships is something others can learn from.
3. Problem Solving and Proactiveness
Michael shows a proactive approach to identifying issues and addressing them early. He does not wait for problems to escalate and instead focuses on practical, scalable solutions. His problem-solving mindset contributes to smoother operations and helps the team stay ahead of challenges.","1. Prioritization and Focus
There are opportunities for Michael to further strengthen how he prioritizes work across competing initiatives. At times, aligning more clearly on the highest-impact tasks and focusing efforts accordingly could improve overall efficiency.
Suggestion: Establish a more structured prioritization framework, such as clearly defined weekly or sprint-level priorities, and regularly validate alignment with stakeholders to ensure effort is directed toward the highest business value.
2. Communication Clarity and Proactive Updates
While Michael communicates effectively, there is room to improve the consistency and proactiveness of updates, especially on longer or more complex efforts. Providing earlier visibility into risks, delays, or changes would help stakeholders stay aligned.
Suggestion: Implement a more proactive communication rhythm, such as brief status updates or checkpoints, and surface potential issues earlier to enable smoother coordination and decision-making.
3. Documentation and Knowledge Sharing
Increasing the level of documentation and knowledge sharing would help scale impact and support team efficiency. Ensuring that key processes, decisions, and technical details are consistently captured would benefit both current and future team members.
For example, Develop a habit of documenting key workflows, decisions, and lessons learned in a centralized location, making it easier for others to learn from and build upon this work.","Develop Others and Share Expertise
Increasing focus on mentoring and knowledge sharing can amplify overall team capability and impact. For example, take more opportunities to guide peers, document best practices, and lead knowledge-sharing sessions.",1.9,32,8,,数智技术,网络安全,B+
10035791,光储集团,营销体系,北美大区,法务及风险管控部,网络安全组,,执行层,协同方,10042022,5,5,5,5,5,4,5,5,4,4,5,4,,,,,,,,5,4,4,4,5,4,5,4,5,Reviewing cyber security agreements,None ,None,1.9,32,8,,数智技术,网络安全,B+
10035791,光储集团,营销体系,北美大区,法务及风险管控部,网络安全组,,执行层,协同方,10041856,4,4,4,4,4,2,2,2,1,3,3,3,,,,,,,,4,3,3,4,2,2,4,2,3,"#3, 4, 5","#9, #17",No.,1.9,32,8,,数智技术,网络安全,B+
10035791,光储集团,营销体系,北美大区,法务及风险管控部,网络安全组,,执行层,协同方,10041837,5,5,4,4,5,5,5,5,4,5,5,5,,,,,,,,4,4,4,4,4,5,5,5,5,"An industry leader in Cybersecurity and is always keeping up with the current regulations and trends.
Is not afraid of stating what he truely believes needs to be done to bring SGUS up to Cybersecurity standards
Always listening to feedback and trying to improve constantly","Try to be less technical with executive presentations.  Often it's hard to follow and will be beneficial to have exact asks and steps needed to accomplish the ask.
Will be beneficial to have more experience dealing with Chinese work culture.  The upcoming in person meeting with HQ will greatly assist with this.",Keep up the great work! ,1.9,32,8,,数智技术,网络安全,B+
10035791,光储集团,营销体系,北美大区,法务及风险管控部,网络安全组,,执行层,协同方,10037039,,,,,,,,,,,,,,,,,,,,,,,,,,,,,,,,1.9,32,8,,数智技术,网络安全,B+
10035791,光储集团,营销体系,北美大区,法务及风险管控部,网络安全组,,执行层,协同方,10033855,5,5,4,5,5,5,5,5,4,5,4,5,,,,,,,,5,4,4,5,5,5,5,5,5,"results-driven, good at explaining complex concepts","take some extra risk here and there, delegate more responsibility to others",No - keep doing what you're doing.,1.9,32,8,,数智技术,网络安全,B+
10035791,光储集团,营销体系,北美大区,法务及风险管控部,网络安全组,,执行层,协同方,10019127,5,5,4,5,4,4,4,4,5,4,4,5,,,,,,,,5,4,5,5,5,5,5,5,5,"Hudson has a very strong compliance mindset, which is exactly what we need in the U.S. market. Cybersecurity is a sensitive area and can easily escalate to the national security level, with serious consequences like a potential ban.

Our local cybersecurity work and regulatory compliance really picked up after Hudson joined. With limited resources and support, he built the team from the ground up. He’s handled a lot of technical issues and a high volume of detailed questionnaires from both customers and regulators.","Hudson has very high goals in compliance. At times, this can lead to frustration as he needs to spend significant effort aligning other teams and securing the necessary support. While this is understandable given the importance of the topic, it may help to balance persistence with patience, as these processes take time.

But I think his frustration is understandable as he should not spending too much time repeatedly convincing others or chasing approvals for resources that should be more clearly supported at the organizational level.","I don’t have specific suggestions for improvement at this point, given how much progress Hudson has already made. He has taken on a very challenging scope and continues to deliver strong results.

I strongly believe we should retain him in the organization. It’s rare to find someone who can handle the level of complexity and responsibility he has taken on. Without his leadership, it would be difficult for us to maintain cybersecurity at a credible and compliant level.",1.9,32,8,,数智技术,网络安全,B+
10035791,光储集团,营销体系,北美大区,法务及风险管控部,网络安全组,,执行层,下级,10045662,5,4,4,5,4,5,4,5,4,5,5,5,4,4,4,5,4,5,4,5,4,5,5,5,5,5,4,5,"- Strong ownership and accountability
- Problem-solving and continuous improvement
- Effective collaboration and communication",N/A,N/A,1.9,32,8,,数智技术,网络安全,B+
10035791,光储集团,营销体系,北美大区,法务及风险管控部,网络安全组,,执行层,下级,10041855,5,5,4,5,5,3,5,4,5,3,4,4,3,3,5,4,3,4,3,4,3,5,4,5,4,5,5,5,"1) Effectively communicates and collaborates with HQ and other teams to drive progress on cybersecurity initiatives, even in challenging situations. Builds alignment and keeps critical projects moving forward.
2) Quickly identifies cybersecurity, product security, and application security issues, prioritizes what matters most, and drives practical solutions across teams and processes.
3) Has made a significant positive impact on the company's cybersecurity posture through strong leadership, clear communication, and the successful development of cybersecurity, product security, and application security capabilities.","1) Providing clearer expectations around priorities, ownership, and deliverables would help the team stay aligned and operate more efficiently.
2) Offer more consistent direction, instructions, and long-term guidance to help teams better understand goals and execution paths.",N/A,1.9,32,8,,数智技术,网络安全,B+
10035791,光储集团,营销体系,北美大区,法务及风险管控部,网络安全组,,执行层,下级,10041267,5,5,5,5,4,5,5,5,5,5,5,4,5,5,5,5,5,5,5,5,4,4,4,5,5,5,5,5,"As a team leader, he is always looking out for us, wanting us to succeed in every way possible. He has deep understanding in cybersecurity and strategically plans out areas we need to work on, and gives us opportunity to grow and thrive.","Because he is extremely busy with putting out fires, sometimes he is hard to reach. I suggest that we need to provide him more help as he is working 2-3 people's work.","Michael is an amazing leader who is passionate in cybersecurity, and always looks out for the team. He is someone that people look up to, and I hope that he does not get burnt out. Great leader and more of a amazing person!",1.9,32,8,,数智技术,网络安全,B+
10035791,光储集团,营销体系,北美大区,法务及风险管控部,网络安全组,,执行层,下级,10036318,5,4,5,5,5,5,4,5,5,4,4,3,3,4,4,5,5,5,5,4,5,4,4,5,5,5,5,5,"Michael has done a great job empowering the team and enable individuals to continuously grow. He creates an environment where team members feel comfortable taking ownership, asking questions, and continuing to develop their skills. He is always willing to share guidance, provide support, and help the team build confidence in their roles and decisions.

One of the things I appreciate most is the positive and supportive work environment he helps create. He leads with professionalism, patience, and respect, which makes people feel valued and motivated. His approach encourages open communication, strengthens team morale, and helps everyone do their best work. 

Overall, Michael is a strong leader and a great example for others. His support, encouragement, and focus on growth have made a meaningful impact on both individual development and the team as a whole.","One area that could become even stronger as the team continues to grow is communication and meeting structure. With a larger team, having a little more consistency around how updates, priorities, and action items are shared could help everyone stay aligned.

One suggestion would be to add a bit more structure to team meetings, such as having a clear agenda, defined focus areas, or even divide the meetings up. It could also help to include a quick recap of key takeaways or next steps at the end. This would help keep meetings efficient, give the team more clarity on priorities, and make it easier to track progress.

Overall, I see this more as an opportunity than a concern. Michael has already built a strong foundation and adding a little more structure around communication routines would help the team continue working effectively as it grows.",None.,1.9,32,8,,数智技术,网络安全,B+
10035791,光储集团,营销体系,北美大区,法务及风险管控部,网络安全组,,执行层,上级,10030657,,,,,,,,,,,,,,,,,,,,,,,,,,,,,,,,1.9,32,8,,数智技术,网络安全,B+
10035186,光储集团,储能事业部,储能变流产品线,储能变流研发中心,,,执行层,自己,10035186,4,4,4,3,3,3,3,2,3,4,4,4,4,3,4,3,4,4,4,4,4,4,3,5,4,5,5,5,无,无,无,2,39,12,5/13/2026,营销,服务-服务技术,B+
10035186,光储集团,储能事业部,储能变流产品线,储能变流研发中心,,,执行层,协同方,10041706,4,4,4,4,4,5,3,2,4,5,5,4,,,,,,,,4,5,5,4,4,5,3,4,5,1、积极主动，深入一线解决问题；2、善于团结周围同事,/,/,2,39,12,5/13/2026,营销,服务-服务技术,B+
10035186,光储集团,储能事业部,储能变流产品线,储能变流研发中心,,,执行层,协同方,10036980,5,5,5,4,5,4,4,5,5,5,5,5,,,,,,,,4,5,4,4,4,5,4,4,5,无,无,无,2,39,12,5/13/2026,营销,服务-服务技术,B+
10035186,光储集团,储能事业部,储能变流产品线,储能变流研发中心,,,执行层,协同方,10029174,4,4,4,4,4,4,4,3,3,3,4,5,,,,,,,,5,5,5,3,4,4,5,5,5,无,无,无,2,39,12,5/13/2026,营销,服务-服务技术,B+
10035186,光储集团,储能事业部,储能变流产品线,储能变流研发中心,,,执行层,协同方,10020197,4,5,4,4,4,5,5,4,4,5,4,4,,,,,,,,5,4,5,5,4,4,4,4,4,能提前洞察行业/业务趋势，并系统性布局资源与能力,对新工具/数字化手段跟进滞后,无,2,39,12,5/13/2026,营销,服务-服务技术,B+
10035186,光储集团,储能事业部,储能变流产品线,储能变流研发中心,,,执行层,协同方,10019719,3,2,3,4,3,2,3,3,3,3,4,4,,,,,,,,3,3,3,4,4,3,4,3,4,1、和蔼  2、多角度看问题,暂无,暂无,2,39,12,5/13/2026,营销,服务-服务技术,B+
10035186,光储集团,储能事业部,储能变流产品线,储能变流研发中心,,,执行层,协同方,10017034,,,,,,,,,,,,,,,,,,,,,,,,,,,,,,,,2,39,12,5/13/2026,营销,服务-服务技术,B+
10035186,光储集团,储能事业部,储能变流产品线,储能变流研发中心,,,执行层,协同方,10015649,,,,,,,,,,,,,,,,,,,,,,,,,,,,,,,,2,39,12,5/13/2026,营销,服务-服务技术,B+
10035186,光储集团,储能事业部,储能变流产品线,储能变流研发中心,,,执行层,协同方,10012355,3,3,3,4,4,3,3,3,4,4,3,3,,,,,,,,4,4,4,4,3,4,3,4,5,技术精湛,多关注人员差异性,无,2,39,12,5/13/2026,营销,服务-服务技术,B+
10035186,光储集团,储能事业部,储能变流产品线,储能变流研发中心,,,执行层,协同方,10011763,4,5,4,5,4,4,4,4,5,5,5,5,,,,,,,,5,4,5,4,5,5,5,5,5,"1.在人员技术赋能上，能够因材施教，帮助员工提升能力
2.有技术担当，团队面临技术问题，能够躬身入局",无,无,2,39,12,5/13/2026,营销,服务-服务技术,B+
10035186,光储集团,储能事业部,储能变流产品线,储能变流研发中心,,,执行层,协同方,10011749,5,4,4,5,3,5,5,4,5,5,5,5,,,,,,,,5,4,5,5,5,5,5,5,5,专业纵深，深入一线参与项目开发。,提升智能化认知和水平,无,2,39,12,5/13/2026,营销,服务-服务技术,B+
10035186,光储集团,储能事业部,储能变流产品线,储能变流研发中心,,,执行层,协同方,10011170,,,,,,,,,,,,,,,,,,,,,,,,,,,,,,,,2,39,12,5/13/2026,营销,服务-服务技术,B+
10035186,光储集团,储能事业部,储能变流产品线,储能变流研发中心,,,执行层,协同方,10003650,5,4,5,4,4,4,5,3,4,4,5,3,,,,,,,,4,3,4,4,5,4,4,4,4,1、理论知识扎实，应对问题展现出专业性；2、对外配合度较高,1、沟通在外向一些；2、管理上多用AI工具,无,2,39,12,5/13/2026,营销,服务-服务技术,B+
10035186,光储集团,储能事业部,储能变流产品线,储能变流研发中心,,,执行层,上级,10023672,5,5,4,4,4,4,4,5,4,5,5,4,4,4,5,4,4,5,5,4,5,4,5,5,4,4,5,5,技术功底扎实,开展团队管理,开展团队管理,2,39,12,5/13/2026,营销,服务-服务技术,B+
10034087,储能技术研究所,研发部,,,,,执行层,自己,10034087,4,4,4,4,4,5,4,4,5,5,5,5,4,4,4,4,4,4,4,5,5,4,4,4,5,4,5,5,敢于主动承担具有挑战目标和责任；其他部门缺位时主动协助支持；,缺少以经营者思维思考业务的发展,无,2.1,37,13,,,,B+
10034087,储能技术研究所,研发部,,,,,执行层,协同方,10046881,3,4,3,2,3,3,3,3,2,4,2,3,,,,,,,,4,4,3,3,3,3,3,4,4,细致守时，规则意识强，部门组织严谨，有序推进工作任务,更多考虑团队整体，在公司层面考虑部门的团队凝聚和梯队建设,建议更多精力放在稳定团队和建立人才梯队上，关注善意行为本身或许会造成不利影响。,2.1,37,13,,,,B+
10034087,储能技术研究所,研发部,,,,,执行层,协同方,10046619,5,5,5,5,5,5,4,5,5,5,5,5,,,,,,,,5,5,5,5,5,5,5,5,5,方案规划意思强；积极主动完成部门任务；按公司需求，主动承担非部门任务,非专业业务参与度,无,2.1,37,13,,,,B+
10034087,储能技术研究所,研发部,,,,,执行层,协同方,10033231,4,5,4,5,4,5,4,5,4,5,4,5,,,,,,,,4,4,5,4,5,4,5,4,5,无,无,无,2.1,37,13,,,,B+
10034087,储能技术研究所,研发部,,,,,执行层,协同方,10032002,4,4,3,4,4,3,3,4,4,4,3,4,,,,,,,,4,3,4,4,3,3,4,4,5,创新突破,无,无,2.1,37,13,,,,B+
10034087,储能技术研究所,研发部,,,,,执行层,协同方,10031948,4,4,4,4,3,4,4,4,4,4,4,4,,,,,,,,4,4,4,4,4,4,4,4,4,"1.积极处理客户需求；
2.问题积极闭环",无,无,2.1,37,13,,,,B+
10034087,储能技术研究所,研发部,,,,,执行层,协同方,10020665,5,5,5,4,4,5,5,4,5,5,4,4,,,,,,,,5,5,5,4,5,5,5,4,4,"1.沟通顺畅，高效；
2.互帮互助；","1.增加对内培训；
2.增加上下游部门协同；",无；,2.1,37,13,,,,B+
10034087,储能技术研究所,研发部,,,,,执行层,协同方,10018364,5,5,5,5,5,5,4,4,5,5,5,4,,,,,,,,4,4,4,4,4,4,4,5,5,暂无,暂无,暂无,2.1,37,13,,,,B+
10034087,储能技术研究所,研发部,,,,,执行层,协同方,10017874,4,4,4,3,3,2,3,3,3,4,5,4,,,,,,,,3,4,4,3,4,4,4,5,5,暂无,暂无,暂无,2.1,37,13,,,,B+
10034087,储能技术研究所,研发部,,,,,执行层,协同方,10012091,5,5,5,5,4,5,5,4,5,4,4,5,,,,,,,,5,5,4,4,4,4,4,5,5,"1、用自身的专业知识，剖析研发类问题发生的底层逻辑；
2、对自身的工作充满热情，有感染力；
",无,无,2.1,37,13,,,,B+
10034087,储能技术研究所,研发部,,,,,执行层,下级,10043548,5,4,4,4,5,4,4,4,4,4,5,4,3,3,4,4,5,4,4,5,5,4,4,5,4,5,4,5,"1、遇到问题及时联系并协同到相应人员解决
2、解决问题时会了解其深层机理，在工作中很耐心细致",1、可以多和员工相互交流，传授工作方法和提高工作效率的方法,暂时没有,2.1,37,13,,,,B+
10034087,储能技术研究所,研发部,,,,,执行层,下级,10040416,4,4,3,4,3,4,3,4,3,4,3,4,3,4,3,4,3,4,3,4,3,4,3,3,4,3,4,3,/,/,/,2.1,37,13,,,,B+
10034087,储能技术研究所,研发部,,,,,执行层,下级,10040319,5,5,5,5,5,3,5,5,5,5,5,4,3,4,5,4,4,3,3,5,5,5,3,3,4,5,5,5,"1、思考问题全面，逻辑思维清晰；
2、危机意识强，责任感强烈；",1、对做得好的工作多鼓励；,无,2.1,37,13,,,,B+
10034087,储能技术研究所,研发部,,,,,执行层,下级,10040137,5,5,5,4,4,4,5,4,4,5,5,5,5,4,4,4,4,4,4,4,5,4,4,4,4,4,4,5,"思考问题从根因出发，逻辑性极强；
理论扎实，不仅知其然，而且知其所以然。",部分事情有些理想化或者理论化，建议结合实际现象分析处理,/,2.1,37,13,,,,B+
10034087,储能技术研究所,研发部,,,,,执行层,下级,10038201,4,4,4,5,5,4,4,4,4,5,4,4,4,4,4,4,5,4,4,4,4,4,4,4,4,4,5,4,"1.思维清晰、反应快，能够快速掌握下属汇报的细分领域知识
2.能将工作和私交分开，对事不对人
3.能够听取不同声音和建议，并提出合理质疑",更深入地了解基层研发人员的诉求和建议，提升研发团队的积极性,打造学习型研发团队，提升团队战斗力,2.1,37,13,,,,B+
10034087,储能技术研究所,研发部,,,,,执行层,下级,10038157,4,4,3,4,4,3,3,3,3,4,4,4,4,4,3,3,3,2,3,3,3,3,2,3,3,2,3,4,"1. 执行力强，向上管理能力强；
2. 工作勤奋；
3. 思维广泛，能够充分考虑；",可以抓大放小；,无,2.1,37,13,,,,B+
10034087,储能技术研究所,研发部,,,,,执行层,下级,10038050,5,5,5,5,5,5,5,5,5,5,5,5,5,5,5,5,4,4,5,5,5,5,5,5,4,5,5,5,树立“合规”意识，带头践行合规文化，将合规理念贯穿于日常经营行动的每一个环节,/,符合阳光价值观,2.1,37,13,,,,B+
10034087,储能技术研究所,研发部,,,,,执行层,下级,10035538,5,5,5,5,5,4,4,5,3,5,5,5,4,4,5,5,4,5,4,5,5,5,5,5,5,5,5,5,强烈的上进心和结果导向的思维,建议在保持内部管理充分民主的同时，建议更加果断的决策；,无,2.1,37,13,,,,B+
10034087,储能技术研究所,研发部,,,,,执行层,下级,10030678,3,4,3,4,3,4,3,4,3,4,3,4,4,4,3,4,4,3,4,4,4,3,4,4,3,4,3,4,"意识合规，带头践行合规文化，将合规理念贯穿于日常经营行动的每一个环节
自觉维护团结，能够顾全大局，多帮助多补位
",积极践行并主动传播文化价值观，保持其日常行为与价值观导向高度一致,/,2.1,37,13,,,,B+
10034087,储能技术研究所,研发部,,,,,执行层,下级,10028915,4,4,3,3,4,3,3,4,3,4,3,3,4,3,4,3,4,4,3,4,3,3,4,3,4,3,4,3,1、树立“合规”意识，带头践行合规文化；2、帮助内外部客户解决问题,1、重视文化建设，关注员工体验；,/,2.1,37,13,,,,B+
10034087,储能技术研究所,研发部,,,,,执行层,下级,10028804,4,4,4,3,4,3,4,4,3,4,4,4,4,4,4,3,3,3,3,4,4,3,4,3,3,4,4,4,逻辑清晰,/,/,2.1,37,13,,,,B+
10034087,储能技术研究所,研发部,,,,,执行层,下级,10027557,,,,,,,,,,,,,,,,,,,,,,,,,,,,,,,,2.1,37,13,,,,B+
10034087,储能技术研究所,研发部,,,,,执行层,下级,10021387,4,4,4,4,4,3,4,3,4,5,5,5,4,3,5,4,4,4,5,5,5,4,5,5,5,4,4,3,情绪稳定，周六加班,多倾听基层执行者的困难点，并积极协调解决,/,2.1,37,13,,,,B+
10034087,储能技术研究所,研发部,,,,,执行层,上级,10031277,5,5,5,4,4,4,4,4,5,5,5,5,4,4,5,4,4,4,4,5,4,4,4,5,4,4,5,5,"1. 攻坚能力强，能抗压力
2. 逻辑缜密，执行力和任务拆解落地能力突出","1. 目标协同和任务联动管理
2. 管理上学会平展","1. 除了关注事情，可以关注人多一些
2. 适当增加一些管理的方法",2.1,37,13,,,,B+
10033449,流程与数字化中心,数字化规划,流程管理部,,,,执行层,自己,10033449,4,5,5,5,5,5,5,5,5,5,5,5,4,5,5,4,5,4,4,4,4,5,5,5,5,5,5,5,无,无,无,2.2,40,8,,数智技术,流程管理,B+
10033449,流程与数字化中心,数字化规划,流程管理部,,,,执行层,协同方,10043709,3,4,4,3,3,4,3,3,4,4,4,3,,,,,,,,4,4,4,4,3,4,4,4,4,1. 协同意识强，愿意与中心各团队协作，共同推进流程管理等工作事项,"1.提升团队管理能力，明确团队整体工作目标，并制定有效的举措推动目标实现；
2.加强流程与业务优化的融合，显性化流程管理工作的业务价值",无,2.2,40,8,,数智技术,流程管理,B+
10033449,流程与数字化中心,数字化规划,流程管理部,,,,执行层,协同方,10029796,3,4,3,2,3,4,4,4,3,5,2,3,,,,,,,,3,4,5,5,5,5,5,5,5,"专业能力强；
",团队协作,无,2.2,40,8,,数智技术,流程管理,B+
10033449,流程与数字化中心,数字化规划,流程管理部,,,,执行层,协同方,10028980,3,4,2,3,3,4,3,3,3,2,3,3,,,,,,,,3,3,3,2,4,5,5,5,5,专业能力突出,部门管理和工作职责还需积极承担自身责任，相关部门的工作协调与配合需加强主动,暂无,2.2,40,8,,数智技术,流程管理,B+
10033449,流程与数字化中心,数字化规划,流程管理部,,,,执行层,协同方,10025692,4,3,4,4,5,4,5,5,5,5,5,5,,,,,,,,5,5,5,4,5,5,3,5,5,业务驱动,大局观,非职权影响力,2.2,40,8,,数智技术,流程管理,B+
10033449,流程与数字化中心,数字化规划,流程管理部,,,,执行层,协同方,10024019,3,3,3,3,3,3,4,2,3,3,3,3,,,,,,,,3,4,4,3,4,4,4,4,4,"1.工作认真负责，
2.专业能力强",1.产品端到端，在流程领域助力，共同为数字化2.0努力,帮忙带领我们学习流程专业知识，研发数字化共同推进,2.2,40,8,,数智技术,流程管理,B+
10033449,流程与数字化中心,数字化规划,流程管理部,,,,执行层,协同方,10001777,3,5,4,4,4,4,4,4,5,5,5,5,,,,,,,,4,4,4,4,4,5,5,4,4,锲而不舍，能够从专业性和特殊性结合的办法，不教条，积极推动事情的落地。,抓住主要问题，策划事情循序渐进，逐步解决问题,持续学习和理解业务的实际痛点,2.2,40,8,,数智技术,流程管理,B+
10033449,流程与数字化中心,数字化规划,流程管理部,,,,执行层,协同方,10001609,4,4,4,4,4,4,4,4,4,4,4,4,,,,,,,,4,3,3,3,4,3,3,4,5,"1、有专业的研发流程知识体系
2、能深入研发体系进行流程优化工作","1、加强跨领域的学习和参与度
2、可以加强跨部门合作过程中的主动性和积极性
3、加强工作的落地性和价值考量",暂无,2.2,40,8,,数智技术,流程管理,B+
10033449,流程与数字化中心,数字化规划,流程管理部,,,,执行层,下级,10045451,5,5,5,4,5,5,4,4,5,5,5,4,5,5,5,4,5,5,4,5,5,4,4,5,4,5,5,5,"1. 做事情专注、认真、钻研
2. 考虑业务事项很全面
3. 能照顾团队成员的感受
4. 喜欢挑战难度事项","1. 有时有些情绪化
2. 过于钻研有时变成钻牛角尖，需要适当放松标准",暂无,2.2,40,8,,数智技术,流程管理,B+
10033449,流程与数字化中心,数字化规划,流程管理部,,,,执行层,下级,10044436,4,4,4,4,3,3,4,3,3,3,3,4,3,4,4,4,3,4,3,4,3,4,4,4,4,3,4,5,1、对新员工的工作进度和工作推进方面的辅导非常不错；2、对工作总结报告的编制经常能够总结的非常到位，值得推广和学习；,1、对部门团队人员的沟通管理需要进一步提升；2、平常碰到工作中其他人对本部门工作出现误解时需要控制好情绪；,无,2.2,40,8,,数智技术,流程管理,B+
10033449,流程与数字化中心,数字化规划,流程管理部,,,,执行层,下级,10035817,2,2,1,2,2,2,1,2,1,2,2,2,1,3,2,1,1,1,2,3,1,2,2,2,2,2,2,3,无,"1、工作安排及分工需要合理规划；
2、履行领导职责，及时审批流程。",无,2.2,40,8,,数智技术,流程管理,B+
10033449,流程与数字化中心,数字化规划,流程管理部,,,,执行层,下级,10035243,4,4,4,4,5,3,3,4,4,4,4,3,4,4,4,3,3,3,3,4,4,4,3,4,4,4,4,4,"1、工作认真、且能够高标准的要求自己
2、理论知识扎实，并且能够持续的学习",更多了与领导交流并获取领导的意见和工作指示，对未来的工作方向有更加清晰的规划,更多的结合实际情况对工作制定长期的规划,2.2,40,8,,数智技术,流程管理,B+
10033449,流程与数字化中心,数字化规划,流程管理部,,,,执行层,下级,10034689,5,4,4,5,4,5,5,4,5,5,5,5,5,5,5,4,5,5,5,5,4,5,5,5,5,5,4,5,"1、对部门事项有想法，有冲劲
2、对内对下属很关心 有问题及时解决","1、建议对工作不要太焦虑，放平心态
2、对业务部门可以适当强势些，坚持自己的建议",暂无建议,2.2,40,8,,数智技术,流程管理,B+
10033449,流程与数字化中心,数字化规划,流程管理部,,,,执行层,下级,10032975,4,4,3,4,4,3,3,3,3,5,4,4,4,4,3,3,3,3,4,4,3,5,3,3,3,5,5,5,积极主动的带领部门创造价值，并推动大家积极思考能创造价值的事项；不怕难、不躺平,"1、对下的沟通技巧需提升，多一点耐心和关心；
2、工作上有所表率，以自己有效的成果，获得大家认可；
3、在自己的专长，多做一些分享，帮助大家共同提升，大家好才是真的好~",同30项,2.2,40,8,,数智技术,流程管理,B+
10033449,流程与数字化中心,数字化规划,流程管理部,,,,执行层,下级,10030055,3,3,3,3,3,3,3,3,2,4,3,2,3,4,3,2,3,2,3,3,3,2,4,3,3,3,3,4,"1 主讲26年流程管理直播课，在团队内部起到带头作用
2 25年部门拔河比赛，在部门客观实力不足的情况下，统一佩戴头巾，鼓舞团队士气","1 25年所辖研发领域流程文件发布率待提升
2 数据合规工作，部分交给流程部后，作为项目经理，给与支持和关注度待提升",建议部门负责人深度思考：如何从公司整体提升对流程管理工作的重视；如何形成通过流程切实解决业务问题的闭环管理机制；如何将流程深度融入中心的年度重点工作，并发挥价值。,2.2,40,8,,数智技术,流程管理,B+
10033449,流程与数字化中心,数字化规划,流程管理部,,,,执行层,下级,10029590,5,5,5,5,5,5,5,5,5,5,5,5,5,5,5,5,5,5,5,5,5,5,5,5,5,5,5,5,善于学习，IPD知识丰富，赏罚分明,工作分配均衡，规则清晰；进一步提升多方协作的复杂问题弹性,无,2.2,40,8,,数智技术,流程管理,B+
10033449,流程与数字化中心,数字化规划,流程管理部,,,,执行层,下级,10024496,5,4,4,4,4,5,3,5,5,4,4,4,3,4,4,4,4,4,4,4,4,5,4,5,5,5,5,5,"1. 对跨部门规则落地，能积极主动推动达成共识对齐；
2.主动帮团队建立和业务的价值绑定，激活团队活力。","1. 流程管理的长期规划性有待提升；
2.对上下游团队的流程能力赋能不足。",暂无,2.2,40,8,,数智技术,流程管理,B+
10033449,流程与数字化中心,数字化规划,流程管理部,,,,执行层,上级,10022498,4,4,4,4,4,3,4,3,3,4,4,3,4,5,5,4,4,4,4,4,4,5,5,5,4,5,5,5,工作认真努力，熟悉IPD流程体系,还要提升沟通能力、影响力和领导力,无,2.2,40,8,,数智技术,流程管理,B+
10033370,制造体系,制造技术中心,工艺,工艺平台部,,,执行层,自己,10033370,4,4,4,5,5,4,3,3,4,4,5,4,5,5,4,5,5,4,4,5,4,5,5,4,5,4,5,5,创新解决问题,电力电子专业基础,无,2.2,32,14,,生产,生产工艺-IE,A
10033370,制造体系,制造技术中心,工艺,工艺平台部,,,执行层,协同方,10033827,5,5,5,5,4,4,4,4,4,4,4,4,,,,,,,,4,4,4,4,4,4,4,4,5,"1，在PLM项目-数字化工艺设计上线推进过程中，李经理作为制造技术侧统筹人，积极协调相关业务人员全程参与并主动作为，为项目的成功上线起到极大推动作用。
2，积极拥抱数字化变革，从集团标准化，模块化的维度，统筹标准工序库建设。为推进设计资料由研发-生产的端到端打通作出非常大的努力。",1，制造体系数据标准与研发端的对齐工作，如制造技术侧对产品线，产品系列，产品型号的定义和理解与研发侧有不同理解的地方，是否可以统筹拉齐，未来对数据进一步标准化和端到端的拉齐有很多帮助。,无,2.2,32,14,,生产,生产工艺-IE,A
10033370,制造体系,制造技术中心,工艺,工艺平台部,,,执行层,协同方,10016848,4,4,4,3,5,4,4,3,5,5,5,4,,,,,,,,4,4,5,4,5,5,4,5,5,学习能力强，且做事高效,平台工作较为繁杂，需针对各组发掘团队成员优缺点，加强团队建设,/,2.2,32,14,,生产,生产工艺-IE,A
10033370,制造体系,制造技术中心,工艺,工艺平台部,,,执行层,协同方,10016018,5,5,5,4,5,5,5,5,4,5,5,5,,,,,,,,4,5,5,5,4,5,5,4,5,专业技能出色,无,无,2.2,32,14,,生产,生产工艺-IE,A
10033370,制造体系,制造技术中心,工艺,工艺平台部,,,执行层,协同方,10014913,4,5,4,5,4,4,5,4,5,5,5,5,,,,,,,,5,4,5,5,5,5,5,4,5,专业知识丰富,无,无,2.2,32,14,,生产,生产工艺-IE,A
10033370,制造体系,制造技术中心,工艺,工艺平台部,,,执行层,协同方,10014773,4,4,4,4,4,5,5,4,5,5,5,5,,,,,,,,4,5,5,4,5,5,4,5,5,方法论知识优秀，成长性思维,跨领域专业知识可更为全面,无,2.2,32,14,,生产,生产工艺-IE,A
10033370,制造体系,制造技术中心,工艺,工艺平台部,,,执行层,协同方,10012953,4,4,3,4,4,4,4,4,3,4,4,4,,,,,,,,4,4,4,4,4,4,4,4,5,"根据部门重点工作目标和资源现状，平衡效益和风险，在工作中做出正确判断和行动，快速推动战略落地；
树立道德高线，严守纪律底线；
在日常工作中，积极采取新措施和尝试新方法，持续提升工作效率；","认识到不同视角、立场或文化带来的价值和风险，结合对各地区差异的理解，形成合理的管理机制；
主动地学习、理解和尊重不同文化，持续提升自身的国际化视野；",暂无,2.2,32,14,,生产,生产工艺-IE,A
10033370,制造体系,制造技术中心,工艺,工艺平台部,,,执行层,协同方,10011377,5,5,5,4,5,5,4,4,5,5,5,4,,,,,,,,5,5,5,5,5,4,4,5,5,暂无,暂无,暂无,2.2,32,14,,生产,生产工艺-IE,A
10033370,制造体系,制造技术中心,工艺,工艺平台部,,,执行层,协同方,10007002,,,,,,,,,,,,,,,,,,,,,,,,,,,,,,,,2.2,32,14,,生产,生产工艺-IE,A
10033370,制造体系,制造技术中心,工艺,工艺平台部,,,执行层,协同方,10001672,4,3,3,4,4,3,3,3,4,4,4,4,,,,,,,,3,3,4,4,4,4,4,5,5,1.先进技术知识丰富。2.处理问题可以多维度分析,1.部门间协作需要加深，如IE不能值测量下节拍，需要更深入与制造部们联合解决瓶颈,/,2.2,32,14,,生产,生产工艺-IE,A
10033370,制造体系,制造技术中心,工艺,工艺平台部,,,执行层,协同方,10001045,3,4,5,4,5,4,4,4,4,3,3,3,,,,,,,,4,5,4,5,5,4,5,5,5,对反馈的问题能耐心倾听，不直面反驳,解决问题多是救火，没有对问题深究，导致问题重复发生,资源不足时要明确哪些事情必需要执行到位，不找借口,2.2,32,14,,生产,生产工艺-IE,A
10033370,制造体系,制造技术中心,工艺,工艺平台部,,,执行层,协同方,10000410,4,5,4,4,5,4,5,5,5,5,4,5,,,,,,,,5,4,4,5,5,4,5,4,5,有智慧，有方法，创新能力强,平台整合和平台工艺标准和规范尽快出成绩。,无,2.2,32,14,,生产,生产工艺-IE,A
10033370,制造体系,制造技术中心,工艺,工艺平台部,,,执行层,下级,10045447,5,4,4,5,5,4,5,4,5,5,5,5,5,4,4,4,4,5,5,4,5,4,3,5,4,4,5,5,"1. 工作中遇到困难时，会主动提供帮助，特别是需要跨部门协作时。
2. 积极推广AI化，使用AI减轻工作负担。",无,无,2.2,32,14,,生产,生产工艺-IE,A
10033370,制造体系,制造技术中心,工艺,工艺平台部,,,执行层,下级,10045019,4,5,5,5,5,5,4,4,5,4,4,4,5,5,4,4,4,4,4,4,4,4,4,4,4,4,4,4,"1.责任心与执行力：对待工作任务认真细致，能够主动跟进并确保按时保质完成，遇到困难不推诿，展现出较强的担当意识。
2.团队协作精神：乐于分享经验，善于倾听他人意见，在跨部门合作中积极配合，能够营造良好的团队氛围，促进整体目标达成。
3.持续学习态度：面对新知识或新挑战时保持开放心态，主动寻求改进方法，不断提升专业能力，并将所学应用于实际工作中。",无,注意休息,2.2,32,14,,生产,生产工艺-IE,A
10033370,制造体系,制造技术中心,工艺,工艺平台部,,,执行层,下级,10043351,5,5,4,5,5,5,4,5,5,5,5,5,4,5,4,5,5,5,4,5,5,4,5,5,5,5,5,5,"1、处理工作效率高、思维敏捷，很快就能得出可行的方案；
2、对待下属细心指导，提供资源和帮助。","1、提升英语水平，拓展国际视野；
2、多组织员工交流活动，加强部门内部的交流。",暂无，是一名十分合格的干部领导,2.2,32,14,,生产,生产工艺-IE,A
10003570,光储集团,营销体系,亚太大区,东南亚区,马来西亚,,执行层,上级,10005363,5,5,5,5,4,5,5,4,5,5,5,5,3,3,4,5,5,5,5,5,5,4,4,5,5,5,5,5,"以身作则，拜访客户保持高工作强度为下属提供榜样
树立积极向上的团队文化",需要多授权他人，合理分配安排下属的客户对接工作。,根据市场发展规划多做提前布局，优化和实时调整经营策略。,12.1,38,11,1/5/2026,营销,商务销售,A
10003570,光储集团,营销体系,亚太大区,东南亚区,马来西亚,,执行层,下级,10031229,4,5,5,5,5,5,4,4,5,5,4,5,4,4,5,4,5,5,5,5,4,5,4,5,5,4,4,5,为人友善，作为导师下有让下属有发展和提升自我的空间，咨询工作上遇到瓶颈会及时提出建议和看法。,作为国家经理和导师值得让我学习的是工作热情积极让下属佩服，拉通资源让每个团队都可以及时解决问题闭环，会给团队反馈服务客户的价值和认可。,希望作为导师在现有的环境让团队的每个人价值能到更高的层次。,12.1,38,11,1/5/2026,营销,商务销售,A
10003570,光储集团,营销体系,亚太大区,东南亚区,马来西亚,,执行层,下级,10031698,5,5,5,5,5,5,5,5,5,5,5,5,5,5,5,5,5,5,5,5,5,5,5,5,5,5,5,5,"- Demonstrates exceptional execution skills by driving projects forward efficiently and ensuring goals are achieved with high standards and strong accountability.
- Shows outstanding leadership through clear direction, effective decision-making, and the ability to motivate and unite the team toward common objectives.
- Possesses strong problem-solving abilities, remaining calm under pressure and consistently finding practical and effective solutions to challenges.","-Could allocate more time for mentoring and knowledge sharing to help develop junior team members more effectively.
-",No,12.1,38,11,1/5/2026,营销,商务销售,A
10003570,光储集团,营销体系,亚太大区,东南亚区,马来西亚,,执行层,下级,10035388,4,4,4,4,3,3,3,4,4,5,4,4,5,4,5,5,4,4,5,5,4,5,5,5,4,4,5,5,"- extremely responsive 
- technical well versed 
- goal oriented",- more interaction with team members,NA,12.1,38,11,1/5/2026,营销,商务销售,A
10003570,光储集团,营销体系,亚太大区,东南亚区,马来西亚,,执行层,下级,10036017,5,5,5,4,5,5,5,4,5,5,5,5,4,5,5,4,5,5,5,5,5,5,5,5,5,5,5,5,"1. 对待业务积极认真，对待客户热心真诚
2. 制定部门内部及跨部门的工作流程和沟通协作机制，促进工作高效开展
3. 积极倾听部门成员的创新想法及工作情况，更好的开展部门工作","1. 对待团队很好，自己总是冲在前面干活，责任心很强，非常靠谱且非常卷，带领团队一直冲的同时希望偶尔能暂缓一下节奏，更全面的了解团队情况
2. 无",无,12.1,38,11,1/5/2026,营销,商务销售,A
10003570,光储集团,营销体系,亚太大区,东南亚区,马来西亚,,执行层,下级,10036317,4,5,5,4,4,5,5,5,5,5,5,5,3,3,3,5,5,4,4,5,5,4,4,4,4,4,5,4,具备较强的专业能力和责任心，在工作中能够给予团队明确的指导，并积极协助团队成员解决问题，值得学习。,建议在工作安排和沟通上可以进一步加强前瞻性，让团队成员更早了解工作重点和方向，以便更高效地开展工作。,"继续保持专业和负责的工作态度，同时给予团队更多经验分享与指导，帮助团队共同成长。

",12.1,38,11,1/5/2026,营销,商务销售,A
10003570,光储集团,营销体系,亚太大区,东南亚区,马来西亚,,执行层,下级,10037106,,,,,,,,,,,,,,,,,,,,,,,,,,,,,,,,12.1,38,11,1/5/2026,营销,商务销售,A
10003570,光储集团,营销体系,亚太大区,东南亚区,马来西亚,,执行层,下级,10037543,5,5,5,5,5,5,5,4,5,5,5,5,4,5,5,5,5,5,5,5,5,5,5,5,4,4,5,4,"业务知识 充足
项目经验 丰富
待人接物 和善",可以的,无,12.1,38,11,1/5/2026,营销,商务销售,A
10003570,光储集团,营销体系,亚太大区,东南亚区,马来西亚,,执行层,下级,10041926,5,5,5,4,5,5,5,5,5,4,5,5,4,5,5,5,5,4,5,5,5,5,4,5,5,5,5,5,"1、倾听下属心声，重视与下属的定期沟通。
2、高效协同，为解决Santong项目问题进行跨部门协调。
3、奖罚分明，工作效率高。",无,无,12.1,38,11,1/5/2026,营销,商务销售,A
10003570,光储集团,营销体系,亚太大区,东南亚区,马来西亚,,执行层,下级,10042228,5,5,5,4,5,5,4,5,5,5,5,5,5,5,5,4,5,5,4,5,4,5,5,5,4,5,5,5,"1. 有问题直接沟通，和相关的人拉群，最高效的沟通并解决问题核心
2. 当遇到难点，给予中肯，可执行的意见
","多举办团队活动，增加团队凝聚力

",缺乏人手，尤其技术侧，建议协调国内资源支持,12.1,38,11,1/5/2026,营销,商务销售,A
10003570,光储集团,营销体系,亚太大区,东南亚区,马来西亚,,执行层,下级,10046325,5,4,4,3,5,5,5,4,5,5,5,5,3,3,4,4,5,5,4,5,5,5,4,5,5,4,4,5,何老师观察力高，辅助了领导能力之一，大大提升了跟据各个部门/人员/环境动态而做出相应政策/决定/行动的高效益。,沟通上的耐心有适当进步空间。,在管理层面，把权力和报酬都配分给相应的高能力执行人员来提升整体团队士气。,12.1,38,11,1/5/2026,营销,商务销售,A
10003570,光储集团,营销体系,亚太大区,东南亚区,马来西亚,,执行层,协同方,10001919,5,5,5,5,5,4,5,4,5,5,4,5,,,,,,,,4,5,5,4,5,5,5,4,5,勤奋，拼搏,暂无,暂无,12.1,38,11,1/5/2026,营销,商务销售,A
10003570,光储集团,营销体系,亚太大区,东南亚区,马来西亚,,执行层,协同方,10006913,5,5,5,5,4,5,5,5,5,5,5,5,,,,,,,,5,5,5,5,5,5,4,5,5,敢于说真话；勇于创新,加强对于渠道业务的管理,暂无,12.1,38,11,1/5/2026,营销,商务销售,A
10003570,光储集团,营销体系,亚太大区,东南亚区,马来西亚,,执行层,协同方,10007933,5,4,5,4,4,4,4,4,5,5,5,4,,,,,,,,4,4,4,3,4,4,4,4,5,"Very professional when facing to the clients, very proactive when solving problems for the clients, very aggressive to get projects winning.",N/A,N/A,12.1,38,11,1/5/2026,营销,商务销售,A
10003570,光储集团,营销体系,亚太大区,东南亚区,马来西亚,,执行层,协同方,10010777,4,4,4,4,4,4,4,4,4,5,5,5,,,,,,,,5,4,5,5,5,5,5,5,5,专业性强，客户信任度高,暂无,暂无,12.1,38,11,1/5/2026,营销,商务销售,A
10003570,光储集团,营销体系,亚太大区,东南亚区,马来西亚,,执行层,协同方,10012514,5,4,4,4,4,5,5,4,4,5,5,5,,,,,,,,4,5,4,4,4,4,5,5,5,"1. 资源整合能力强：擅长识别双方手中的资源并且和客户进行深度角度，实现双赢
2. 愿意教人，不藏私。当协作方对某个流程不熟悉时，他不仅会解答问题，还会主动分享过往的经验，和他合作一次，相当于一次能力提升。","1. 对于反复出现协同摩擦点，建议主动向相关方反馈发起流程优化，尽量避免临时出现即紧急又重要的问题
2. 作为负责人或骨干时，有时对细节介入过深、过度检查，不仅自己累，也让协同方感觉不被信任。建议在安全范围内放手，能提升双方效率。",可以多关注一下其他部门的工作逻辑和痛点，跨部门协作时更能预判对方的顾虑和诉求。总体而言，你绝对是个非常优秀的团队支柱，大家都非常感谢你的付出。,12.1,38,11,1/5/2026,营销,商务销售,A
10003570,光储集团,营销体系,亚太大区,东南亚区,马来西亚,,执行层,协同方,10013235,,,,,,,,,,,,,,,,,,,,,,,,,,,,,,,,12.1,38,11,1/5/2026,营销,商务销售,A
10003570,光储集团,营销体系,亚太大区,东南亚区,马来西亚,,执行层,协同方,10014822,5,4,5,5,4,4,5,3,5,5,5,5,,,,,,,,4,4,3,4,4,4,4,5,5,"清晰傳遞一線客戶需求,并能提出有建設性的方向",不清楚,無,12.1,38,11,1/5/2026,营销,商务销售,A
10003570,光储集团,营销体系,亚太大区,东南亚区,马来西亚,,执行层,协同方,10014895,,,,,,,,,,,,,,,,,,,,,,,,,,,,,,,,12.1,38,11,1/5/2026,营销,商务销售,A
10003570,光储集团,营销体系,亚太大区,东南亚区,马来西亚,,执行层,协同方,10017249,3,4,3,3,3,4,4,3,3,4,4,4,,,,,,,,3,3,3,4,4,4,5,5,5,技术能力较强,无,无,12.1,38,11,1/5/2026,营销,商务销售,A
10003570,光储集团,营销体系,亚太大区,东南亚区,马来西亚,,执行层,协同方,10017283,5,5,5,5,5,5,5,5,5,5,5,5,,,,,,,,5,5,5,5,5,5,5,5,5,工作认真；反馈及时；思路清晰,更多参与市场活动,暂无,12.1,38,11,1/5/2026,营销,商务销售,A
10003570,光储集团,营销体系,亚太大区,东南亚区,马来西亚,,执行层,协同方,10020508,5,5,5,5,4,5,5,4,5,4,5,5,,,,,,,,5,4,4,5,4,5,4,5,5,成就客户，工作极致认真负责，其所管辖的项目他都能如数家珍,感觉他下属单打独斗能力较弱，建议Cobe可以更多尝试向下授权与赋能。当然，也可能是我感觉错了  :),多分享一下他工作成功的经验，让其他同事少走弯路,12.1,38,11,1/5/2026,营销,商务销售,A
10003570,光储集团,营销体系,亚太大区,东南亚区,马来西亚,,执行层,协同方,10023880,5,5,5,5,5,4,5,4,5,5,5,4,,,,,,,,4,4,5,4,5,5,5,5,5,"1，与客户建立良好的信任关系；
2，内部团队稳定，经常进行员工关怀活动。",1，何经理个人工作负荷较大，建议加大团队建设，释放个人精力聚焦于大客户。,1，暂无,12.1,38,11,1/5/2026,营销,商务销售,A
10003570,光储集团,营销体系,亚太大区,东南亚区,马来西亚,,执行层,协同方,10025147,5,5,5,5,5,4,5,4,5,5,5,5,,,,,,,,5,5,5,4,5,5,5,5,5,有大局观意识，营销意识强，抓大放小,团队管理需要加强,无,12.1,38,11,1/5/2026,营销,商务销售,A
10003570,光储集团,营销体系,亚太大区,东南亚区,马来西亚,,执行层,协同方,10025845,5,5,5,5,5,5,5,5,5,5,5,5,,,,,,,,5,5,5,5,5,5,5,5,5,"1. 专业的产品知识
2. 专业的项目开发流程掌握",无,无,12.1,38,11,1/5/2026,营销,商务销售,A
10003570,光储集团,营销体系,亚太大区,东南亚区,马来西亚,,执行层,协同方,10027135,5,5,5,5,3,4,4,5,5,5,5,5,,,,,,,,4,5,3,5,5,5,5,5,4,谦虚，稳重，技术能力强,暂无,暂无,12.1,38,11,1/5/2026,营销,商务销售,A
10003570,光储集团,营销体系,亚太大区,东南亚区,马来西亚,,执行层,协同方,10033256,5,5,4,4,4,5,5,4,5,5,5,5,,,,,,,,4,4,5,5,5,4,4,5,4,"1. 实践透明开放的管理模式，为团队塑造健康的工作环境
2. 愿意听取下级意见和反馈，展现对下属的尊重及鼓励，使其在工作中保持信心
",暂无,暂无,12.1,38,11,1/5/2026,营销,商务销售,A
10003570,光储集团,营销体系,亚太大区,东南亚区,马来西亚,,执行层,自己,10003570,5,4,4,3,3,3,3,3,4,5,5,5,2,3,3,4,3,3,3,4,5,5,3,5,4,4,5,5,"1、把响应客户需求作为首要任务，积极倾听，快速响应内外部客户的需求
2、以结果为导向，并能够在过程中合理规划人力、时间、预算等各项资源，及时跟进落地情况，不断推动结果达成
3、以坦诚精神、言出必行和公开透明的作风，建立与同事间的信赖和信任感，构建简单、互信、尊重、友爱的人际关系","1、主动探索和学习本领域相关的数字化技术、AI等，引入至部门工作中，有效提升工作效率
2、在日常工作中，积极采取新措施和尝试新方法，持续提升工作效率
3、积极倾听部门成员的创新想法，建立激励机制，奖励成功实施创新想法的个人或团队，同时认可那些虽未成功但勇于尝试的创新行为",在部门内营造良好的学习氛围，结合部门需求与员工的发展意愿，为团队成员提供多样的学习和挑战机会,12.1,38,11,1/5/2026,营销,商务销售,A
10003643,光储集团,地面光伏事业部,研发中心,产品工艺部,,,执行层,上级,10001524,4,4,4,5,4,5,4,4,3,4,4,4,3,3,4,4,5,4,5,4,4,5,5,5,5,5,4,4,在技术层面严谨认真，待人真诚。,要有绘制愿景的能力，夸部门沟通能力还需加强,无,12,42,8,,产品与研发,研发工艺,B+
10003643,光储集团,地面光伏事业部,研发中心,产品工艺部,,,执行层,下级,10025116,3,3,3,3,3,3,3,3,3,3,3,3,3,3,3,3,3,3,3,3,3,3,3,3,3,3,3,3,/,/,/,12,42,8,,产品与研发,研发工艺,B+
10003643,光储集团,地面光伏事业部,研发中心,产品工艺部,,,执行层,下级,10030184,5,5,5,5,5,4,5,4,5,5,4,4,5,5,5,4,5,5,5,5,5,5,5,5,5,5,5,5,"1.对待下属一视同仁，和睦亲切，不摆架子。下属有工作做得不够好或出错时，耐心教导，没有咄咄逼人的感觉；
2.敬业心、责任心强，尽心尽职为公司的发展贡献力量⁠⁣；
3.专业知识扎实，并悉心传递给下属，经常开展相关的专业知识培训。",暂无.,暂无.,12,42,8,,产品与研发,研发工艺,B+
10003643,光储集团,地面光伏事业部,研发中心,产品工艺部,,,执行层,下级,10031011,4,5,5,5,5,5,5,4,4,4,4,4,5,5,5,4,5,5,5,4,4,4,4,4,4,4,5,5,"1.针对工艺部门员工对硬件知识欠缺现象，积极组织硬件培训并分发书籍进行学习
2.针对流程痛点积极拉通相关部门进行优化并推动实施
3.针对不同产品线的任务多少不均问题，推动部门内部人员协同度过任务多的时期",无建议,无,12,42,8,,产品与研发,研发工艺,B+
10003643,光储集团,地面光伏事业部,研发中心,产品工艺部,,,执行层,下级,10034883,5,5,5,5,5,5,5,5,5,5,5,5,5,5,5,5,5,5,5,5,5,5,5,5,5,5,5,5,严谨细心，针对问题可以从各种角度进行考虑，确保项目更加可靠,无,无,12,42,8,,产品与研发,研发工艺,B+
10003643,光储集团,地面光伏事业部,研发中心,产品工艺部,,,执行层,下级,10035864,5,5,5,5,5,5,4,4,5,5,4,5,5,5,5,5,5,4,4,5,5,5,5,5,5,5,5,5,组织带领团队成员学习硬件知识，提升团队电气知识，更好提升团队的战斗力和凝聚力,无,无,12,42,8,,产品与研发,研发工艺,B+
10003643,光储集团,地面光伏事业部,研发中心,产品工艺部,,,执行层,下级,10037055,5,5,5,5,4,4,5,4,4,3,4,5,4,5,4,4,4,5,4,5,4,5,4,5,4,5,4,5,"1.专业能力过硬，基础夯实
2.处理问题的严谨性","1.贯彻某项决议时，决心和关注度不足
2.有问题时，未及时与下属沟通，导致对外沟通出现偏差",暂无,12,42,8,,产品与研发,研发工艺,B+
10003643,光储集团,地面光伏事业部,研发中心,产品工艺部,,,执行层,下级,10045939,4,4,4,4,3,4,3,3,4,3,3,3,3,4,4,3,3,4,3,4,4,5,3,5,4,5,4,5,"1. 深刻理解公司文化，并践行公司价值观
2. 专业能力强，带领团队有耐心
3. 勤恳务实，以团队绩效为导向","1. 建议提升管理方面的系统认知，并实践检验管理成效
2. 管理赋能除参与公司赋能培训外，多与上级领导沟通，被上级赋能",团队管理与建设时，摒弃技术的执着，避免技术思维的管理,12,42,8,,产品与研发,研发工艺,B+
10003643,光储集团,地面光伏事业部,研发中心,产品工艺部,,,执行层,协同方,10001483,4,4,4,3,3,3,4,3,5,4,4,3,,,,,,,,4,3,5,4,5,4,4,4,5,"1、做事认真负责、工作严谨
2、以身作则","1、做好更多的授权
2、更多的跨部门协作",暂无,12,42,8,,产品与研发,研发工艺,B+
10003643,光储集团,地面光伏事业部,研发中心,产品工艺部,,,执行层,协同方,10002670,2,3,3,3,3,4,3,3,4,4,4,3,,,,,,,,4,3,4,3,4,3,4,4,4,待人友善，在内部建立融洽的工作氛围,1）清晰化部门在业务中的职责定位，明确部门的短期和长期规划，,1）团队的建设和规划上要进一步提升，打破传统授课式培养模式，要以战练兵、提升员工自驱学习,12,42,8,,产品与研发,研发工艺,B+
10003643,光储集团,地面光伏事业部,研发中心,产品工艺部,,,执行层,协同方,10003156,5,5,3,3,5,4,5,5,5,4,5,4,,,,,,,,3,3,5,5,5,3,5,5,5,"1，专业能力强，愿意耐心解决别人的疑问；
2，积极响应协同部门的需求，能够快速行动。","1，确定好的策略和方案要坚定地去执行和落实；
2，思考问题要有全局思维，杜绝本位主义。",深入了解生产过程及痛点，结合自身业务需求做闭环。,12,42,8,,产品与研发,研发工艺,B+
10003643,光储集团,地面光伏事业部,研发中心,产品工艺部,,,执行层,协同方,10003274,4,4,4,4,4,4,4,4,4,4,4,4,,,,,,,,4,4,4,4,4,4,4,4,4,工作严谨细致，责任心强，认真负责,根据团队成员能力，分工授权工作，明确职责与权限,关注团队成员工作以外的状态，做好引导与赋能,12,42,8,,产品与研发,研发工艺,B+
10003643,光储集团,地面光伏事业部,研发中心,产品工艺部,,,执行层,协同方,10010539,,,,,,,,,,,,,,,,,,,,,,,,,,,,,,,,12,42,8,,产品与研发,研发工艺,B+
10003643,光储集团,地面光伏事业部,研发中心,产品工艺部,,,执行层,协同方,10020348,5,5,5,5,5,5,3,4,3,4,4,4,,,,,,,,4,5,4,4,4,4,4,4,4,做事严谨，诚恳待人，做事有耐心。,暂无,暂无,12,42,8,,产品与研发,研发工艺,B+
10003643,光储集团,地面光伏事业部,研发中心,产品工艺部,,,执行层,协同方,10011752,4,4,5,4,4,4,4,4,4,5,5,4,,,,,,,,5,4,4,4,5,5,5,5,5,无,无,无,12,42,8,,产品与研发,研发工艺,B+
10003643,光储集团,地面光伏事业部,研发中心,产品工艺部,,,执行层,协同方,10006950,2,3,3,2,3,3,2,3,2,3,3,2,,,,,,,,3,3,4,2,4,3,3,4,4,1.以坦诚精神、言出必行和公开透明的作风，建立与同事间的信赖和信任感，构建简单、互信、尊重、友爱的人际关系；,"1.根据部门重点工作目标和资源现状，平衡效益和风险，在工作中做出正确判断和行动，快速推动战略落地；
2.需要发挥跨部门影响力，链接跨部门资源，推进复杂问题的解决",暂无,12,42,8,,产品与研发,研发工艺,B+
10003643,光储集团,地面光伏事业部,研发中心,产品工艺部,,,执行层,自己,10003643,3,4,4,3,3,2,2,1,3,5,4,4,3,3,4,4,3,4,3,4,4,4,2,5,4,4,5,5,"1、深入洞察部门外延认知短板，积极采取多种方式弥补，比如，推荐学习资源、协调外部培训资源、组织读书学习与分享、鼓励跨部门交流活动等；
2、在员工提出工作过于饱和时，能与之一起梳理工作，排优先级，适当协调内部资源临时分担，缓解其压力，避免形式进一步恶化。","1、团队激励关注度不够，可通过积极倾听部门成员的创新想法，建立激励机制，奖励成功实施创新想法的个人或团队，同时认可那些虽未成功但勇于尝试的创新行为；
2、对员工日常表现的反馈较少，可通过表扬优秀与进步，对于不足之处提供合理的改进建议，进而帮助员工持续提升工作表现与能力。",多项目同步开展，部门人员有限，需要定期梳理员工的并行工作，若发掘员工工作过于饱和，有抱怨，可及时干预，通过内外部协同等方式环节，提前识别拦截风险。,12,42,8,,产品与研发,研发工艺,B+
10033370,制造体系,制造技术中心,工艺,工艺平台部,,,执行层,下级,10036841,4,4,4,3,4,4,3,3,4,4,4,5,4,4,3,4,3,4,4,5,4,5,5,5,5,4,5,4,学习能力强,专业技能,了解行业前沿发展,2.2,32,14,,生产,生产工艺-IE,A
10033370,制造体系,制造技术中心,工艺,工艺平台部,,,执行层,下级,10036246,5,5,5,5,5,4,5,4,5,5,4,5,4,5,5,5,5,4,5,4,5,4,5,4,4,5,5,5,"当下属遇到难题时，总能第一时间提供精准支持，不仅耐心分析问题根源，还能针对性提出可落地的解决方案，全程跟进指导直至问题闭环，帮助团队成员快速成长。
跨部门沟通协调能力突出，善于整合各方资源、推动多部门高效联动，在复杂事项推进中展现了优秀的统筹协调与资源撬动能力，是团队的重要推进器。
",李海自身业务能力极强，在关键事项上亲力亲为、把控到位。后续可进一步优化团队授权模式，根据成员能力特质给予更多独立推进事项的机会，在关键节点做好把控与指导的同时，鼓励团队成员大胆试错、独立解决问题，进一步释放团队活力，培养后备力量。,自身业务能力扎实、带头示范作用突出，是团队的标杆与核心力量。在保持个人优秀表现的同时，进一步加强团队人才梯队的系统性建设，通过搭建内部经验分享、专项带教等机制，将个人的宝贵经验转化为团队的整体作战能力，打造可持续发展的高绩效团队，为业务长期发展筑牢人才基础。,2.2,32,14,,生产,生产工艺-IE,A
10033370,制造体系,制造技术中心,工艺,工艺平台部,,,执行层,下级,10031858,4,5,4,5,5,4,5,4,4,5,4,4,5,5,5,3,4,5,4,4,4,4,5,5,5,5,5,5,对待工作严谨细致、以身作则，不推诿不敷衍，关键时刻主动扛事、敢于担当；日常沟通谦和包容，待人处事公正，团队凝聚力和向心力营造得很好。,日常任务下达有时偏简洁，对工作标准、执行路径、分工节点缺少前置梳理，易导致下属执行方向不够清晰，自主摸索成本偏高,建议后续在工作安排上多做前置统筹与清晰化交底，强化上下工作对齐,2.2,32,14,,生产,生产工艺-IE,A
10033370,制造体系,制造技术中心,工艺,工艺平台部,,,执行层,下级,10029535,4,4,3,3,4,4,4,3,3,5,4,4,5,5,3,3,3,4,3,3,4,4,3,4,4,4,4,4,有耐心，人际关系控制方面比较好,以价值为导向，快速决策,带领部门提升部门整体绩效，主动询问领导，如何才能拿到部门绩效A,2.2,32,14,,生产,生产工艺-IE,A
10033370,制造体系,制造技术中心,工艺,工艺平台部,,,执行层,下级,10028779,4,4,4,5,5,5,5,3,5,4,4,4,5,4,5,4,5,5,5,4,4,4,3,4,5,5,5,5, 主动探索和学习本领域相关的数字化技术、AI等，引入至部门工作中，有效提升工作效率。,"1、提前介入研发端，主动与研发沟通，提前介入研发预研项目，形成与研发端的正向配合。
2、推动“工艺平台化”建设，让经验变成可复用的资产",无,2.2,32,14,,生产,生产工艺-IE,A
10033370,制造体系,制造技术中心,工艺,工艺平台部,,,执行层,下级,10028608,4,3,3,3,4,2,4,4,3,5,5,5,5,5,3,3,2,3,3,4,4,5,5,4,4,5,3,5,耐心，做事积极，懂得运用数字化工具高效解决问题,看问题角度需多元化，增强业务的竞争能力,无,2.2,32,14,,生产,生产工艺-IE,A
10033370,制造体系,制造技术中心,工艺,工艺平台部,,,执行层,下级,10026891,4,4,4,4,4,4,4,4,4,4,4,4,4,4,4,4,4,4,4,4,4,4,4,4,4,4,4,4,"1.非常注重团队成员的成长，在日常工作中，他 / 她会主动分享行业经验和方法论，也会在关键节点给予及时、有针对性的反馈和指导。
2.在面对跨部门协作的复杂项目时，被评估人总能快速理清各方诉求，精准定位核心矛盾，并给出清晰可落地的推进方案。",无,无,2.2,32,14,,生产,生产工艺-IE,A
10033370,制造体系,制造技术中心,工艺,工艺平台部,,,执行层,下级,10026591,4,4,4,4,4,4,5,4,5,4,5,4,5,4,5,4,5,4,5,4,5,4,5,4,5,4,5,5,热情、好学,无,无,2.2,32,14,,生产,生产工艺-IE,A
10033370,制造体系,制造技术中心,工艺,工艺平台部,,,执行层,下级,10026314,3,4,5,4,5,5,5,5,5,4,4,5,4,5,5,4,3,4,4,4,5,5,5,5,4,4,4,5,不把自己置于高地位，平时没有领导架子，公平公正,无,无,2.2,32,14,,生产,生产工艺-IE,A
10033370,制造体系,制造技术中心,工艺,工艺平台部,,,执行层,下级,10024734,5,5,5,5,5,5,4,5,5,5,5,5,5,5,5,5,4,5,5,5,5,5,4,5,5,5,5,5,"1.积极学习并鼓励团队成员使用数字化、AI工具
2.鼓励部门成员开展内部培训",无,无,2.2,32,14,,生产,生产工艺-IE,A
10033370,制造体系,制造技术中心,工艺,工艺平台部,,,执行层,下级,10009986,5,5,5,5,5,4,5,4,5,5,5,5,5,5,4,5,5,4,5,4,5,5,4,5,4,5,5,5,"1、做事思路清晰、目标明确，能够合理拆解工作任务、统筹团队分工，提前把控项目节点与风险，带领团队高效推进各项工作，整体节奏把控十分到位。
2、对待业务严谨细致，专业功底扎实，遇到疑难问题能主动指导、耐心答疑。
3、面对紧急任务和工作压力时沉着冷静，不推诿、不急躁，主动扛下核心难点问题；同时注重跨部门沟通协调，积极推进问题闭环，为团队工作开展提供了有力支撑。",1、日常工作侧重业务推进与目标达成，对团队成员间的人文关怀细节不足，日常多开展常态化沟通，及时了解员工工作负荷与实际困难；合理调配工作任务，兼顾工作效率与员工劳逸结合，增强团队归属感。,无,2.2,32,14,,生产,生产工艺-IE,A
10033370,制造体系,制造技术中心,工艺,工艺平台部,,,执行层,下级,10000971,5,5,5,5,5,5,5,5,5,5,5,5,5,5,5,5,5,5,5,5,5,5,5,5,5,5,5,5,"1.遇到工作难题、项目出状况时，从不推卸责任、不甩锅，主动站出来带头解决，愿意为团队扛事，做事有担当、考虑事情顾全整体大局。
2.对内愿意认真听大家的想法和诉求，主动调解内部业务的存在问题；对外积极和其他部门沟通对接，懂得换位思考，说话做事有理有据，还能帮忙协调资源、解决工作里的各种卡点难题。",无,无,2.2,32,14,,生产,生产工艺-IE,A
10033370,制造体系,制造技术中心,工艺,工艺平台部,,,执行层,上级,10003156,5,5,4,4,5,4,3,4,5,4,4,4,5,5,5,5,5,4,5,5,5,5,4,5,5,5,5,5,"1，能抓住各业务板块的重点，目标明确；
2，给团队充分的授权，给管理梯队成长的空间。","1，要持续建立项目管理思维，不管是IE规划还是精益降本、数据管理，都要以项目的思维去管理，明确好目标，管控好过程风险；
2，要建设自身的工艺影响力，进一步增强跨部门融合，在前端和后端体现工艺平台的专业能力。",跟前端要有更多的互动，洞察先进技术，比如研究院、储能平台等部门。,2.2,32,14,,生产,生产工艺-IE,A
10033231,储能技术研究所,设备部,,,,,执行层,自己,10033231,5,5,4,5,4,5,5,5,5,5,4,5,5,5,5,5,4,5,5,5,5,4,5,5,5,5,4,5,无,好直言，应该委婉表达,要和光同尘,2.2,44,16,,生产,自动化-设备,B+
10033231,储能技术研究所,设备部,,,,,执行层,协同方,10046881,2,3,3,2,3,3,3,3,2,3,2,3,,,,,,,,2,4,2,3,2,2,3,3,4,专业严谨，工作节奏稳定,建议更多考虑部门间衔接工作，增强补位意识,在公司目前阶段建议更主动承担，考虑公司整体最优。,2.2,44,16,,生产,自动化-设备,B+
10033231,储能技术研究所,设备部,,,,,执行层,协同方,10046619,4,4,4,3,4,5,5,4,4,5,5,5,,,,,,,,4,4,4,5,5,5,5,4,5,根据任务需求，愿意承担相应任务；承诺任务，认真完成,任务完成效率，团队技术提升,无,2.2,44,16,,生产,自动化-设备,B+
10033231,储能技术研究所,设备部,,,,,执行层,协同方,10032002,4,4,3,4,4,3,3,3,4,4,3,4,,,,,,,,4,3,4,4,3,3,4,4,5,技术扎实,无,无,2.2,44,16,,生产,自动化-设备,B+
10033231,储能技术研究所,设备部,,,,,执行层,协同方,10031948,3,3,3,3,4,3,3,4,3,3,3,4,,,,,,,,2,2,3,3,4,3,4,3,4,"1.积极处理客户需求；
2.问题积极闭环",无,无,2.2,44,16,,生产,自动化-设备,B+
10033231,储能技术研究所,设备部,,,,,执行层,协同方,10020665,4,4,4,4,3,4,4,4,4,4,4,4,,,,,,,,4,5,5,4,4,4,4,4,4,"1.逻辑清晰；
2.理论丰富；","1.增加设备开发能力；
2.加强与供应商交流互动，内部培训；",加强设备开发导入能力建设；,2.2,44,16,,生产,自动化-设备,B+
10033231,储能技术研究所,设备部,,,,,执行层,协同方,10017874,2,2,1,2,2,2,2,2,2,1,3,2,,,,,,,,2,2,2,2,3,1,3,3,3,暂无,暂无,暂无,2.2,44,16,,生产,自动化-设备,B+
10033231,储能技术研究所,设备部,,,,,执行层,协同方,10012091,4,4,3,3,3,3,3,3,2,3,3,3,,,,,,,,2,3,2,4,3,2,4,3,5,1、团队管理方面：能调动成员主观能动性；,无,无,2.2,44,16,,生产,自动化-设备,B+
10033231,储能技术研究所,设备部,,,,,执行层,协同方,10034087,2,3,3,2,3,3,3,3,3,3,3,3,,,,,,,,3,3,3,4,3,3,4,3,4,工作经验丰富，合规意识强；,关注客户需求，积极参与解决的问题；关注团队搭建和人才培养；,无,2.2,44,16,,生产,自动化-设备,B+
10033231,储能技术研究所,设备部,,,,,执行层,下级,10047486,5,5,5,5,5,4,4,4,4,5,4,5,4,4,5,4,4,4,4,5,4,4,4,5,4,5,4,4,"1、以解决实际问题为主，没有形式主义要求；
2、处理审批及反馈流程快速，推动项目发展",无,无,2.2,44,16,,生产,自动化-设备,B+
10033231,储能技术研究所,设备部,,,,,执行层,下级,10047426,5,5,4,4,5,4,5,4,4,5,5,4,5,5,5,5,4,5,5,4,4,5,4,4,4,4,5,4,"1. 善于赋能与授权，而非微观管理
2. 主动寻求并真诚接受反馈
3. 在压力下保持情绪稳定并传递信心",1.在AI技术方面多加强学习与应用,无,2.2,44,16,,生产,自动化-设备,B+
10033231,储能技术研究所,设备部,,,,,执行层,下级,10047164,5,5,5,5,4,5,4,5,5,4,5,5,4,4,5,5,5,5,4,5,5,5,5,5,4,5,5,4,廖总工作上经验丰富，团结部门，能给员工给予很大支持和帮助；具备建立同事之间互信、增进感情的能力；分工合理、知人善任，善于挖掘员工优势；流程梳理清晰，高效统筹各项工作，执行力极强。,无,无,2.2,44,16,,生产,自动化-设备,B+
10033231,储能技术研究所,设备部,,,,,执行层,下级,10046562,4,4,3,2,3,2,4,3,4,4,4,4,4,3,2,2,3,3,2,4,4,4,3,4,4,4,4,4,经常采用工程方法解决设备开发过程中遇到的各种问题，并要求下属也学习工程方法解决问题。,建议重点参与到部门业务开展中，既要放权又要监督具体工作开展执行情况。,建议针对部门成员具体的专业能力情况，分配每个成员到自己擅长的模块。,2.2,44,16,,生产,自动化-设备,B+
10033231,储能技术研究所,设备部,,,,,执行层,下级,10046494,5,5,4,5,4,5,4,4,5,5,4,5,4,4,5,5,5,4,5,5,4,4,5,5,4,4,5,5,以结果为导向，合理规划人力、时间、预算等各项资源，及时跟进落地情况，不断推动结果达成；根据部门重点工作目标和资源现状，平衡效益和风险，在工作中做出正确判断和行动，快速推动战略落地,自觉维护团结，能够顾全大局，多帮助多补位；可以在这方面根据团队情况合理补位，促进项目发展,期待能够带领团队继续保持前进，做出正确决定，促进项目成功落地,2.2,44,16,,生产,自动化-设备,B+
10033231,储能技术研究所,设备部,,,,,执行层,下级,10046405,5,5,5,5,5,4,4,5,4,5,4,4,4,5,4,5,5,5,5,4,5,4,5,5,5,4,5,5,技术能力强，项目经验丰富,多组织部门团建交流,无,2.2,44,16,,生产,自动化-设备,B+
10033231,储能技术研究所,设备部,,,,,执行层,下级,10045757,3,4,5,5,5,4,5,5,5,5,5,5,5,5,4,5,5,5,5,5,5,5,5,4,5,5,5,5,"1、领导力出众
2、知识丰富全面，业务水平高",暂无,暂无,2.2,44,16,,生产,自动化-设备,B+
10033231,储能技术研究所,设备部,,,,,执行层,下级,10045576,5,5,5,5,4,5,4,4,4,5,5,5,5,5,4,5,5,5,5,4,4,5,5,4,4,4,5,5,"1、在压力下选择“怎么办”而非追问“为什么”
2、敢于授予真心为他人成功喝彩
3、以身作则、树立榜样","1、优化决策节奏：重大决策前可预留24小时缓冲期，避免因紧急性忽略潜在风险，同时给团队留出理解消化时间
2、‌强化数据驱动‌：关键项目引入数据复盘机制，用用户留存率、成本转化率等指标替代经验判断，提升决策精准度","1、加大培训力度‌：加强对管理人才及专业人才的培训，特别是年轻领导成员的培养，提升整体业务素质 
2、‌鼓励创新思维‌：解放思想，增强工作创新意识，挖掘发展潜力，明确工作的长远目标与思路 。‌‌",2.2,44,16,,生产,自动化-设备,B+
10033231,储能技术研究所,设备部,,,,,执行层,下级,10044659,5,5,5,5,4,5,4,5,5,5,5,5,4,5,5,5,5,5,5,5,5,5,5,5,5,5,4,5,"对行业趋势的精准判断和清晰的战略规划，总能让我们在复杂市场中找到发力点，让团队的工作充满方向感和价值感；
能敏锐地发现每个人的长处，并把合适的人放在合适的位置上，让整个团队高效协同，发挥了‘1+1>2’的效应",建议未来可以更多地将您优秀的经验沉淀为团队的标准流程和决策机制；,/,2.2,44,16,,生产,自动化-设备,B+
10033231,储能技术研究所,设备部,,,,,执行层,下级,10034501,5,4,4,4,4,4,4,5,4,4,4,4,4,4,4,5,4,4,4,4,4,4,4,4,4,5,4,5,"1.知识储备充足
2.行业经验丰富",无,无,2.2,44,16,,生产,自动化-设备,B+
10033231,储能技术研究所,设备部,,,,,执行层,下级,10030374,4,4,4,4,4,5,4,4,4,5,4,5,4,3,3,3,4,3,3,4,3,4,3,4,5,4,4,4,鼓励及照顾新人，使其快速融入团队。,部分人员角色分配不合理，造成重复工作多。,无,2.2,44,16,,生产,自动化-设备,B+
10033231,储能技术研究所,设备部,,,,,执行层,下级,10029882,4,4,5,4,4,4,4,4,3,4,4,3,5,5,4,3,3,3,3,3,3,3,4,5,5,5,5,5,具有市场前沿技术眼光，并能很好的运用到部门当中,作为电芯行业龙头企业出身，能够提前识别风险并规避,建议领导能够在后续工作中能够带领我们开拓新技术，积极进取，为后续电芯团队所向披靡,2.2,44,16,,生产,自动化-设备,B+
10033231,储能技术研究所,设备部,,,,,执行层,下级,10029477,4,5,5,5,5,5,4,5,5,5,5,4,5,5,4,4,5,5,5,4,5,5,5,5,4,5,5,5,"1、具有丰富且专业的锂电产线开发经验；
2、非常优秀的管理者。",暂无,非常值得学习的好榜样。,2.2,44,16,,生产,自动化-设备,B+
10033231,储能技术研究所,设备部,,,,,执行层,下级,10029154,5,5,5,5,5,4,5,5,5,5,5,5,5,5,4,5,4,5,4,5,4,5,4,5,5,5,4,5,"1、持续推广方法论，专业化
2、对设备原理了解透彻
3、供应商资源丰富",暂无,暂无,2.2,44,16,,生产,自动化-设备,B+
10033231,储能技术研究所,设备部,,,,,执行层,下级,10028738,4,4,4,4,4,4,4,4,4,5,4,4,4,4,4,3,3,3,3,4,4,4,4,4,5,4,3,4,"1、掌握工程方法，产品开发流程，质量分析方法等各类流程方法论，知识广博；
2、充分放权，下属工程师独立自主性强；",暂无,暂无,2.2,44,16,,生产,自动化-设备,B+
10033231,储能技术研究所,设备部,,,,,执行层,下级,10028345,3,3,2,3,3,2,2,2,2,3,3,2,2,2,2,4,2,2,3,2,2,2,2,3,3,3,5,5,"1、提倡廉洁文化，严于律己
2、遵守公司制度",暂无,暂无,2.2,44,16,,生产,自动化-设备,B+
10033231,储能技术研究所,设备部,,,,,执行层,上级,10031277,3,3,3,3,4,3,4,4,3,4,4,4,4,4,3,2,3,4,4,3,4,4,4,3,4,4,4,5,"1. 行业经验丰富
2. 对待团队成员比较包容","1. 多关注部门规划和管理
2. 学会任务和战略的分解和落地",对工作的投入度再高一点,2.2,44,16,,生产,自动化-设备,B+
10033096,光储集团,营销体系,亚太大区,渠道业务部,,,执行层,自己,10033096,5,5,4,4,5,5,5,4,5,5,5,5,4,4,4,4,5,4,4,4,5,5,4,4,5,5,5,5,遵守公司规章制度，以客户为导向积极推进问题的解决,部门建设仍需更高效，并应关注部门内部与跨部门的沟通协调,暂无,2.2,33,2,,营销,商务销售,B+
10033096,光储集团,营销体系,亚太大区,渠道业务部,,,执行层,协同方,10023559,4,4,3,3,5,5,4,4,3,4,4,5,,,,,,,,3,4,4,5,5,4,4,5,5,执行能力强，多线程工作能力强，沟通能力出色。,团队建设层面。,组织团队的搭建。,2.2,33,2,,营销,商务销售,B+
10033096,光储集团,营销体系,亚太大区,渠道业务部,,,执行层,协同方,10019721,4,4,3,3,3,3,5,4,4,4,5,5,,,,,,,,4,4,5,4,5,5,5,5,5,作风踏实，执行力强,/,/,2.2,33,2,,营销,商务销售,B+
10033096,光储集团,营销体系,亚太大区,渠道业务部,,,执行层,协同方,10017249,4,4,4,4,4,4,4,4,4,4,4,4,,,,,,,,3,4,4,4,4,4,5,5,5,渠道意识较强,需更加主动的去推进渠道业务的卡点,无,2.2,33,2,,营销,商务销售,B+
10033096,光储集团,营销体系,亚太大区,渠道业务部,,,执行层,协同方,10017042,,,,,,,,,,,,,,,,,,,,,,,,,,,,,,,,2.2,33,2,,营销,商务销售,B+
10033096,光储集团,营销体系,亚太大区,渠道业务部,,,执行层,协同方,10015001,4,5,5,5,4,4,4,4,4,5,4,4,,,,,,,,4,4,5,4,4,5,4,4,4,比较谦逊低调。,可能对于亚太业务熟悉度有待提升，目前还在观望阶段，影响力有待提升。,暂无,2.2,33,2,,营销,商务销售,B+
10033096,光储集团,营销体系,亚太大区,渠道业务部,,,执行层,协同方,10014287,4,4,4,4,4,4,5,5,5,5,5,5,,,,,,,,4,4,5,4,4,5,4,4,5,暂无,暂无,暂无,2.2,33,2,,营销,商务销售,B+
10033096,光储集团,营销体系,亚太大区,渠道业务部,,,执行层,协同方,10012082,3,4,3,3,3,3,4,4,4,4,4,3,,,,,,,,4,3,3,3,3,4,4,4,5,沟通较少，希望更多深入一线业务，帮助一线提前预判市场动向，并及时向家里锁定更多资源支持,期待更多深入一线业务,无,2.2,33,2,,营销,商务销售,B+
10033096,光储集团,营销体系,亚太大区,渠道业务部,,,执行层,协同方,10010122,4,4,4,3,4,3,3,3,4,3,4,3,,,,,,,,4,3,4,5,5,4,5,5,5,"Exceptional Dedication to New Responsibilities: He is fully committed and working tirelessly to deliver his best performance in his new role, showing excellent professional drive.

Proactive Approach to Local Needs: He sets a great benchmark by actively prioritizing and listening to the raw demands and feedback of our regional and local colleagues.","Proactive Market Insight: I encourage him to take a more active interest in the local market to cultivate deeper strategic insights and a sharper understanding of industry trends.

Strategic Leadership & HQ Execution: He should work on developing and pitching new regional strategies. I would love to see him demonstrate strong leadership by aggressively communicating these ideas with HQ and taking decisive actions to execute them effectively on the ground.","He is currently managing a market segment with massive growth potential. Therefore, I highly expect him to lead this sector with highly sophisticated and meticulous strategies. I look forward to seeing him utilize sharp market analysis to drive our business forward and maximize our success in this high-growth segment.",2.2,33,2,,营销,商务销售,B+
10033096,光储集团,营销体系,亚太大区,渠道业务部,,,执行层,协同方,10009813,5,5,5,5,5,5,5,5,5,5,5,5,,,,,,,,5,5,5,5,5,5,5,5,5,无,无,无,2.2,33,2,,营销,商务销售,B+
10033096,光储集团,营销体系,亚太大区,渠道业务部,,,执行层,协同方,10007215,4,3,4,5,3,4,4,4,4,5,4,5,,,,,,,,3,4,5,4,4,4,4,4,3,Supportive when ask for support,Interact more with team and country director to understand challenges,No,2.2,33,2,,营销,商务销售,B+
10033096,光储集团,营销体系,亚太大区,渠道业务部,,,执行层,协同方,10006913,4,4,4,3,3,4,4,5,4,4,5,4,,,,,,,,2,4,4,4,4,4,4,5,5,善于沟通协调,需要加强推动力，需要主动积极承担更多,暂无,2.2,33,2,,营销,商务销售,B+
10033096,光储集团,营销体系,亚太大区,渠道业务部,,,执行层,协同方,10005363,,,,,,,,,,,,,,,,,,,,,,,,,,,,,,,,2.2,33,2,,营销,商务销售,B+
10033096,光储集团,营销体系,亚太大区,渠道业务部,,,执行层,上级,10001001,5,5,5,4,5,5,5,4,5,4,5,5,4,4,4,5,5,5,5,4,4,4,5,5,5,4,5,4,暂无,暂无,暂无,2.2,33,2,,营销,商务销售,B+
10032002,储能技术研究所,品质管理部,,,,,执行层,自己,10032002,4,4,4,3,3,5,3,4,4,5,4,4,3,3,4,5,4,5,4,4,4,4,4,5,4,4,5,4,诚恳务实、合规合理、高效协同,再学习学历提升,无,2.5,39,7,,质量,质量控制(QE),B
10032002,储能技术研究所,品质管理部,,,,,执行层,协同方,10046881,3,4,3,2,3,3,3,3,3,4,3,3,,,,,,,,3,4,3,3,2,2,3,3,4,逻辑严密工作作风规范,建议更多站在组织的角度考虑工作和人员工作安排,尽量跳出个人感受考虑工作分工，用有利于公司发展作为工作行为的目标,2.5,39,7,,质量,质量控制(QE),B
10032002,储能技术研究所,品质管理部,,,,,执行层,协同方,10046619,3,4,4,3,3,5,4,3,3,5,4,5,,,,,,,,3,4,4,5,4,3,5,3,5,承担的任务，积极主动完成；团队内部和谐,积极主动承担任务,无,2.5,39,7,,质量,质量控制(QE),B
10032002,储能技术研究所,品质管理部,,,,,执行层,协同方,10034087,2,3,3,3,3,3,3,3,3,3,3,3,,,,,,,,3,4,3,4,2,3,4,3,4,工作经验丰富，合规意识强；,关注客户需求，积极参与解决的问题；关注团队搭建和人才培养；,无,2.5,39,7,,质量,质量控制(QE),B
10032002,储能技术研究所,品质管理部,,,,,执行层,协同方,10033231,5,5,4,5,4,5,4,5,4,5,4,5,,,,,,,,5,5,4,4,5,4,5,4,5,无,无,无,2.5,39,7,,质量,质量控制(QE),B
10032002,储能技术研究所,品质管理部,,,,,执行层,协同方,10031948,3,4,3,4,4,4,4,4,4,4,3,4,,,,,,,,3,4,4,4,4,4,4,3,4,"1.积极处理客户需求；
2.问题积极闭环",无,无,2.5,39,7,,质量,质量控制(QE),B
10032002,储能技术研究所,品质管理部,,,,,执行层,协同方,10020665,3,4,4,4,3,4,4,4,4,4,4,3,,,,,,,,4,4,4,4,4,4,4,4,4,"1.逻辑清晰；
2.理论丰富；","1.加跨部门协同；
2.加快体系搭建和工作前置；",增加品质工具内部培训,2.5,39,7,,质量,质量控制(QE),B
10032002,储能技术研究所,品质管理部,,,,,执行层,协同方,10017874,3,3,2,3,3,2,2,2,2,2,4,2,,,,,,,,2,3,2,2,2,1,3,2,3,暂无,暂无,暂无,2.5,39,7,,质量,质量控制(QE),B
10032002,储能技术研究所,品质管理部,,,,,执行层,协同方,10012091,4,4,3,3,3,3,3,3,3,3,3,3,,,,,,,,3,4,4,4,4,3,4,3,5,1、较为职业；,无,无,2.5,39,7,,质量,质量控制(QE),B
10032002,储能技术研究所,品质管理部,,,,,执行层,下级,10046116,5,5,5,5,5,4,4,4,5,5,5,4,5,4,5,5,5,5,5,5,5,4,4,4,5,5,5,5,专业度高，管理能力强，体恤下属,管理能力，专业度，协同能力,继续保持,2.5,39,7,,质量,质量控制(QE),B
10032002,储能技术研究所,品质管理部,,,,,执行层,下级,10033901,3,4,3,3,3,3,3,4,2,4,3,4,4,3,4,3,3,3,3,4,4,4,4,3,4,3,3,3,"1专业能力突出
2抗压能力显著","1主动沟通与向上、跨部门协同
2与下属友善/耐心的沟通",无,2.5,39,7,,质量,质量控制(QE),B
10032002,储能技术研究所,品质管理部,,,,,执行层,下级,10033729,5,5,5,5,5,4,5,5,5,5,4,5,5,4,5,4,5,4,5,4,5,4,5,4,5,4,4,5,无,无,无,2.5,39,7,,质量,质量控制(QE),B
10032002,储能技术研究所,品质管理部,,,,,执行层,下级,10033621,5,5,5,5,5,5,5,5,5,5,5,5,5,5,5,5,5,5,5,5,5,5,5,5,5,5,5,5,专业能力强，覆盖面广泛，是一个很好的领导,无,无,2.5,39,7,,质量,质量控制(QE),B
10032002,储能技术研究所,品质管理部,,,,,执行层,下级,10033528,,,,,,,,,,,,,,,,,,,,,,,,,,,,,,,,2.5,39,7,,质量,质量控制(QE),B
10032002,储能技术研究所,品质管理部,,,,,执行层,下级,10033059,5,5,5,5,5,5,4,5,5,5,5,5,4,5,5,4,5,5,5,5,5,5,5,5,5,5,5,5,"1、能够通过下属汇报快速找到重点和风险予以指正
2、专业素质强，熟悉各种质量工作，并能指导质量各模块开展工作",1、再与客户沟通介绍中学历是弱势，应该提升一下，比如MBA研究所学历,无,2.5,39,7,,质量,质量控制(QE),B
10032002,储能技术研究所,品质管理部,,,,,执行层,下级,10032892,5,5,5,5,5,5,4,5,5,5,5,5,5,4,5,5,5,5,5,5,5,5,5,4,5,5,5,5,卓越领导力，跨组织统筹力，正向引导力,暂无,暂无,2.5,39,7,,质量,质量控制(QE),B
10032002,储能技术研究所,品质管理部,,,,,执行层,上级,10031277,2,4,3,3,4,4,4,4,3,4,4,4,4,4,4,3,4,4,4,4,4,4,4,3,4,5,4,5,"1. 原则性强
2. 质量体系认知深","1. 坦诚沟通
2. 积极主动",可以适当的多听一些不同的意见,2.5,39,7,,质量,质量控制(QE),B
10031943,仁卓智能科技,品保中心,,,,,执行层,自己,10031943,5,5,5,4,5,5,4,5,5,5,5,5,4,4,5,5,5,5,5,5,4,5,5,5,4,5,5,5,1、主动对接客户，倾听客户心声，帮助客户解决各类问题。2、部门内建立政委机制，各级主管兼任政委角色，及时与各级员工进行沟通，了解员工心理状况，帮助员工更好成长。,1、变通性不足；2、强化语言能力，以应对国际化挑战。,无,2.5,41,9,,,,
10031943,仁卓智能科技,品保中心,,,,,执行层,协同方,10045560,3,3,3,3,3,4,2,2,3,4,3,3,,,,,,,,4,3,3,3,3,3,3,4,4,客户导向，用于承担,无,无,2.5,41,9,,,,
10031943,仁卓智能科技,品保中心,,,,,执行层,协同方,10042906,4,4,4,4,3,3,3,3,3,4,3,4,,,,,,,,3,3,4,4,4,4,3,3,3,协调售后处理事项,加强售后管理,暂无,2.5,41,9,,,,
10031943,仁卓智能科技,品保中心,,,,,执行层,协同方,10033757,5,5,5,5,5,5,4,5,5,5,5,5,,,,,,,,5,5,5,5,5,5,5,5,5,"1.对工作高度负责，以身作则，为我们树立良好的榜样。
2.学习能力强，能快速掌握新业务知识和技能",有时过于亲力亲为，建议适当授权，充分发挥团队每个人能力，提高整体团队战斗力,非常感谢一直以来对我们的指导和帮助，希望在今后工作中，我们能够继续携手共进,2.5,41,9,,,,
10031943,仁卓智能科技,品保中心,,,,,执行层,协同方,10030258,5,5,5,5,5,4,4,4,4,5,5,5,,,,,,,,5,5,4,4,5,5,5,5,5,跨部门合作和主动意识,海外业务和跨部门,无,2.5,41,9,,,,
10031943,仁卓智能科技,品保中心,,,,,执行层,协同方,10030208,4,3,4,4,3,4,3,4,5,5,5,5,,,,,,,,4,4,5,4,5,5,4,4,5,为公司解决交付问题,下属团队士气及管控要进一步加强,进一步完善交付流程,2.5,41,9,,,,
10031943,仁卓智能科技,品保中心,,,,,执行层,协同方,10029063,3,3,3,3,3,2,2,4,4,4,4,3,,,,,,,,3,3,4,3,3,3,3,3,4,执着,无,无,2.5,41,9,,,,
10031943,仁卓智能科技,品保中心,,,,,执行层,协同方,10023138,4,5,4,3,3,2,3,3,3,3,4,3,,,,,,,,3,3,4,3,4,4,3,4,4,无,无,无,2.5,41,9,,,,
10031943,仁卓智能科技,品保中心,,,,,执行层,协同方,10023080,3,3,3,3,3,2,3,2,3,3,3,3,,,,,,,,3,3,4,3,5,3,5,2,3,1、组织公司通过相关质量体系审核，及时配合内外审、客户审核。,提升项目进度管控、成本管控、多方协调（工程、技术、施工）能力。,无,2.5,41,9,,,,
10031943,仁卓智能科技,品保中心,,,,,执行层,协同方,10023028,3,4,4,4,4,4,4,4,4,4,4,4,,,,,,,,4,4,4,4,4,4,4,1,1,积极主动、愿意承担,降低身份、团队氛围更佳轻松，思想转变,暂无,2.5,41,9,,,,
10031943,仁卓智能科技,品保中心,,,,,执行层,协同方,10020936,4,4,4,4,4,3,3,3,4,4,4,4,,,,,,,,3,4,4,4,4,4,5,5,5,"1、善于汇报，积极与领导汇报工作加强沟通；
2、口才较好，临场发挥总可以侃侃而谈。",1、加强各产品安装顺序的认识，便于组织生产或发货顺序。,建议重视试装和试制工作。,2.5,41,9,,,,
10031943,仁卓智能科技,品保中心,,,,,执行层,协同方,10019155,4,3,3,4,3,4,3,4,4,3,4,4,,,,,,,,3,3,3,3,2,3,3,2,2,积极处理客诉问题,无,无,2.5,41,9,,,,
10031943,仁卓智能科技,品保中心,,,,,执行层,协同方,10017873,4,4,4,3,4,3,4,4,4,5,4,4,,,,,,,,4,4,4,3,4,4,5,4,5,1.体系规范经验；2.及时处理响应速度快,了解业务特点属性和友商情况，进行业务对标。,无,2.5,41,9,,,,
10031943,仁卓智能科技,品保中心,,,,,执行层,协同方,10011679,4,4,3,3,4,2,5,4,3,5,5,3,,,,,,,,4,5,5,2,1,3,5,1,5,暂无,暂无,暂无,2.5,41,9,,,,
10031943,仁卓智能科技,品保中心,,,,,执行层,下级,10047364,4,3,4,3,4,4,4,4,4,4,4,4,3,4,4,4,4,3,5,4,4,5,4,4,3,5,3,4,对整个工作流程逐步进行优化,建议注重团队建设,暂无,2.5,41,9,,,,
10031943,仁卓智能科技,品保中心,,,,,执行层,下级,10032436,3,3,4,4,5,5,4,4,5,4,4,3,5,4,5,3,4,4,5,5,5,4,4,5,4,3,1,5,无,暂无,无,2.5,41,9,,,,
10031943,仁卓智能科技,品保中心,,,,,执行层,下级,10030667,5,5,4,4,5,3,4,4,5,5,4,4,3,4,5,5,3,4,4,4,4,5,4,4,4,4,2,5,"1.能够去了解学习新鲜事物并进行实践。
2.对事情有严谨性，能够客观上进行分析。",2.需要更加注重部门人员平衡。,暂无,2.5,41,9,,,,
10031943,仁卓智能科技,品保中心,,,,,执行层,下级,10030479,3,4,4,5,3,3,4,3,4,5,5,5,3,3,4,3,3,3,3,4,4,5,4,5,4,4,4,5,思维敏捷，工作过程严格遵守公司规章制度,无,无,2.5,41,9,,,,
10031943,仁卓智能科技,品保中心,,,,,执行层,下级,10017945,3,3,3,4,3,2,3,2,3,4,3,2,3,3,3,4,3,2,3,4,3,3,1,2,3,4,1,4,"1、面对问题，主动响应，不推诿；
2、善于思考和总结经验教训；
3、学习能力较强","1、团队凝聚力的建设方面需要加强；
2、团队人才补充及资源支持上需要补充；",无,2.5,41,9,,,,
10031943,仁卓智能科技,品保中心,,,,,执行层,下级,10015187,4,4,4,3,4,4,3,4,4,4,4,4,3,3,4,3,4,5,5,3,4,5,3,4,4,5,3,5,执行力强，大局观好,加深项目的了解程度，更加有效推进可部门协作。,无,2.5,41,9,,,,
10031943,仁卓智能科技,品保中心,,,,,执行层,上级,10025953,2,4,4,3,3,3,3,3,4,4,4,4,3,4,3,4,2,3,4,4,4,3,3,4,4,4,4,4,专业能力出色，经验丰富，希望能在团队管理上更加多的进行指导和授权，以结果为导向，培养二级部门负责人的能力与各团队业务骨干。,做事情更加直接一些，避免无效沟通，与下属沟通多指导，少谈心；向上级汇报工作不要总谈过程，要说结果，总而言之要加强沟通效率，更加一针见血。,要识别矛盾的核心焦点，尽早把隐患排除，轻装上阵，搭建二级部门负责人架构，做好授权，从而带好团队。,2.5,41,9,,,,
10031765,光储集团,营销体系,工程与技术服务中心,运维服务部,,,执行层,自己,10031765,4,5,4,5,4,5,5,5,4,5,4,4,4,5,4,4,4,3,4,4,4,5,3,5,4,5,5,5,"1. 善于倾听客户意见，尊重本地文化差异
2. 鼓励员工创新，提高工作效率
3. 主动发现问题，并制定长远规划",NA,NA,2.7,48,6,12/31/2025,营销,服务-服务技术,B+
10031765,光储集团,营销体系,工程与技术服务中心,运维服务部,,,执行层,协同方,10029699,5,4,4,4,4,4,5,4,3,4,4,4,,,,,,,,3,4,4,4,5,4,5,4,5,/,"系统化考虑备件安全库存策略
加强与区域的沟通",/,2.7,48,6,12/31/2025,营销,服务-服务技术,B+
10031765,光储集团,营销体系,工程与技术服务中心,运维服务部,,,执行层,协同方,10029287,3,3,3,3,3,3,3,3,3,3,3,3,,,,,,,,3,3,3,3,3,3,3,3,3,无意见,无意见,无意见,2.7,48,6,12/31/2025,营销,服务-服务技术,B+
10031765,光储集团,营销体系,工程与技术服务中心,运维服务部,,,执行层,协同方,10024939,4,5,4,4,3,4,5,4,4,4,4,4,,,,,,,,4,4,4,4,4,4,4,5,5,NA,NA,NA,2.7,48,6,12/31/2025,营销,服务-服务技术,B+
10031765,光储集团,营销体系,工程与技术服务中心,运维服务部,,,执行层,协同方,10020482,4,4,4,3,3,4,4,3,3,4,4,4,,,,,,,,3,3,4,4,5,5,4,5,5,专业经验丰富且愿意分享,暂无,暂无,2.7,48,6,12/31/2025,营销,服务-服务技术,B+
10031765,光储集团,营销体系,工程与技术服务中心,运维服务部,,,执行层,协同方,10019751,2,3,2,2,2,2,2,3,3,2,3,2,,,,,,,,2,2,5,2,3,2,2,3,3,工作认真、谦逊,需要更加贴近客户需求、更加了解各个区域的实际情况,无,2.7,48,6,12/31/2025,营销,服务-服务技术,B+
10031765,光储集团,营销体系,工程与技术服务中心,运维服务部,,,执行层,协同方,10019721,4,4,3,3,3,3,5,4,4,4,5,5,,,,,,,,4,4,5,4,5,5,5,5,5,实事求是，经验丰富,/,/,2.7,48,6,12/31/2025,营销,服务-服务技术,B+
10031765,光储集团,营销体系,工程与技术服务中心,运维服务部,,,执行层,协同方,10005767,3,4,4,2,3,3,3,4,4,4,3,3,,,,,,,,3,3,4,4,4,4,4,3,5,无,无,无,2.7,48,6,12/31/2025,营销,服务-服务技术,B+
10031765,光储集团,营销体系,工程与技术服务中心,运维服务部,,,执行层,协同方,10005690,3,2,2,2,3,3,3,3,2,2,3,2,,,,,,,,2,3,3,2,2,3,2,3,4,并没有很多业务沟通，更多的是他的下属执行层对接人员做交集；此调研的评价无法客观反应；,没有评价,没有评价,2.7,48,6,12/31/2025,营销,服务-服务技术,B+
10031765,光储集团,营销体系,工程与技术服务中心,运维服务部,,,执行层,下级,10046478,5,5,5,4,5,5,4,4,5,5,5,5,4,5,5,5,5,4,5,5,5,5,4,5,5,4,5,5,"1、出色的团队管理能力，能够有效调动团队的活力，激发团队的整体战斗力、提升技能水平，团队成员具备良好的主人翁意识，勇于担责并以结果为导向，部门上下始终有一种积极向上的氛围；
2、一贯秉承“同志们跟我冲”的作风，而不是“同志们给我冲”，率先垂范带头攻坚解决疑难问题，遇到困难时能够亲自上阵，从不强压或者甩锅，过程中能够及时的给员工纠偏，并指导员工如何正确、高效的完成任务；
3、优秀的自我学习能力，新业务、新场景、新变革出现的情况下，能够快速学习并应用到工作中，匹配行业发展趋势和公司政策及时调整部门整体的目标和策略，并分享新知识给团队成员。","1、多向高层沟通、汇报部门重点工作进展情况，让上级了解运维服务部工作推进计划、落实进度和风险求助。
2、多组织团队活动，提升团队凝聚力。",在与其他部门主管存在工作上意见分歧的时候，建议强势一点：）,2.7,48,6,12/31/2025,营销,服务-服务技术,B+
10031765,光储集团,营销体系,工程与技术服务中心,运维服务部,,,执行层,下级,10037040,,,,,,,,,,,,,,,,,,,,,,,,,,,,,,,,2.7,48,6,12/31/2025,营销,服务-服务技术,B+
10031765,光储集团,营销体系,工程与技术服务中心,运维服务部,,,执行层,下级,10036304,5,5,5,5,5,5,4,4,3,4,4,5,4,4,4,5,5,5,5,5,4,4,4,5,5,5,5,4,"十分擅长维护客户关系以及兄弟部门横向关系；
处理紧急突发事故稳中有进，不慌不乱，迅速理清脉络找到突破口；
",对于项目管理中的部分细节也可定期抽时间进行梳理；,暂无,2.7,48,6,12/31/2025,营销,服务-服务技术,B+
10031765,光储集团,营销体系,工程与技术服务中心,运维服务部,,,执行层,下级,10036044,4,4,4,3,4,3,4,4,4,4,4,4,5,5,3,3,3,4,2,3,4,4,4,4,4,4,5,5,不搞权力斗争，不任人唯亲，不默认、纵容下属的任何迎合和奉承行为,建议增加与下属的沟通，及时反馈，对工作提供指导,暂无,2.7,48,6,12/31/2025,营销,服务-服务技术,B+
10031765,光储集团,营销体系,工程与技术服务中心,运维服务部,,,执行层,下级,10028077,,,,,,,,,,,,,,,,,,,,,,,,,,,,,,,,2.7,48,6,12/31/2025,营销,服务-服务技术,B+
10031765,光储集团,营销体系,工程与技术服务中心,运维服务部,,,执行层,下级,10025818,5,4,5,4,5,5,5,5,5,4,4,4,5,5,3,3,4,4,5,5,5,5,5,4,4,4,5,5,有大局观，有一整套的管理方式，善于倾听金额理解下方人员，工作态度和付出值得学习,就本部门全球联络中心来说，目前仅2人，处于上线兼运维阶段，希望可以给我们后续工作做进一步指导，或者是否要再招一名主管/经历来加强管理和指导,暂无,2.7,48,6,12/31/2025,营销,服务-服务技术,B+
10031765,光储集团,营销体系,工程与技术服务中心,运维服务部,,,执行层,下级,10009374,5,5,5,5,5,5,5,4,5,5,5,5,4,5,5,5,5,5,5,5,5,5,5,5,5,4,5,5,"1、同时兼顾运维履约总部及英国事务，以身作则，客户需求为先
2、给予下属成长空间及辅导","1、AI数字化工具使用
2、整合系统信息壁垒",暂无,2.7,48,6,12/31/2025,营销,服务-服务技术,B+
10031765,光储集团,营销体系,工程与技术服务中心,运维服务部,,,执行层,下级,10001510,5,5,4,5,4,5,5,5,4,5,5,5,4,5,5,4,5,5,5,5,5,4,4,5,4,5,4,5,"1、关注业务本身
2、沟通交流中深度倾听
3、有效衔接和处理上下级关系","1、部门文化方面可适当增加关注
2、增加部门内部业务交流",无,2.7,48,6,12/31/2025,营销,服务-服务技术,B+
10031765,光储集团,营销体系,工程与技术服务中心,运维服务部,,,执行层,上级,10043470,4,4,4,4,4,4,5,4,4,5,5,5,4,5,4,3,3,4,4,4,4,5,5,4,5,5,5,5,对于一线的业务非常了解，特别是项目运维的整体流程较清晰,在跨部门协同以及业务方面更加积极主动，碰到困难要信心坚定并且有很强的破局能力。,"在面对一些困难业务时候需要狼性更足，并且推动力更足
LTSA履约需要尽快输出独特价值驱动客户差异化的溢价能力",2.7,48,6,12/31/2025,营销,服务-服务技术,B+
10031684,光储集团,营销体系,欧洲大区,以色列,,,执行层,自己,10031684,,,,,,,,,,,,,,,,,,,,,,,,,,,,,,,,2.5,41,9,1/12/2026,营销,商务销售,B+
10031684,光储集团,营销体系,欧洲大区,以色列,,,执行层,协同方,10043707,4,4,4,4,4,4,4,4,4,4,4,4,,,,,,,,4,4,4,4,4,4,4,4,4,Na,Na,Na,2.5,41,9,1/12/2026,营销,商务销售,B+
10031684,光储集团,营销体系,欧洲大区,以色列,,,执行层,协同方,10040535,,,,,,,,,,,,,,,,,,,,,,,,,,,,,,,,2.5,41,9,1/12/2026,营销,商务销售,B+
10031684,光储集团,营销体系,欧洲大区,以色列,,,执行层,协同方,10033767,4,4,4,4,4,4,4,4,4,4,4,4,,,,,,,,4,4,4,4,4,4,4,4,4,No direct interaction,No direct interaction,No comment,2.5,41,9,1/12/2026,营销,商务销售,B+
10031684,光储集团,营销体系,欧洲大区,以色列,,,执行层,协同方,10029417,5,5,4,5,4,4,5,5,5,5,5,5,,,,,,,,4,5,4,5,5,5,4,4,5,"Tal is very strong in creating stability and direction during challenging periods. Even when there are multiple pressures coming from different sides, he usually stays calm, focused, and very connected to the business priorities. That gives confidence to both managers and employees.

Another area where Tal stands out is accessibility and involvement. Employees and managers feel comfortable approaching him, and he is highly involved in what is happening in the organization without creating unnecessary hierarchy. He knows how to combine business expectations with understanding the people behind them.

In addition, Tal has a strong ability to push things forward and make decisions. He does not avoid difficult conversations or complicated organizational situations, and he is usually willing to take responsibility and move things ahead instead of waiting for others to solve them.",I believe Tal can continue strengthening the development of future leaders within the organization by further encouraging employees and managers to take on broader responsibilities and growth opportunities.,"One of Tal’s strengths is that people feel his commitment to the organization and to the business personally, and I think continuing to build strong managers around him will make that impact even stronger.",2.5,41,9,1/12/2026,营销,商务销售,B+
10031684,光储集团,营销体系,欧洲大区,以色列,,,执行层,协同方,10024939,4,4,5,4,4,5,5,4,3,4,5,4,,,,,,,,4,3,4,4,4,4,4,4,4,NA,NA,NA,2.5,41,9,1/12/2026,营销,商务销售,B+
10031684,光储集团,营销体系,欧洲大区,以色列,,,执行层,协同方,10017380,4,4,4,3,4,4,3,4,4,4,4,5,,,,,,,,5,5,5,5,4,4,5,4,4,Rich work experience,Open communication,No comment,2.5,41,9,1/12/2026,营销,商务销售,B+
10031684,光储集团,营销体系,欧洲大区,以色列,,,执行层,协同方,10017371,5,4,5,4,4,4,5,5,5,5,4,4,,,,,,,,4,5,5,5,5,4,5,5,5,/,/,/,2.5,41,9,1/12/2026,营销,商务销售,B+
10031684,光储集团,营销体系,欧洲大区,以色列,,,执行层,协同方,10015954,2,2,4,3,2,3,4,4,4,3,4,4,,,,,,,,4,3,3,3,4,4,4,4,3,Has team leadership,Increase cross-department collaboration,Strengthen cross-country communication,2.5,41,9,1/12/2026,营销,商务销售,B+
10031684,光储集团,营销体系,欧洲大区,以色列,,,执行层,协同方,10015667,4,3,4,4,4,4,4,4,4,4,4,5,,,,,,,,4,3,4,4,3,4,5,3,5,I dont know him well,i dont know him well,N/A,2.5,41,9,1/12/2026,营销,商务销售,B+
10004028,光储集团,储能事业部,产品经营中心,电力储能产品部,国内产品部,,执行层,上级,10009176,4,5,4,3,4,5,3,3,5,5,5,5,3,3,5,5,5,4,4,5,4,5,5,5,5,5,5,5,管理能力，执行力强，善于共情，有一定的交际能力。,国际化视野，更大的成就动力。,暂无,11.3,34,9,,产品与研发,产品,A
10004028,光储集团,储能事业部,产品经营中心,电力储能产品部,国内产品部,,执行层,下级,10005646,5,5,5,5,4,5,5,5,5,5,5,5,5,5,4,4,5,5,5,5,5,5,5,5,5,5,5,5,工作严谨；乐于组人，给下属员工提供工作指导；以身作则。,组织团队文化建设工作,暂无,11.3,34,9,,产品与研发,产品,A
10004028,光储集团,储能事业部,产品经营中心,电力储能产品部,国内产品部,,执行层,下级,10020674,5,5,5,5,5,4,5,5,5,5,5,5,5,5,4,5,4,5,5,4,5,4,5,4,5,4,5,5,"1、责任心和闭环意识
2、主动担当的精神和行为
3、大局观",1、要适当控制工作范围边界，聚焦部门内部业务，懂得聚焦不相干的需求,增加全球视野能力,11.3,34,9,,产品与研发,产品,A
10004028,光储集团,储能事业部,产品经营中心,电力储能产品部,国内产品部,,执行层,下级,10028599,5,5,5,5,5,4,4,5,4,4,4,4,5,5,4,5,4,5,5,4,4,4,5,4,4,4,4,5,"1、根据不同人特点，发挥他人最大优势
2、向上管理能力",无,无,11.3,34,9,,产品与研发,产品,A
10004028,光储集团,储能事业部,产品经营中心,电力储能产品部,国内产品部,,执行层,下级,10033377,5,5,5,4,5,5,4,5,5,5,5,5,5,4,5,5,5,4,5,4,5,5,5,5,4,5,5,5,"1、关心团队氛围，并会给团队不断成长的机会
2、以身作则，直面项目推进中遇到的问题
3、践行公司文化，具备合作共赢意识，成就客户","1、开拓国际化视野，参加国际化论坛和英语技能提升
2、参与重大事项立项，提升部门影响力",带领部门成员共同成长，勇攀高峰,11.3,34,9,,产品与研发,产品,A
10004028,光储集团,储能事业部,产品经营中心,电力储能产品部,国内产品部,,执行层,下级,10034655,4,4,4,4,4,5,4,4,4,4,4,5,4,5,4,5,5,5,5,4,4,5,4,5,5,4,4,5,1、具有较强市场洞察及业务能力；2、较好的管理水平；3、思路清晰、格局开阔，工作中统筹有方，总能精准把控方向。,1、继续深耕夯实管理能力，进一步提高管理水平；2、希望后续能多开展团队沟通交流，增加业务经验分享，帮助大家更快提升综合能力。,无,11.3,34,9,,产品与研发,产品,A
10004028,光储集团,储能事业部,产品经营中心,电力储能产品部,国内产品部,,执行层,协同方,10000828,,,,,,,,,,,,,,,,,,,,,,,,,,,,,,,,11.3,34,9,,产品与研发,产品,A
10004028,光储集团,储能事业部,产品经营中心,电力储能产品部,国内产品部,,执行层,协同方,10000924,,,,,,,,,,,,,,,,,,,,,,,,,,,,,,,,11.3,34,9,,产品与研发,产品,A
10004028,光储集团,储能事业部,产品经营中心,电力储能产品部,国内产品部,,执行层,协同方,10003244,5,4,5,4,4,5,4,4,5,5,5,5,,,,,,,,4,4,5,4,4,4,5,4,4,知人善用，能够深度挖掘团队人员的优劣势，用在合适的岗位工作中,业务决策方面可以更加果断点。,无,11.3,34,9,,产品与研发,产品,A
10004028,光储集团,储能事业部,产品经营中心,电力储能产品部,国内产品部,,执行层,协同方,10003745,3,3,4,4,4,4,4,5,4,5,4,5,,,,,,,,4,5,4,4,4,4,4,5,5,个人专业能力,团队成员的能力建设方面,无,11.3,34,9,,产品与研发,产品,A
10004028,光储集团,储能事业部,产品经营中心,电力储能产品部,国内产品部,,执行层,协同方,10007764,4,5,5,5,5,5,4,5,4,5,5,5,,,,,,,,5,5,4,4,5,5,4,5,5,"1、乐于分享知识与经验，定期整理工作心得、工具技巧或行业信息，在团队内部分享，帮助大家共同提升。这种“授人以渔”的行为能带动整体成长；
2、主动补位与协作，在跨部门或小组协作中，发现衔接环节出现空白或同事遇到困难时，主动询问并协助对接，确保流程不断链。",无,无,11.3,34,9,,产品与研发,产品,A
10004028,光储集团,储能事业部,产品经营中心,电力储能产品部,国内产品部,,执行层,协同方,10022840,5,5,5,5,4,4,4,4,5,5,4,5,,,,,,,,5,4,4,4,5,5,5,5,5,"责任心强，主动担当，遇到难点任务不推诿、不回避
专业功底扎实，熟悉业务流程和行业情况
待人处事公道谦和，团队凝聚力强","处事有时偏稳重保守，敢闯敢试、突破常规的魄力有待提升
创新意识偏弱，习惯于按老经验办事",在坚持原则基础上，进一步提升处事灵活性，增强敢担当、敢突破的工作魄力,11.3,34,9,,产品与研发,产品,A
10004028,光储集团,储能事业部,产品经营中心,电力储能产品部,国内产品部,,执行层,协同方,10011959,4,3,4,3,3,3,4,3,4,4,5,5,,,,,,,,4,4,5,3,5,4,4,5,5,为人坦诚、言出必行，建立与同事间的信赖和信任感。,深入洞察竞品及场景，精准提升产品竞争力。,无,11.3,34,9,,产品与研发,产品,A
10004028,光储集团,储能事业部,产品经营中心,电力储能产品部,国内产品部,,执行层,协同方,10019447,3,5,4,3,3,3,4,4,4,4,5,4,,,,,,,,5,3,5,3,5,4,5,5,5,做事踏实，认真，务实,增强洞察力,无,11.3,34,9,,产品与研发,产品,A
10004028,光储集团,储能事业部,产品经营中心,电力储能产品部,国内产品部,,执行层,协同方,10013049,5,4,4,4,4,5,4,3,3,4,5,5,,,,,,,,4,4,4,4,4,4,4,4,4,市场需求识别准确，有自己的方法论,暂无,暂无,11.3,34,9,,产品与研发,产品,A
10004028,光储集团,储能事业部,产品经营中心,电力储能产品部,国内产品部,,执行层,协同方,10013696,4,4,5,4,4,4,4,5,5,5,4,5,,,,,,,,4,4,5,4,4,5,5,5,5,积极主动,更加关注区域业务的宏观情况，更多的参与战略制定,无,11.3,34,9,,产品与研发,产品,A
10004028,光储集团,储能事业部,产品经营中心,电力储能产品部,国内产品部,,执行层,协同方,10017791,4,4,5,4,4,5,5,5,4,5,4,4,,,,,,,,4,4,4,5,4,4,5,5,5,亲和力、沟通,创新与领导力,\,11.3,34,9,,产品与研发,产品,A
10004028,光储集团,储能事业部,产品经营中心,电力储能产品部,国内产品部,,执行层,协同方,10015878,5,5,5,4,5,5,5,5,5,5,4,5,,,,,,,,4,5,4,5,4,4,4,5,5,团队管理到位，能够得到下属一致认同，善于成就个人，善于创新，善于分解任务，,国际化视野稍有不足，仅局限于一个区域，工作中举一反三能需要加强，需要开发第二曲线；,提升国际化视野，勇于赋能到外围区域；,11.3,34,9,,产品与研发,产品,A
10004028,光储集团,储能事业部,产品经营中心,电力储能产品部,国内产品部,,执行层,协同方,10016721,3,4,3,4,4,5,4,4,3,5,5,4,,,,,,,,4,4,5,5,4,4,5,5,5,下属培养；客户对接,战略眼光；外部影响力,无,11.3,34,9,,产品与研发,产品,A
10004028,光储集团,储能事业部,产品经营中心,电力储能产品部,国内产品部,,执行层,协同方,10018912,3,4,2,2,2,4,2,2,3,4,4,2,,,,,,,,2,3,5,5,5,5,5,4,5,无,注意主动思考与识别解决问题的路径,注意主动思考与识别解决问题的路径,11.3,34,9,,产品与研发,产品,A
10004028,光储集团,储能事业部,产品经营中心,电力储能产品部,国内产品部,,执行层,协同方,10021389,3,3,4,3,3,5,4,4,3,5,4,5,,,,,,,,4,4,3,3,4,4,5,4,5,业务能力突出，勇于担当去推进突发问题闭环,暂无,暂无,11.3,34,9,,产品与研发,产品,A
10004028,光储集团,储能事业部,产品经营中心,电力储能产品部,国内产品部,,执行层,协同方,10022546,3,4,4,4,4,3,4,4,4,4,4,4,,,,,,,,4,4,4,4,5,5,5,5,5,有耐心,决策力,暂无,11.3,34,9,,产品与研发,产品,A
10004028,光储集团,储能事业部,产品经营中心,电力储能产品部,国内产品部,,执行层,协同方,10023794,,,,,,,,,,,,,,,,,,,,,,,,,,,,,,,,11.3,34,9,,产品与研发,产品,A
10004028,光储集团,储能事业部,产品经营中心,电力储能产品部,国内产品部,,执行层,自己,10004028,5,5,4,4,5,4,4,5,5,5,5,5,4,4,4,5,5,5,5,4,4,5,5,5,5,4,5,5,"潘冬生，做事认真负责，积极主动推
王海粟，市场调研经验丰富，公司内外部积累了相当的资源和人脉，有利于业务的开展。","郝天赐 工作积极主动性不足，建议沟通规划其职业发展，落实到具体可事实的举措；
李全振，在组织和协调方面能力不足，建议帮助其创造相应的组织和汇报机会，按月度写总结复盘。",目标结果导向，深联内功，选择一个方向做到极致，通过提升个人的影响力，进而提升整个团队的竞争力。,11.3,34,9,,产品与研发,产品,A
10031684,光储集团,营销体系,欧洲大区,以色列,,,执行层,协同方,10014933,4,4,4,4,3,3,4,4,4,4,4,4,,,,,,,,4,4,4,4,4,4,3,4,3,Good at cross-department collaboration; open-minded,Improve business management capabilities and take responsibility for the profitability of the local business,Improve business management capability and take responsibility for the profitability of the local business,2.5,41,9,1/12/2026,营销,商务销售,B+
10031684,光储集团,营销体系,欧洲大区,以色列,,,执行层,协同方,10013582,4,3,4,4,3,3,3,3,4,4,4,4,,,,,,,,4,3,3,4,4,4,3,4,3,Tal takes good care of his employees and always fight for the best interest for them. ,No comments,No comments,2.5,41,9,1/12/2026,营销,商务销售,B+
10031684,光储集团,营销体系,欧洲大区,以色列,,,执行层,协同方,10009767,3,4,4,4,4,3,4,4,4,3,5,3,,,,,,,,3,3,3,5,5,3,4,5,4,No comment,No comment,No comment,2.5,41,9,1/12/2026,营销,商务销售,B+
10031684,光储集团,营销体系,欧洲大区,以色列,,,执行层,协同方,10009470,4,4,4,4,4,4,4,4,4,4,4,5,,,,,,,,4,4,5,5,5,4,5,5,5,"Good business in storage, difficult situation and brought the team to follow him",Come closer with the continent visit Europe and try to do more meetings with Israel customers in Europe continent,Come more closely to Europe continent,2.5,41,9,1/12/2026,营销,商务销售,B+
10031684,光储集团,营销体系,欧洲大区,以色列,,,执行层,协同方,10009084,4,5,4,5,5,3,3,3,5,4,5,4,,,,,,,,5,5,5,4,4,4,4,4,5,strong team-leader,-,-,2.5,41,9,1/12/2026,营销,商务销售,B+
10031684,光储集团,营销体系,欧洲大区,以色列,,,执行层,协同方,10007913,3,3,4,4,4,3,3,3,4,4,4,5,,,,,,,,4,3,5,4,5,4,5,4,5,Customer mindset,Internal collaboration,No comment,2.5,41,9,1/12/2026,营销,商务销售,B+
10031684,光储集团,营销体系,欧洲大区,以色列,,,执行层,协同方,10007708,5,5,5,4,4,4,4,4,4,4,4,4,,,,,,,,5,4,4,5,5,4,4,5,4,Enthusiastic and proactive at work,"Localization certification in Israel has long been a major challenge. We still need to strengthen our influence with local institutions, reduce the burden of corrective actions, and build a stronger local moat",No comment,2.5,41,9,1/12/2026,营销,商务销售,B+
10031684,光储集团,营销体系,欧洲大区,以色列,,,执行层,下级,10046137,5,5,5,5,5,5,4,5,5,5,5,5,4,4,5,5,5,5,5,5,4,5,5,4,5,4,5,5,"1. Great teamwork, keeping everyone on the same page, and setting up the right forums
Tal is a great example of a leader who works at eye level with his team. He genuinely believes that a leader is only as good as the team around them. He puts this into practice by running regular, collaborative team meetings where he gets quick updates, catches any issues, and bridges the gaps. Its a fantastic example of how to keep a whole team synchronized and moving forward at a fast pace.

2. Jumping straight into action and making fast decisions while balancing the big picture
Tal has a unique ability to move fast and make quick decisions without losing his grip on the big picture. When he makes a call, he doesnt do it in a vacuum. He always finds a great balance between three key things: the companys business goals, the teams well-being, and the actual experience of the end customer.","1. Mentoring the team to think outside the box and drive their own innovation

Feedback: Tals ability to listen, hold space for complexity, and pull creative, outside-the-box strategic solutions out of his hat is amazing. The only catch is that because his solutions are so good, the team can sometimes develop a bit of a dependency on him waiting for Tal to ""bring the magic idea"" instead of pushing themselves to crack the hard problems on their own.

Suggestion: During team meetings, when a complex issue comes up, Id suggest Tal holds back his own creative solution for a bit and challenges the team to brainstorm first. Guiding them through his strategic thought process will train his managers to start thinking outside the box just like he does.

2. Turning unique, creative solutions into permanent company playbooks

Feedback: Tal is incredible at creating highly customized, balanced solutions that perfectly fit the business, the team, and the customer in that specific moment. However, because these solutions are so creative and tailored to the situation, the company sometimes misses out on turning those genius ideas into permanent, repeatable frameworks that everyone can use.

Suggestion: I recommend Tal uses his team syncs to do a quick ""positive post-mortem"" on successful outside-the-box solutions. The goal is to see how a one-time brilliant fix can be turned into a standard process, which will make things much easier for the whole organization in the long run.","Tal is an exceptional leader who commands deep respect across the organization. His rare combination of genuine listening, inclusive problem-solving, and brilliant, outside-the-box strategic thinking is a massive asset. He doesn't just manage; he actively builds a tight-knit culture through regular team syncs where everyone feels heard and gaps are closed together. As he continues to grow, shifting his focus slightly toward mentoring his team to adopt his creative mindset and turning his unique solutions into permanent company frameworks will scale his impact even further. He has a remarkable ability to find the perfect balance between the business, the team, and the customer, and the more he can institutionalize that wisdom, the stronger the entire organization will become",2.5,41,9,1/12/2026,营销,商务销售,B+
10031684,光储集团,营销体系,欧洲大区,以色列,,,执行层,下级,10042820,,,,,,,,,,,,,,,,,,,,,,,,,,,,,,,,2.5,41,9,1/12/2026,营销,商务销售,B+
10031684,光储集团,营销体系,欧洲大区,以色列,,,执行层,下级,10038399,5,5,5,5,5,5,4,4,5,4,4,4,4,4,5,5,5,5,5,5,5,5,5,5,5,4,5,5,"I think Tal is extremely respectful to everybody, regardless of position. He works hard and maintains professional relationships with clients and employees alike. In return, he is respected by all. When Tal gives you his word, you know he is trustworthy. Knows how to prioritize and push when needed","More frequent 1:1. But Tal is very busy, so it is natural meetings get cancelled",Keep up the good work:),2.5,41,9,1/12/2026,营销,商务销售,B+
10031684,光储集团,营销体系,欧洲大区,以色列,,,执行层,下级,10035491,5,5,5,4,4,5,5,5,4,5,5,5,3,3,4,5,4,5,5,4,4,5,5,5,4,3,4,5,Fostering personal mentorship to employees and having transparent conversation about company plans and goals,Push for more cross-departmental collaboration between pre-sales and post-sales. Create clearer D.O.R to avoid friction between project stakeholders,Good work!,2.5,41,9,1/12/2026,营销,商务销售,B+
10031684,光储集团,营销体系,欧洲大区,以色列,,,执行层,下级,10033107,5,5,5,5,5,5,5,4,4,5,5,4,4,5,4,4,5,4,5,5,5,4,5,5,5,4,5,5,"• Ensures clear communication of what is happening in the business and the company, and makes sure everyone is aligned and committed to the company’s success.
• Tal is a highly ethical person who leads by example and ensures that everyone acts with responsibility and a strong commitment to doing things in the best possible way.
• Knows how to drive people and processes forward in a smart and effective way, while maintaining strong collaboration and open communication across teams.",To achieve better pricing for the Israeli market in order to remain competitive.,"Continue strengthening alignment between global decisions and local market needs, especially in highly competitive regions like Israel",2.5,41,9,1/12/2026,营销,商务销售,B+
10031684,光储集团,营销体系,欧洲大区,以色列,,,执行层,下级,10030364,5,5,5,5,4,4,5,5,5,5,4,5,4,5,4,4,4,5,4,4,4,5,4,4,5,4,5,5,"Shows structured and consistent execution of tasks, with the ability to translate plans into practical actions.
Maintains a positive working attitude and is responsive to internal and external customer needs.
Open to feedback and continuously works to improve efficiency and work processes.
וחו",-,No,2.5,41,9,1/12/2026,营销,商务销售,B+
10031684,光储集团,营销体系,欧洲大区,以色列,,,执行层,下级,10027785,5,5,5,4,5,5,5,5,5,4,5,5,4,4,4,5,5,5,4,5,4,5,5,4,5,4,5,5,"Balancing customer needs and SG needs reaching mutual satisfaction.
Empowering SG employees
Promoting a fruitful atmosphere and a go-getting approach within the company.","Tends to take on too much ownership
High attention to detail can slow pace
Sets very high standards for self and others",No.,2.5,41,9,1/12/2026,营销,商务销售,B+
10031684,光储集团,营销体系,欧洲大区,以色列,,,执行层,下级,10027551,5,5,4,5,4,5,5,4,5,5,4,4,4,5,5,4,5,5,4,5,4,5,4,5,5,5,5,5,"Created clear strategy unifying the team and creating a healthy high-trust working environment.
Perfect amount of oversight - from one hand allowing significant and well-felt freedom for leaders to act, on the other hand good control of the overall process and fault points to propel the organization forward.","Continue building team leaders to take over more tasks and move to managing from a higher level.
Continue learning company structure and providing your direct reports with useful contacts in HQ and EU.","Is an extremely well balanced natural born leader, that should be given more opportunities to establish his style in Sungrow.",2.5,41,9,1/12/2026,营销,商务销售,B+
10031684,光储集团,营销体系,欧洲大区,以色列,,,执行层,下级,10026610,,,,,,,,,,,,,,,,,,,,,,,,,,,,,,,,2.5,41,9,1/12/2026,营销,商务销售,B+
10031684,光储集团,营销体系,欧洲大区,以色列,,,执行层,下级,10022485,,,,,,,,,,,,,,,,,,,,,,,,,,,,,,,,2.5,41,9,1/12/2026,营销,商务销售,B+
10031684,光储集团,营销体系,欧洲大区,以色列,,,执行层,上级,10000751,5,5,5,5,5,4,5,3,4,5,5,5,3,3,4,5,4,4,4,5,5,4,5,5,5,5,5,5,Strong sense of the big picture,Efficiency and effectiveness management capability oriented toward financial results,No comment,2.5,41,9,1/12/2026,营销,商务销售,B+
10031645,光储集团,营销体系,欧洲大区,南欧、英国、爱尔兰,法国,,执行层,自己,10031645,4,4,3,4,4,5,4,4,5,4,4,4,3,2,4,4,3,4,4,5,5,4,3,4,4,4,5,4,Customer focus and compan top and bottom lines,Digital transformation including AI as well as presentations,NA,2.5,53,3,,营销,商务销售,B+
10031645,光储集团,营销体系,欧洲大区,南欧、英国、爱尔兰,法国,,执行层,协同方,10031353,4,4,5,5,4,5,5,5,4,5,5,5,,,,,,,,4,4,5,5,5,5,4,5,5,"Strong partnership with HR to ensure business needs are effectively translated into people strategies and actions ; Strong participation in company initiatives such as CSR activities and cultural events, reinforcing leadership presence and connection with employees.",Protecting time for strategic thinking ; Bridging global company culture with local practices ; Building strong business cases for local decisions,Continue strengthening collaboration with functional leaders to improve business outcomes and employee performance,2.5,53,3,,营销,商务销售,B+
10031645,光储集团,营销体系,欧洲大区,南欧、英国、爱尔兰,法国,,执行层,协同方,10029806,4,5,5,4,4,5,5,5,4,5,5,5,,,,,,,,5,4,5,4,5,5,5,5,4,"He demonstrates strong people leadership and team commitment. He is highly attentive to the needs of the team, always available to support others, and creates an environment where employees feel heard and supported. His openness to listening and contrasting different opinions encourages constructive dialogue and better decision-making.
He excels at reinforcing matrix management and ensuring strong alignment with functional leadership. He consistently promotes collaboration across teams and stakeholders, helping maintain clarity, alignment, and shared objectives within complex organizational structures.
Another point of his exceptional performance is regarding his ability to remain neutral and solution-oriented, even in challenging situations or team conflicts. Despite different perspectives or tensions among employees, he maintains a balanced and professional approach, focusing discussions on solutions and positive outcomes rather than personal positions.","While his high availability and strong involvement with the team are highly appreciated, there may be opportunities to delegate more responsibilities and empower team members further in decision-making. Encouraging greater ownership within the team could help strengthen autonomy and scalability while also allowing him to focus on more strategic priorities.
His neutral and solution-oriented approach is a key strength, especially during conflicts. However, in some situations, providing more direct feedback or taking a firmer stance when necessary could help accelerate resolution and clarify expectations for the team.",One additional suggestion would be to continue paying attention to his work-life balance and personal wellbeing. His high level of availability and commitment to support the team (even during time off) is highly valued and demonstrates his strong dedication.  Maintaining this balance will help him to continue being an effective and supportive leader on a long-term basis.,2.5,53,3,,营销,商务销售,B+
10031645,光储集团,营销体系,欧洲大区,南欧、英国、爱尔兰,法国,,执行层,协同方,10021433,,,,,,,,,,,,,,,,,,,,,,,,,,,,,,,,2.5,53,3,,营销,商务销售,B+
10031645,光储集团,营销体系,欧洲大区,南欧、英国、爱尔兰,法国,,执行层,协同方,10020033,3,3,3,3,3,4,3,3,3,3,3,3,,,,,,,,3,3,3,3,3,3,3,3,3,A gentlemanly demeanour enhances the company’s image,None,None,2.5,53,3,,营销,商务销售,B+
10031645,光储集团,营销体系,欧洲大区,南欧、英国、爱尔兰,法国,,执行层,协同方,10017371,5,4,5,4,4,4,5,5,5,5,4,4,,,,,,,,4,5,5,5,5,4,5,5,5,/,/,/,2.5,53,3,,营销,商务销售,B+
10031645,光储集团,营销体系,欧洲大区,南欧、英国、爱尔兰,法国,,执行层,协同方,10015954,1,1,1,1,1,2,2,2,2,2,3,2,,,,,,,,3,1,3,3,4,3,3,3,3,Approachable,Improve risk awareness,Improve the business capability of the country team,2.5,53,3,,营销,商务销售,B+
10031645,光储集团,营销体系,欧洲大区,南欧、英国、爱尔兰,法国,,执行层,协同方,10013582,3,3,3,3,3,3,3,3,3,3,3,3,,,,,,,,3,3,3,3,4,4,3,3,3,No comments,No comments,No comments,2.5,53,3,,营销,商务销售,B+
10031645,光储集团,营销体系,欧洲大区,南欧、英国、爱尔兰,法国,,执行层,协同方,10009767,3,4,4,3,4,3,4,4,3,4,5,3,,,,,,,,3,3,3,5,3,3,4,5,4,No comment,No comment,No comment,2.5,53,3,,营销,商务销售,B+
10031645,光储集团,营销体系,欧洲大区,南欧、英国、爱尔兰,法国,,执行层,协同方,10007913,3,4,3,3,3,4,3,4,4,4,4,3,,,,,,,,4,3,5,4,5,4,5,4,5,Customer mindset,Internal collaboration,No comment,2.5,53,3,,营销,商务销售,B+
10031645,光储集团,营销体系,欧洲大区,南欧、英国、爱尔兰,法国,,执行层,协同方,10007708,5,5,5,4,4,4,5,5,5,4,4,5,,,,,,,,4,4,4,5,5,4,4,5,4,Enthusiastic and proactive at work,We still need to achieve breakthroughs in PV-storage integration scenarios in France as soon as possible,No comment,2.5,53,3,,营销,商务销售,B+
10031645,光储集团,营销体系,欧洲大区,南欧、英国、爱尔兰,法国,,执行层,下级,10023520,4,4,4,4,4,4,5,5,3,4,4,4,3,3,4,4,3,4,4,4,4,4,4,4,4,4,4,4,He is a supportive manager who listens and can be relied on,x,x,2.5,53,3,,营销,商务销售,B+
10031645,光储集团,营销体系,欧洲大区,南欧、英国、爱尔兰,法国,,执行层,下级,10023434,1,2,2,1,1,1,1,1,1,3,2,1,1,2,2,2,3,1,3,2,1,1,1,3,2,3,1,1,Their willingness to respond to requests is fine. ,"Introduce discipline and rigour into everyone’s work, establish a clear framework between departments to avoid duplication, speed up and strengthen services that are falling behind, such as after-sales service, understand the impact of after-sales service on sales, and do not delay in finding short-term solutions",Strengthen team cohesion and streamline internal communication to ensure ongoing support,2.5,53,3,,营销,商务销售,B+
10031645,光储集团,营销体系,欧洲大区,南欧、英国、爱尔兰,法国,,执行层,下级,10017052,5,3,5,3,3,3,3,3,2,4,4,4,2,2,2,2,2,2,2,3,4,3,4,4,3,4,5,4,local administration,improve leadership et local scale bringing all departments together,no,2.5,53,3,,营销,商务销售,B+
10031645,光储集团,营销体系,欧洲大区,南欧、英国、爱尔兰,法国,,执行层,下级,10016143,2,2,2,2,1,2,3,2,3,2,2,1,1,1,2,2,1,2,2,1,2,2,2,1,1,3,1,4,Very calm and very diplomatic.,Visit customers at a certain level. Engage more in the business to better support the KAM,Improve the focus on customers and their needs and raise information. Listened people.,2.5,53,3,,营销,商务销售,B+
10031645,光储集团,营销体系,欧洲大区,南欧、英国、爱尔兰,法国,,执行层,上级,10009470,3,4,3,3,4,4,5,5,3,4,4,4,3,4,4,5,4,5,5,4,5,4,4,4,4,4,4,4,"Good in key account management, Bringing new ideas in difficult times","More agressive in sales, improving of utility market","Continue like this, motivate the team and bring the team together, push in PV",2.5,53,3,,营销,商务销售,B+
10030258,仁卓智能科技,产品技术中心,跟踪技术部,,,,执行层,自己,10030258,5,5,5,5,5,5,3,4,3,5,5,5,3,5,5,5,4,4,4,4,4,5,3,5,5,5,5,5,"深刻贯彻落实公司战略指标任务
健康团队管理和发展","跨部门领域协调和影响力需要加强
公司组织文化需要发展",无,2.8,35,3,,,,
10030258,仁卓智能科技,产品技术中心,跟踪技术部,,,,执行层,协同方,10045560,2,2,3,2,2,2,3,2,2,3,2,3,,,,,,,,2,2,2,3,3,2,3,4,4,技术专业，客户思维强,无无,无,2.8,35,3,,,,
10030258,仁卓智能科技,产品技术中心,跟踪技术部,,,,执行层,协同方,10042906,4,4,4,4,3,3,3,3,3,4,3,3,,,,,,,,3,3,4,4,4,4,3,3,3,优化产品结构,产品结构优化,暂无,2.8,35,3,,,,
10030258,仁卓智能科技,产品技术中心,跟踪技术部,,,,执行层,协同方,10031943,4,3,4,4,4,3,5,3,3,3,2,2,,,,,,,,2,3,4,3,4,4,5,4,5,1、业务专业能力较强；2、具备较强的国家化视野。,需要提升担当意识，能够积极面对问题；,无,2.8,35,3,,,,
10030258,仁卓智能科技,产品技术中心,跟踪技术部,,,,执行层,协同方,10030208,2,2,3,3,2,3,3,2,3,3,4,3,,,,,,,,2,4,3,2,2,2,4,2,5,技术角度思路开阔,主动对接营销,要做营销和技术结合的复合型人才,2.8,35,3,,,,
10030258,仁卓智能科技,产品技术中心,跟踪技术部,,,,执行层,协同方,10029063,4,3,4,3,3,4,5,4,4,4,4,3,,,,,,,,3,4,4,3,3,3,3,3,4,态度良好,无,无,2.8,35,3,,,,
10030258,仁卓智能科技,产品技术中心,跟踪技术部,,,,执行层,协同方,10025554,5,5,4,4,5,5,5,4,5,5,5,4,,,,,,,,4,4,5,5,5,4,5,5,5,"1.专业性强
2.团队协作能力强",1.产品方案成本控制技术这块的研究,跟销售之间信息的交流等,2.8,35,3,,,,
10030258,仁卓智能科技,产品技术中心,跟踪技术部,,,,执行层,协同方,10023138,5,5,3,3,3,2,4,4,3,4,4,4,,,,,,,,4,4,4,3,5,4,3,4,4,无,无,无,2.8,35,3,,,,
10030258,仁卓智能科技,产品技术中心,跟踪技术部,,,,执行层,协同方,10023080,5,4,4,3,3,5,5,5,4,5,5,5,,,,,,,,5,3,4,4,5,5,5,5,5,1、把控产品技术方案，研发质量，牵头解决跟踪技术难题。,全程参与产品规划、客户需求、市场策略，清楚每一条研发需求对应的客户价值、营收目标、成本结构。,无,2.8,35,3,,,,
10030258,仁卓智能科技,产品技术中心,跟踪技术部,,,,执行层,协同方,10023028,2,3,2,2,3,3,4,3,3,3,4,4,,,,,,,,3,3,3,3,3,3,4,1,1,团队搭建能力较强,内部互动更多、主动性更强一些，文化融入,暂无,2.8,35,3,,,,
10030258,仁卓智能科技,产品技术中心,跟踪技术部,,,,执行层,协同方,10020936,4,4,4,4,4,3,5,3,4,4,4,4,,,,,,,,3,4,4,4,4,4,5,5,5,"1、英语较好，符合公司目前市场拓展定位；
2、团结包容性较好，几乎不与人发生争执。",1、在结构研发创意可以扩展和提升。,无,2.8,35,3,,,,
10030258,仁卓智能科技,产品技术中心,跟踪技术部,,,,执行层,协同方,10017873,3,3,4,3,4,4,4,4,4,4,3,4,,,,,,,,4,4,4,3,4,3,4,4,5,"1.团结团队成员；
2.团队稳定",进一步加强内部协同，以及主动技术服务。,无,2.8,35,3,,,,
10030258,仁卓智能科技,产品技术中心,跟踪技术部,,,,执行层,协同方,10011679,4,5,5,4,4,4,5,5,3,5,5,4,,,,,,,,4,5,5,4,5,5,5,5,5,暂无,暂无,暂无,2.8,35,3,,,,
10030258,仁卓智能科技,产品技术中心,跟踪技术部,,,,执行层,下级,10025150,5,5,5,4,4,5,4,5,5,5,5,4,5,4,4,5,5,5,4,5,5,5,5,5,5,4,5,5,"1、领导对于海外市场英语沟通能力强亲力亲为。
2、对于跟踪支架项目现场十分关心运行情况。","1、对于跟踪支架调试工作落实式作及规划发展。
2、在落实项目实施过程中也是很关心调试情况。",领导能力强，对于我们个人能力提升。,2.8,35,3,,,,
10030258,仁卓智能科技,产品技术中心,跟踪技术部,,,,执行层,下级,10020387,4,5,4,5,5,5,5,5,4,5,5,4,4,4,4,5,4,4,5,5,5,5,4,5,5,5,5,5,1.严谨细致 2.认真负责 3.创新思维,1.部门协同 2.商务拓展,无,2.8,35,3,,,,
10030258,仁卓智能科技,产品技术中心,跟踪技术部,,,,执行层,下级,10018532,5,5,5,5,4,3,5,5,5,5,5,4,4,5,5,5,5,5,4,5,5,4,5,5,5,4,5,5,"1、积极关注国际行业动态，并利用自身资源收集信息，内部反馈并提出后续研发建议；
2、重视团队建设，安排工作时会倾听下属想法；日常工作评估工作环境及难度，会口头及实际安慰下属；
3、外部沟通积极协调资源，会拒绝不合理的工作要求；会主动带下属去找+1汇报工作","1、在时间不充足的情况下，不影响大的方面的部分细节可能可以适当放宽标准；
2、可以适当提高团队成员的标准。",暂无,2.8,35,3,,,,
10030258,仁卓智能科技,产品技术中心,跟踪技术部,,,,执行层,上级,10025953,3,4,4,3,3,4,4,3,4,4,4,4,3,4,4,4,3,4,3,3,4,3,4,4,4,4,4,4,专业能力出色，经验丰富。,希望能更积极主动的发挥专业能力做好内外部销售，对于产品线来说，内部客户是更重要的客户，他决定公司整个营销团队在面对客户时的营销行为的深度和力度---人们总是更希望销售优势更加明显，销售话术更加简单的产品，如何让内部客户认为你开发的就是这样的产品？,考虑发挥优势向更前端发展。,2.8,35,3,,,,
10030208,仁卓智能科技,财务&销售管理部,,,,,执行层,自己,10030208,4,4,3,3,5,4,5,5,3,3,4,2,2,3,3,4,2,3,3,4,4,3,3,4,5,5,5,5,"1、严格落实法务法规，保障财务合规性；
2、思考公司发展战略，探索发展新路径；","1、部门管控和考核，没有精细化；
2、政策落实不及时主动","1、学习英文交流；
2、主动向集团各部门学习。",2.8,38,4,,,,
10030208,仁卓智能科技,财务&销售管理部,,,,,执行层,协同方,10045560,3,3,3,3,2,3,2,2,3,3,3,3,,,,,,,,4,3,3,3,3,4,3,4,4,业财融合概念强，为人公正,无,无,2.8,38,4,,,,
10030208,仁卓智能科技,财务&销售管理部,,,,,执行层,协同方,10042906,4,4,4,4,3,3,3,3,3,4,3,4,,,,,,,,3,3,4,4,4,4,3,3,3,主动催回款,财务处理实施优化,暂无,2.8,38,4,,,,
10030208,仁卓智能科技,财务&销售管理部,,,,,执行层,协同方,10031943,4,4,4,5,5,4,4,3,3,4,3,4,,,,,,,,3,3,4,3,4,4,5,5,5,1、主动补位解决问题；2、严格管控公司财务制度。,无,无,2.8,38,4,,,,
10030208,仁卓智能科技,财务&销售管理部,,,,,执行层,协同方,10030258,5,5,5,5,5,5,4,4,4,5,5,5,,,,,,,,5,5,4,4,5,5,5,5,5,合规意识和公司文化意识,海外业务和跨部门,无,2.8,38,4,,,,
10030208,仁卓智能科技,财务&销售管理部,,,,,执行层,协同方,10029063,4,4,4,3,3,3,2,4,4,4,4,3,,,,,,,,3,3,4,3,3,3,3,3,4,专业,无,无,2.8,38,4,,,,
10030208,仁卓智能科技,财务&销售管理部,,,,,执行层,协同方,10023138,5,5,4,4,3,2,3,2,3,4,3,4,,,,,,,,4,4,4,3,5,4,4,4,5,无,无,无,2.8,38,4,,,,
10030208,仁卓智能科技,财务&销售管理部,,,,,执行层,协同方,10023080,4,5,4,4,4,3,3,4,4,4,3,3,,,,,,,,5,4,4,3,5,4,5,5,5,1、资金流把控很好，积极统筹融资、回款，能很好防范资金与财税风险；2、推行公司全面预算管理,学会核算研发成本，人力成本、运营成本，提出降本增效方案。,无,2.8,38,4,,,,
10030208,仁卓智能科技,财务&销售管理部,,,,,执行层,协同方,10023028,4,4,4,4,4,4,4,4,4,4,4,4,,,,,,,,4,4,4,4,4,4,4,1,1,主动承担、顾全大局,团队氛围与人才识别需提升，领导力学习,暂无,2.8,38,4,,,,
10030208,仁卓智能科技,财务&销售管理部,,,,,执行层,协同方,10020936,4,4,4,4,4,3,3,3,4,4,4,4,,,,,,,,3,4,4,4,4,4,5,5,5,"1、善于沟通，尊重他人，善于抓住临时出现的关键问题；
2、团结包容性较好，几乎不与人发生争执。","1、加强各产品安装顺序的认识，便于组织生产或发货顺序。
2、加强各产品现场损耗认识，便于组织合理差异价格。",无,2.8,38,4,,,,
10030208,仁卓智能科技,财务&销售管理部,,,,,执行层,协同方,10017873,4,4,4,4,4,3,4,4,4,4,3,3,,,,,,,,4,4,4,3,4,4,5,4,5,1.财务管理及预算线管理到位，风险把控；,财务在严控风险的同时，增加高效性和灵活性。,无,2.8,38,4,,,,
10030208,仁卓智能科技,财务&销售管理部,,,,,执行层,协同方,10011679,4,5,5,4,4,4,5,5,3,5,5,3,,,,,,,,4,5,5,4,5,5,5,5,5,暂无,暂无,暂无,2.8,38,4,,,,
10030208,仁卓智能科技,财务&销售管理部,,,,,执行层,下级,10043361,5,5,5,5,5,4,5,5,4,5,5,5,5,5,5,5,4,5,5,5,5,5,5,5,4,4,5,5,杨总非常热爱学习开拓新视野，对我有很大启发,无,无,2.8,38,4,,,,
10030208,仁卓智能科技,财务&销售管理部,,,,,执行层,下级,10031274,,,,,,,,,,,,,,,,,,,,,,,,,,,,,,,,2.8,38,4,,,,
10030208,仁卓智能科技,财务&销售管理部,,,,,执行层,下级,10030487,3,4,5,4,4,3,5,5,4,5,4,5,4,4,4,5,4,5,4,4,3,5,4,5,5,4,5,5,无,无,无,2.8,38,4,,,,
10030208,仁卓智能科技,财务&销售管理部,,,,,执行层,下级,10018575,2,2,2,3,3,2,4,3,3,3,3,3,3,5,2,2,2,4,3,2,4,4,4,4,4,3,4,4,沟通能力强,更多的关注部门成员，关注细节,无,2.8,38,4,,,,
10030208,仁卓智能科技,财务&销售管理部,,,,,执行层,上级,10025953,1,3,3,1,1,1,2,2,3,3,3,2,2,2,3,3,2,2,3,3,3,3,3,4,4,4,4,4,专业能力出色,需要在细节上下功夫，不要纠结在过程上，更多的以结果为导向思考问题，尤其是公司的组织架构搭建及税务筹划方面如何最大化的利用好政策，需要与运营部多多交流。,汇率波动剧烈，要多跟集团沟通，确保得到第一手信息以及判断依据，最好能拿到报告我们内部小范围结合大宗贸易特点进行分析。,2.8,38,4,,,,
10029922,光储集团,营销体系,直销经营中心,国内直销,国内电网业务拓展部,,执行层,自己,10029922,5,5,5,5,5,4,5,4,5,5,5,5,5,4,5,5,5,5,5,5,5,5,5,5,5,5,5,5,能快速洞察客户需求并积极响应，业务上主动思考，主动策划，推动事件发展。,电网还有更多需要挖掘的业务机会，对应业务有更多探索空间。,"技术上需进一步学习
",2.8,36,4,1/29/2026,营销,营销策略,B+
10029922,光储集团,营销体系,直销经营中心,国内直销,国内电网业务拓展部,,执行层,协同方,10010291,4,4,4,4,4,4,5,4,4,4,5,5,,,,,,,,4,4,4,4,4,4,4,4,5,大客户的关系维护，内部资源整合。,对于各网业务，或者是是各网关系的深度思考。主要是与业务结合发展的深色。,无,2.8,36,4,1/29/2026,营销,营销策略,B+
10029922,光储集团,营销体系,直销经营中心,国内直销,国内电网业务拓展部,,执行层,协同方,10009738,5,4,4,4,5,4,4,4,4,5,4,5,,,,,,,,4,3,3,4,3,4,4,5,5,"开发客户能力强，能够以业务为导向整合资源
创新能力强，能够找到新思路助力业务",继续加深和电网的联系，尤其是地方电网,无,2.8,36,4,1/29/2026,营销,营销策略,B+
10029922,光储集团,营销体系,直销经营中心,国内直销,国内电网业务拓展部,,执行层,协同方,10009508,3,4,3,4,4,2,3,4,4,5,5,4,,,,,,,,3,4,5,4,5,3,5,4,5,1、有拼劲，能很好的协调电网关系,"1、协同沟通能力不够，过于注重个人看法
2、工作协同能力不足，容易与协同部门产生矛盾",暂无,2.8,36,4,1/29/2026,营销,营销策略,B+
10029922,光储集团,营销体系,直销经营中心,国内直销,国内电网业务拓展部,,执行层,协同方,10008083,4,4,4,4,3,4,5,5,4,5,4,5,,,,,,,,5,4,4,4,4,4,5,5,5,审时度势，有效降低公司风险，提高客户满意度。察言观色，善于将资源用最大化。,提高团队协同作战能力，多多覆盖新客户区域，有效转化新人,无,2.8,36,4,1/29/2026,营销,营销策略,B+
10029922,光储集团,营销体系,直销经营中心,国内直销,国内电网业务拓展部,,执行层,下级,10045366,,,,,,,,,,,,,,,,,,,,,,,,,,,,,,,,2.8,36,4,1/29/2026,营销,营销策略,B+
10029922,光储集团,营销体系,直销经营中心,国内直销,国内电网业务拓展部,,执行层,下级,10041360,5,4,4,5,4,4,5,4,5,4,5,4,4,5,4,5,4,5,4,5,4,5,4,5,4,5,4,5,"1、针对客户的需求尽力满足，执行力强。
2、具备很强的沟通技巧，善于拉通各部门协作。
","1、加强公司产品和技术的熟悉程度。
2、加强与下属的工作动作拆解步骤沟通",暂无,2.8,36,4,1/29/2026,营销,营销策略,B+
10029922,光储集团,营销体系,直销经营中心,国内直销,国内电网业务拓展部,,执行层,下级,10033387,5,5,4,4,4,5,4,4,5,5,5,5,4,4,5,5,4,4,5,5,5,4,4,5,5,4,5,5,工作中积极主动去挖掘部门整体业务发展方式，提升电网业务部为其他部门赋能价值点，同时能够拓展对外业务新方向，提升我司与电网合作及创新点,暂无,暂无,2.8,36,4,1/29/2026,营销,营销策略,B+
10029922,光储集团,营销体系,直销经营中心,国内直销,国内电网业务拓展部,,执行层,上级,10009041,3,4,3,4,3,4,3,4,3,4,4,4,4,4,3,4,4,3,4,3,4,4,4,4,4,3,3,3,暂无,暂无,暂无,2.8,36,4,1/29/2026,营销,营销策略,B+
10029512,光储集团,营销体系,工程与技术服务中心,项目交付部,PMO,,执行层,自己,10029512,5,4,4,5,5,4,4,5,5,4,4,3,4,5,5,5,4,4,5,5,5,5,5,4,4,3,4,5,"1、主动的发现问题并积极分析，提供合适的解决方案；
2、能够很好的团结部门及跨部门沟通协作，推动组织健康对话发展。","1、对于组织战略理解和承接，如何更有效的贴近业务实际，做出适配型的调整
2、角色的转变，朝着管理者的方向前进，培养适合业务发展的管理人员储备",多同业务前端沟通，贴近业务实际发展，不断调整管理方向和思路，承接组织目标实现。,2.9,31,8,1/29/2026,营销,项目管理,A
10029512,光储集团,营销体系,工程与技术服务中心,项目交付部,PMO,,执行层,协同方,10030638,4,4,4,5,4,3,4,4,4,5,5,4,,,,,,,,4,4,3,3,5,3,4,5,5,1.能从全局出发，客观考虑问题，推动问题闭环；2.跨部门协作，保持良好沟通,1.对产品理解深度不足；2.流程合规性审核不足，对业务流程需进一步加强理解,流程机制建设能力提升,2.9,31,8,1/29/2026,营销,项目管理,A
10029512,光储集团,营销体系,工程与技术服务中心,项目交付部,PMO,,执行层,协同方,10023275,4,4,4,4,4,4,4,4,4,4,4,4,,,,,,,,4,3,4,4,4,4,4,4,4,积极组织流程体系搭建，明确项目管理中各部门职责。,与区域协同，推进大区项目管理能力提高及效率提升。,暂无,2.9,31,8,1/29/2026,营销,项目管理,A
10029512,光储集团,营销体系,工程与技术服务中心,项目交付部,PMO,,执行层,协同方,10021886,4,4,4,4,4,3,4,4,4,4,4,3,,,,,,,,4,4,4,4,4,5,4,4,4,流程梳理与总结,暂无,暂无,2.9,31,8,1/29/2026,营销,项目管理,A
10029512,光储集团,营销体系,工程与技术服务中心,项目交付部,PMO,,执行层,协同方,10021391,4,5,4,5,5,4,5,4,5,5,5,5,,,,,,,,5,5,5,4,4,5,4,4,4,"1. 主动承接工作，积极推进问题解决
2. 协调跨部门沟通，减少矛盾发生
3. 工作延续性较强，持续跟进问题至闭环",保持积极态度的同时循序渐进、聚焦务实落地。,暂无,2.9,31,8,1/29/2026,营销,项目管理,A
10029512,光储集团,营销体系,工程与技术服务中心,项目交付部,PMO,,执行层,协同方,10019721,4,4,3,4,4,3,5,5,5,4,5,5,,,,,,,,5,5,4,5,4,5,4,5,4,有全局观，调整能力强，执行力强,协调能力强，性格外向，适合接近客户或者内部协调的工作,/,2.9,31,8,1/29/2026,营销,项目管理,A
10029512,光储集团,营销体系,工程与技术服务中心,项目交付部,PMO,,执行层,协同方,10015007,5,5,5,5,5,4,5,4,5,5,4,5,,,,,,,,5,5,5,4,5,4,5,5,5,1.善于统筹多部门资源，任务拆解清晰、节点管控到位；2.面对项目卡点、跨部门协作分歧不回避，能主动牵头组织沟通会，前置识别风险、协调解决矛盾,"1.对跨部门分工权责界定不够细化，易出现责任边界模糊、衔接空档的情况。
建议：完善项目分工权责清单，明确各部门交付物、时间节点与责任边界，书面同步留痕，减少推诿和衔接漏洞。",提高风险前置预判与预案能力,2.9,31,8,1/29/2026,营销,项目管理,A
10029512,光储集团,营销体系,工程与技术服务中心,项目交付部,PMO,,执行层,协同方,10013248,4,5,4,4,5,4,4,4,5,5,5,4,,,,,,,,4,5,5,4,5,5,5,5,5,"1.大局观强，主动补位意识突出：面对跨部门协作中的模糊地带，能主动站在项目整体目标的角度补位推进，积极协调资源解决问题，保障了协作流程的顺畅闭环。

2.协作配合度高，响应及时：日常对接中沟通顺畅、响应迅速，对我方提出的协同需求能快速反馈、积极配合，大幅提升了跨部门工作推进效率。","1. 可提升跨部门协同的主动预判性
目前在被动响应协作需求方面配合度很高，建议后续可以更主动地对齐各方节奏，提前同步信息、预判潜在问题，进一步提升跨部门协作的顺畅度与效率。
2 可探索数字化工具在工作中的应用
日常工作中更多依赖传统经验推进，建议后续可以多尝试运用数字化工具和数据化方法复盘业务、优化流程，进一步提升工作效率与决策的精准度。",建议继续发挥项目管理的专业优势，在做好项目全流程管控的同时，进一步强化对业务部门的赋能与支持，提升项目推进的整体效率，助力公司重点项目目标高效达成。,2.9,31,8,1/29/2026,营销,项目管理,A
10029512,光储集团,营销体系,工程与技术服务中心,项目交付部,PMO,,执行层,协同方,10005422,3,3,3,3,3,4,3,2,4,4,4,3,,,,,,,,3,3,3,2,3,3,2,4,4,他不只是传递信息，更是解决问题,在项目前期的风险预判上可以更加前置,建议进一步梳理标准化的“异常处理流程”，将常见的项目交付冲突点形成标准作业程序,2.9,31,8,1/29/2026,营销,项目管理,A
10029512,光储集团,营销体系,工程与技术服务中心,项目交付部,PMO,,执行层,协同方,10004740,5,4,4,4,5,4,4,5,5,4,5,4,,,,,,,,4,5,4,4,4,4,3,4,5,遇到问题积极拉通协同方，制定管理方案,无,无,2.9,31,8,1/29/2026,营销,项目管理,A
10029512,光储集团,营销体系,工程与技术服务中心,项目交付部,PMO,,执行层,协同方,10001817,4,4,4,4,4,3,4,4,4,5,5,4,,,,,,,,4,5,4,3,3,4,4,4,4,"1、执行效率很高，快速的推进问题解决
2、优秀的表达能力","1、体系化思维
2、非职权影响力的持续建立",无,2.9,31,8,1/29/2026,营销,项目管理,A
10029512,光储集团,营销体系,工程与技术服务中心,项目交付部,PMO,,执行层,协同方,10000914,5,5,4,4,5,4,5,5,5,5,4,4,,,,,,,,4,5,5,4,5,5,5,5,5,有担当，主动推动业务堵点,暂无,暂无,2.9,31,8,1/29/2026,营销,项目管理,A
10029512,光储集团,营销体系,工程与技术服务中心,项目交付部,PMO,,执行层,下级,10045078,5,5,4,4,4,5,5,5,5,5,5,4,4,5,4,5,5,4,5,5,5,5,5,5,4,5,5,5,"1.跨部门会议中能主动拉通各方，清晰把控议程与时间，有效控制讨论节奏，避免偏题或争执，确保会议目标高效达成。
2.项目关键节点后能主动组织复盘，输出可复用的文档或SOP，帮助团队减少重复踩坑，提升整体效率。","1.可以在团队内推广AI使用能力，提升整体人效
2.部门成员经常出差，希望可以多组织些提升团队凝聚力的活动

",无,2.9,31,8,1/29/2026,营销,项目管理,A
10029512,光储集团,营销体系,工程与技术服务中心,项目交付部,PMO,,执行层,下级,10042909,3,3,2,3,3,2,3,2,3,2,2,2,3,5,3,1,3,2,3,2,3,3,3,3,3,4,3,4,心态平和，情绪稳定，系统性思维强，流程化管理出色，非常值得学习,个人执行力和效率有更多发展空间，问题响应和处理有更多提升空间。流程非常重要，但是过分注重流程，忽视结果，也并不可取。对于结果导向性的问题处理有待提升，望多多改善。,建议提升行动力，并紧抓当前主要矛盾和问题解决，多接触一线业务管理和实际项目卡点，有针对性的推动问题解决，不要仅是纸上谈兵。不应仅关注流程拉通，更应关注流程落地情况和问题实际解决进展。,2.9,31,8,1/29/2026,营销,项目管理,A
10029512,光储集团,营销体系,工程与技术服务中心,项目交付部,PMO,,执行层,下级,10041053,5,5,5,5,5,5,5,5,5,5,5,5,5,5,5,5,5,5,5,5,5,5,5,5,5,5,5,5,好,好,无,2.9,31,8,1/29/2026,营销,项目管理,A
10029512,光储集团,营销体系,工程与技术服务中心,项目交付部,PMO,,执行层,下级,10038373,5,5,5,5,5,4,5,4,4,4,4,4,5,5,5,5,5,5,4,5,5,5,5,5,4,5,5,5,会议组织能力，沟通协调能力,暂无,暂无,2.9,31,8,1/29/2026,营销,项目管理,A
10029512,光储集团,营销体系,工程与技术服务中心,项目交付部,PMO,,执行层,下级,10034511,5,5,5,5,4,4,5,5,5,5,4,4,5,4,4,5,4,4,5,5,5,4,5,4,5,5,5,5,在项目统筹、跨部门协调及关键事项推动方面发挥了重要作用，能够从整体业务目标出发推进项目落地。对于复杂问题的把控能力较强，在资源协调、风险识别及客户沟通方面给予了团队较大支持。,在整体项目统筹和关键事项推动方面表现较强，后续可进一步加强对项目执行细节及现场实际困难的关注。建议建立更加标准化的问题升级与反馈机制，提升信息透明度和问题处理时效，从而帮助团队更高效推进项目落地。,建议持续推进项目管理标准化建设，并进一步强化过程管理与资源统筹能力，为团队提供更高效的支持和更清晰的执行方向。,2.9,31,8,1/29/2026,营销,项目管理,A
10029512,光储集团,营销体系,工程与技术服务中心,项目交付部,PMO,,执行层,下级,10028490,5,5,4,4,3,5,4,4,4,4,4,5,4,4,5,4,4,4,5,4,4,5,4,5,4,4,4,5,月会复盘和经验分享。开导下属并提供帮助,事情需要落实，不能只按流程做,no,2.9,31,8,1/29/2026,营销,项目管理,A
10029512,光储集团,营销体系,工程与技术服务中心,项目交付部,PMO,,执行层,下级,10026602,4,4,4,4,4,4,4,5,5,5,5,5,5,5,5,5,5,5,5,5,5,5,5,5,5,5,5,5,洞察力、执行力、闭环能力,建议进一步加强组织目标的向下传导与贯彻，确保团队成员持续跟上整体节奏。,暂无,2.9,31,8,1/29/2026,营销,项目管理,A
10029512,光储集团,营销体系,工程与技术服务中心,项目交付部,PMO,,执行层,下级,10025125,5,5,5,5,5,5,5,5,5,5,5,5,5,5,5,5,5,5,5,5,5,5,5,5,5,5,5,5,"1.身先士卒，带领团队攻克全流程话题，将组织目标完美达成
2.体恤部门兄弟，重点难点攻克及时给出建议指导，并且出具很多可支撑性文件","1.可以考虑减少自己的工作负担，汇报材料可以分配给更多部门一起承担
",非常好的一个领导,2.9,31,8,1/29/2026,营销,项目管理,A
10029512,光储集团,营销体系,工程与技术服务中心,项目交付部,PMO,,执行层,上级,10001610,4,4,3,3,3,4,4,3,3,4,3,5,5,5,4,4,4,5,4,5,5,5,5,5,5,5,5,5,抗压能力强，能较为细致的执行工作,提高个人影响力提高虚线领导团队的协同工作,无,2.9,31,8,1/29/2026,营销,项目管理,A
10029063,仁卓智能科技,营销中心,国内业务开发部,,,,执行层,自己,10029063,4,4,4,4,3,5,5,4,4,4,4,4,4,5,3,5,5,5,3,4,5,5,5,5,5,5,5,5,"1提倡向行业内top同行学习，研究，并推广到我司
2能够接受新事物并用于尝试
3有原则，有底线","1英语口语需要加强
2管理水平有提高空间",注意身体,3,40,3,,,,
10029063,仁卓智能科技,营销中心,国内业务开发部,,,,执行层,协同方,10045560,3,2,3,3,3,4,2,3,3,4,3,4,,,,,,,,4,3,4,3,3,3,3,4,4,业务专业，以客户需求为导向,无,无,3,40,3,,,,
10029063,仁卓智能科技,营销中心,国内业务开发部,,,,执行层,协同方,10042906,4,4,4,4,3,3,3,3,3,4,3,4,,,,,,,,3,3,4,4,4,4,3,3,3,销售市场开拓,销售订单回款推进,暂无,3,40,3,,,,
10029063,仁卓智能科技,营销中心,国内业务开发部,,,,执行层,协同方,10042483,3,4,3,3,3,3,3,3,3,4,4,4,,,,,,,,4,3,3,3,3,3,3,4,3,积极、高频地与跨部门沟通部门需求与客户需求；反馈信息非常及时；,多视角思考问题；与跨部门友好协同；,培养并提升团队与其他部门的相互交流；,3,40,3,,,,
10029063,仁卓智能科技,营销中心,国内业务开发部,,,,执行层,协同方,10031943,4,2,2,3,3,1,2,1,2,4,2,3,,,,,,,,1,2,3,2,1,1,5,2,5,1、具备较强的业务能力,1、强化责任担当，主动应对；2、注重团队共赢，减少沟通冲突；,无,3,40,3,,,,
10029063,仁卓智能科技,营销中心,国内业务开发部,,,,执行层,协同方,10030258,5,5,5,5,5,4,4,4,4,5,5,5,,,,,,,,5,5,4,4,5,5,5,5,5,结果导向和合规意识,海外业务和大局意识,无,3,40,3,,,,
10029063,仁卓智能科技,营销中心,国内业务开发部,,,,执行层,协同方,10030208,3,2,4,5,3,3,4,3,5,5,5,5,,,,,,,,3,4,4,3,4,5,4,4,5,有拼劲，敢于创新销售方式,销售思路要进一步打开，用智慧去销售,销售的套路从个人转向团队,3,40,3,,,,
10029063,仁卓智能科技,营销中心,国内业务开发部,,,,执行层,协同方,10027069,3,3,4,3,4,3,4,3,3,4,4,4,,,,,,,,3,4,4,4,4,3,4,4,5,"1、关注行业内同行技术动态
","1、耐心倾听同事诉求或不同意见
2、认识自身不足，勇于革新。
3、团结同事",1、多分析项目失败的原因，汲取教训，为下一个项目筑牢根基。,3,40,3,,,,
10029063,仁卓智能科技,营销中心,国内业务开发部,,,,执行层,协同方,10024335,4,5,5,5,5,5,5,4,5,4,5,5,,,,,,,,5,5,5,5,5,5,5,5,5,1.业主能力相当出色，,无,无,3,40,3,,,,
10029063,仁卓智能科技,营销中心,国内业务开发部,,,,执行层,协同方,10023138,5,5,4,4,3,3,3,3,4,5,5,5,,,,,,,,5,4,5,3,4,3,4,5,4,无,无,无,3,40,3,,,,
10029063,仁卓智能科技,营销中心,国内业务开发部,,,,执行层,协同方,10023080,4,4,4,4,4,4,4,4,4,5,5,5,,,,,,,,5,5,5,5,5,5,5,5,5,1、在跟进重点大客户、重大合作项目方面能力强，能够主导商务谈判与签约；2、很好的协同市场、产品、售后部门，联动开展推广、交付、客情维护等工作。,跨部门协同与组织能力提升，打通产品、运营、销售、供应链部门墙，实现高效协同。,无,3,40,3,,,,
10029063,仁卓智能科技,营销中心,国内业务开发部,,,,执行层,协同方,10023028,3,4,3,3,3,3,4,2,4,3,4,3,,,,,,,,4,2,3,2,2,2,4,1,1,对事不对人,需要换位思考、战略更全面，思想转变,暂无,3,40,3,,,,
10004876,阳光氢能,品管/测试,品管部,,,,执行层,上级,10001431,3,4,3,3,4,4,4,3,4,5,5,4,3,2,3,3,3,3,4,4,3,3,3,4,4,5,4,3,"1、乐于接受他人的建议和提出的问题点。
2、对于出现的问题，沟通较为顺畅，思路清晰。",1、对于质量方面专业知识较好，可以加强在质量方面具体执行方向工作。,"1、对于问题规划和实物，强化落地与执行，提升执行力。
2、作为管理者，持续做好团队业务规划工作，起到队伍领航作用。",1.2,36,4,,质量,质量控制(QE),B
10004876,阳光氢能,品管/测试,品管部,,,,执行层,下级,10016606,3,3,2,2,3,2,2,2,2,3,3,4,3,3,3,2,2,2,2,3,3,2,2,3,3,2,2,3,工作积极有活力，内外部客户需求响应及时。,"建议对下属员工进行梯队化和专业化区分管理，扬长避短，最大化发挥；
建议公开场合减少对员工的负面评价。",暂无,1.2,36,4,,质量,质量控制(QE),B
10004876,阳光氢能,品管/测试,品管部,,,,执行层,下级,10019488,5,4,5,4,4,4,5,4,4,5,5,5,4,4,4,4,3,4,4,4,3,3,4,4,4,4,5,5,"1.积极组织部门推进工作；
2.跨部门协调有条不紊；
","1.持续推进部门部门数字化建设；
2.加强部门之间的影响力；",加强部门团队文化建设，提高部门凝聚力,1.2,36,4,,质量,质量控制(QE),B
10004876,阳光氢能,品管/测试,品管部,,,,执行层,下级,10021192,3,3,3,2,3,4,3,3,3,3,3,4,3,3,3,3,3,3,3,3,3,3,4,3,3,4,4,5,无,"工作拆解细化：明确部分人员工作职责
",推进解决跨部门工作难题,1.2,36,4,,质量,质量控制(QE),B
10004876,阳光氢能,品管/测试,品管部,,,,执行层,下级,10033308,5,5,5,4,5,4,4,5,5,5,5,5,5,5,5,4,5,4,5,4,5,5,5,4,5,5,5,5,对于客户端问题能够快速反应，与交付、采购部门协作高效推进解方案执行,检验标准管理——标准执行落地实行监督检查管理制,暂无,1.2,36,4,,质量,质量控制(QE),B
10004876,阳光氢能,品管/测试,品管部,,,,执行层,下级,10037679,3,3,3,2,3,3,2,3,3,4,4,4,3,3,3,3,3,2,3,2,3,3,3,3,3,4,4,3,"1.快速响应内外部客户需求;
2.积极跨部门沟通协作。",部门工作规划及连续执行力可进一步提升，多进入现场了解员工及业务的实际状态。,暂无。,1.2,36,4,,质量,质量控制(QE),B
10004876,阳光氢能,品管/测试,品管部,,,,执行层,协同方,10001476,4,4,5,4,4,3,4,4,4,5,4,5,,,,,,,,3,4,5,5,5,4,4,4,5,无,无,无,1.2,36,4,,质量,质量控制(QE),B
10004876,阳光氢能,品管/测试,品管部,,,,执行层,协同方,10001606,4,4,4,3,4,4,4,4,3,4,3,4,,,,,,,,4,4,4,5,4,4,4,4,4,态度良好,严格的质量意识和管控力度建议再加强,无,1.2,36,4,,质量,质量控制(QE),B
10004876,阳光氢能,品管/测试,品管部,,,,执行层,协同方,10010348,4,4,4,4,4,4,4,4,3,4,4,4,,,,,,,,4,4,4,4,4,4,4,4,4,暂无,暂无,暂无,1.2,36,4,,质量,质量控制(QE),B
10004876,阳光氢能,品管/测试,品管部,,,,执行层,协同方,10013733,3,3,2,1,1,2,2,3,1,2,2,2,,,,,,,,2,3,1,2,2,2,3,3,3,无,能够主动承担具体工作任务，不甩锅不推卸工作,无,1.2,36,4,,质量,质量控制(QE),B
10004876,阳光氢能,品管/测试,品管部,,,,执行层,协同方,10014593,5,4,4,5,4,5,4,5,5,5,4,5,,,,,,,,5,5,4,4,5,5,5,4,5,有效地发挥跨部门影响力，链接跨部门资源，推进复杂问题的解决,"1、增强对公司主要产品的认知
2、加强理论方法、工具与实际一线工作的结合",无,1.2,36,4,,质量,质量控制(QE),B
10004876,阳光氢能,品管/测试,品管部,,,,执行层,协同方,10021478,3,4,3,3,3,3,3,3,3,4,4,3,,,,,,,,3,4,4,4,4,4,5,3,4,推进研发质量问题改进,加强体系职责问题的梳理，质量问题处理流程及解决更高效,无,1.2,36,4,,质量,质量控制(QE),B
10004876,阳光氢能,品管/测试,品管部,,,,执行层,协同方,10030782,3,3,3,3,3,4,1,3,4,4,3,3,,,,,,,,2,3,3,4,4,3,4,4,4,"1. 较好的全局质量观；
2. 较好的积极主动性","1. 宏观管理的同时，也要深入了解每个项目的每个品类质量把控情况；
2. 提升外语能力；
3. 提升对内沟通能力，向上沟通能力；
4. 站在项目成功交付的角度上，输出观点和推进改善措施。",自信一点。,1.2,36,4,,质量,质量控制(QE),B
10004876,阳光氢能,品管/测试,品管部,,,,执行层,自己,10004876,4,4,5,4,4,4,4,5,4,5,5,5,3,4,4,4,4,5,5,5,5,5,5,5,4,5,5,5,务实严谨，喜欢用数据支持，思维逻辑较为清楚,暂无,暂无,1.2,36,4,,质量,质量控制(QE),B
10029063,仁卓智能科技,营销中心,国内业务开发部,,,,执行层,协同方,10020936,4,4,3,4,3,3,3,3,4,4,3,4,,,,,,,,3,4,4,4,3,4,5,4,5,"1、善于汇报，积极与领导汇报工作加强沟通；
2、善于提问，对属下工作通过不断提问的方式确保正确。","1、建议用2句话自己的语言总结公司产品优势与客户交流。
2、加强各产品现场损耗认识，便于组织合理差异价格。",建议耐心听取别人的建议。,3,40,3,,,,
10029063,仁卓智能科技,营销中心,国内业务开发部,,,,执行层,协同方,10017873,3,3,3,4,4,4,3,4,4,4,3,4,,,,,,,,4,4,4,4,4,4,4,4,5,"1.以充分服务客户为目标，响应客户续期；
2.问题响应及跨部门问题反馈",在达到目标的同时注意问题反馈的方式方法，可能效果更好。当然对于不同的对象采用不同的方法更好。,无,3,40,3,,,,
10029063,仁卓智能科技,营销中心,国内业务开发部,,,,执行层,协同方,10011679,5,5,5,4,4,4,5,5,4,5,5,3,,,,,,,,4,5,5,4,5,5,5,5,5,暂无,暂无,暂无,3,40,3,,,,
10029063,仁卓智能科技,营销中心,国内业务开发部,,,,执行层,下级,10045152,3,3,3,3,2,2,3,3,3,3,3,3,2,2,3,2,2,3,3,3,3,3,3,3,2,4,3,4,无,无,无,3,40,3,,,,
10029063,仁卓智能科技,营销中心,国内业务开发部,,,,执行层,下级,10032561,4,5,4,4,4,5,5,5,5,5,5,4,4,4,5,4,5,5,4,4,5,4,4,5,4,4,5,5,战略眼光独特，风险意识较强,无,无,3,40,3,,,,
10029063,仁卓智能科技,营销中心,国内业务开发部,,,,执行层,上级,10025953,5,5,5,3,3,3,4,3,4,5,4,5,4,4,4,5,4,4,4,4,4,3,4,4,4,4,4,4,十分积极，商业嗅觉灵敏，有感染力,需要再细腻一些，雷厉风行的同时也要尽量做到三思而后行，特别是在需要表态的时候，在没有预案的时候可以迂回一些。,年轻团队要强化标准动作的建立，和好习惯的养成，要真正形成我们的“子弟兵”，做到能打仗，打胜仗。,3,40,3,,,,
10029054,光储集团,光储技术平台,产品市场平台中心,语言工程部,,,执行层,自己,10029054,,,,,,,,,,,,,,,,,,,,,,,,,,,,,,,,3,34,0,12/4/2025,产品与研发,内容开发,A
10029054,光储集团,光储技术平台,产品市场平台中心,语言工程部,,,执行层,协同方,10029057,5,5,5,5,5,5,4,4,4,5,4,4,,,,,,,,5,5,5,4,5,5,5,5,5,10、17,12、16,进一步深入洞察，持续跟踪内外部客户需求及满足情况，建立稳定良好的客户关系,3,34,0,12/4/2025,产品与研发,内容开发,A
10029054,光储集团,光储技术平台,产品市场平台中心,语言工程部,,,执行层,协同方,10010750,3,4,3,2,2,3,4,2,2,3,3,3,,,,,,,,3,3,3,4,3,4,5,5,4,1、高效执行：各项任务推进过程中，能够快速拆解任务并跟进执行。,跨部门协同与沟通、成就客户思维,无,3,34,0,12/4/2025,产品与研发,内容开发,A
10029054,光储集团,光储技术平台,产品市场平台中心,语言工程部,,,执行层,协同方,10011645,4,4,3,4,4,4,5,4,5,5,4,5,,,,,,,,5,4,5,4,5,5,5,5,5,敢于突破和创新，不惧困难,任务的行动计划分解有些心急和冒进，会导致计划和实际执行情况的偏差,/,3,34,0,12/4/2025,产品与研发,内容开发,A
10029054,光储集团,光储技术平台,产品市场平台中心,语言工程部,,,执行层,协同方,10021421,5,5,5,5,5,5,5,5,4,5,5,5,,,,,,,,5,5,5,5,5,4,4,4,5,"1. 能敏锐抓住机遇，把控组织发展方向
2. 执行力强，计划拆解细致
3. 关心团队成员情绪，对团队氛围有很大的促进作用",部分目标和计划制定比较乐观，挑战难度大,注意身体，快乐工作,3,34,0,12/4/2025,产品与研发,内容开发,A
10029054,光储集团,光储技术平台,产品市场平台中心,语言工程部,,,执行层,协同方,10020768,2,3,2,4,2,3,4,4,2,2,2,5,,,,,,,,4,4,4,3,3,3,5,5,5,不了解,不了解,不了解,3,34,0,12/4/2025,产品与研发,内容开发,A
10029054,光储集团,光储技术平台,产品市场平台中心,语言工程部,,,执行层,协同方,10015551,4,3,3,3,3,2,3,4,3,3,4,2,,,,,,,,3,3,4,2,4,4,5,5,5,无,建议与业务部门保持定期的沟通，了解业务的痛点和需求，不是被动等待业务提问题,优化供应商管理，提升供应商服务质量，降本增效,3,34,0,12/4/2025,产品与研发,内容开发,A
10029054,光储集团,光储技术平台,产品市场平台中心,语言工程部,,,执行层,协同方,10009740,,,,,,,,,,,,,,,,,,,,,,,,,,,,,,,,3,34,0,12/4/2025,产品与研发,内容开发,A
10029054,光储集团,光储技术平台,产品市场平台中心,语言工程部,,,执行层,协同方,10009578,2,3,3,3,3,3,3,3,3,3,2,3,,,,,,,,3,3,3,3,3,4,4,5,5,做事很认真，讲原则,加强同理心沟通,无,3,34,0,12/4/2025,产品与研发,内容开发,A
10029054,光储集团,光储技术平台,产品市场平台中心,语言工程部,,,执行层,协同方,10001196,4,4,4,4,5,5,4,4,5,5,5,5,,,,,,,,4,5,5,5,5,5,4,5,5,思考全面，有计划，有行动，有目标，协调沟通能力比较好,团队管理，技术专家,无,3,34,0,12/4/2025,产品与研发,内容开发,A
10029054,光储集团,光储技术平台,产品市场平台中心,语言工程部,,,执行层,上级,10001008,4,5,4,5,5,5,4,5,4,5,5,5,5,5,4,4,4,4,4,5,4,5,4,4,5,5,5,5,执行力很强，有冲劲儿，有明确的目标导向。,多关注内外部客户,无,3,34,0,12/4/2025,产品与研发,内容开发,A
10028980,流程与数字化中心,数字化规划,PMO部,,,,执行层,自己,10028980,5,5,5,5,5,4,4,4,5,5,5,4,4,5,5,5,4,5,5,5,4,5,5,5,4,5,5,5,做事认真、努力负责，手头的事情都能认真完成；,工作中可以更加开放灵活一些，团队管理上需加强考核的数据标准,建议未来工作要增加灵活性,3,39,4,,数智技术,数字化项目管理,B+
10028980,流程与数字化中心,数字化规划,PMO部,,,,执行层,协同方,10043709,4,4,4,3,4,4,3,3,4,4,3,4,,,,,,,,4,4,4,4,3,4,4,4,4,"1. 沟通能力强，带领整个PMO团队在项目多，且环境复杂的情况下，较好的跟进各种项目推动情况；
2. 有较强的结构化思维能力",1.建议借助新技术来PMO工作进行提质提效；,无,3,39,4,,数智技术,数字化项目管理,B+
10028980,流程与数字化中心,数字化规划,PMO部,,,,执行层,协同方,10033449,5,5,5,5,5,5,5,5,5,5,5,5,,,,,,,,5,5,5,5,5,5,5,5,5,专业,无,无,3,39,4,,数智技术,数字化项目管理,B+
10028980,流程与数字化中心,数字化规划,PMO部,,,,执行层,协同方,10029796,3,4,5,4,4,4,4,4,5,5,4,3,,,,,,,,4,5,5,5,5,5,5,5,5,"专业能力强；
积极主动；
能够换位思考；",除本位专业外，多了解跨领域内容；,无,3,39,4,,数智技术,数字化项目管理,B+
10028980,流程与数字化中心,数字化规划,PMO部,,,,执行层,协同方,10025692,5,4,4,3,4,4,5,5,5,5,5,5,,,,,,,,5,5,5,4,4,5,3,5,5,认真负责,活力足,开心点,3,39,4,,数智技术,数字化项目管理,B+
10028980,流程与数字化中心,数字化规划,PMO部,,,,执行层,协同方,10009150,3,3,4,4,4,3,4,4,2,4,4,5,,,,,,,,4,4,5,5,5,5,4,5,5,面对工作任务和临时突发事项，从不推脱、不找借口，主动承接、勇于担责，对待分内及协作工作都能积极扛事，责任心值得大家学习。,进一步提升跨部门全局影响力，主动对接、链接各部门关键资源，打破部门壁垒，推动疑难问题高效落地闭环解决。,/,3,39,4,,数智技术,数字化项目管理,B+
10028980,流程与数字化中心,数字化规划,PMO部,,,,执行层,协同方,10001817,3,4,3,4,3,3,3,3,4,4,3,4,,,,,,,,4,4,4,3,3,4,4,4,4,1、能够耐心的听取各方意见，包括反对意见,"1、PMO本质是管理部门，但管理的力度和魄力不够
2、管理机制可以结合不同项目做适当的灵活调整",无,3,39,4,,数智技术,数字化项目管理,B+
10028980,流程与数字化中心,数字化规划,PMO部,,,,执行层,协同方,10001609,4,4,4,5,4,4,4,5,4,5,4,4,,,,,,,,5,4,4,4,4,4,5,4,5,"1、做事执行力强，对数字化团队的数字化工作进行了改善
2、服务意识强，能主动承担中心项目管理工作","1、多思考AI赋能资源释放
2、项目管理的考核和机制还需要加强主动思考，对大项目的深入度需要加强。",暂无,3,39,4,,数智技术,数字化项目管理,B+
10028980,流程与数字化中心,数字化规划,PMO部,,,,执行层,下级,10046049,5,5,4,5,4,5,5,4,5,5,5,4,5,5,4,4,4,5,5,4,5,5,4,5,5,5,4,5,"1.以价值和目标为导向统筹安排部门工作；
2.积极响应客户需求，做好响应工作；
3.聆听多方声音，鼓励创新和探索。","加强创新性工作方法探索，定期组织讨论会议，共创新举措
",无,3,39,4,,数智技术,数字化项目管理,B+
10028980,流程与数字化中心,数字化规划,PMO部,,,,执行层,下级,10036080,3,4,4,2,3,2,2,3,3,3,3,3,3,4,3,4,4,3,3,3,3,2,3,3,3,4,5,5,"1、部门工作规划清晰有序，可结合员工自身优劣势，立足长期发展合理统筹分工、科学分配工作；
2、工作严谨细致，能精准排查汇报材料中的问题，并提出切实可行的优化建议。","1、加强战略认知与环境洞察，主动学习前沿技术及项目管理方法，推动部门提质创新、长效发展；
2、在跨部门协作中保持专业素养，高效协同对接，树立良好部门形象，提升团队外部影响力。",除统筹部门管理和员工管理之外，能够独立承担一些部门工作，减轻员工工作负荷。,3,39,4,,数智技术,数字化项目管理,B+
10028980,流程与数字化中心,数字化规划,PMO部,,,,执行层,下级,10035137,3,3,3,3,3,2,3,3,2,4,4,4,3,3,3,3,3,2,3,3,4,3,2,3,4,5,5,5,业务专业性强，知识面广泛。,"1. 建议组织月度或者季度会议向大家同步部门任务进展，复盘关键任务，对齐下一步行动，既能提升团队凝聚力又能保障部门任务推进。
2. 建议在下发工作任务时，如果能同步说明该任务的背景、任务标准或量化要求及截止日期，可以帮助员工更快对齐方向、减少返工，提高完成效率。",当日常提出方案、汇报工作进展时，如果先肯定其中的可取之处，再指出需要调整优化的部分，往往能让大家更积极接受建议并更快推进后续工作任务。,3,39,4,,数智技术,数字化项目管理,B+
10028980,流程与数字化中心,数字化规划,PMO部,,,,执行层,下级,10029131,5,5,5,5,5,5,5,5,5,5,5,5,5,5,5,5,5,5,5,5,5,5,5,5,5,5,5,5,"1、激发员工自主思考的能力，教练式引导
2、重结果，同样在过程中主导问询困难和堵点",可更多地分享个人丰富的经验，提升部门团队的整体能力,无,3,39,4,,数智技术,数字化项目管理,B+
10028980,流程与数字化中心,数字化规划,PMO部,,,,执行层,上级,10022498,4,5,4,5,4,4,4,4,4,4,4,5,4,5,5,5,5,5,5,5,5,5,5,5,5,5,5,5,工作认真、责任心强,做事适当灵活些，不仅埋头干活，还要经常抬头看看整体情况,无,3,39,4,,数智技术,数字化项目管理,B+
10028349,阳光水面光伏,注塑/国内采购,国内采购部,,,,执行层,自己,10028349,4,4,3,4,3,4,4,5,5,5,5,5,3,4,3,4,5,3,4,4,3,4,4,5,5,5,5,5,1、对待工作积极；2、优先解决客户需求,加强外部相关方沟通协同；积极学习拥抱AI并应用至日常工作中,暂无,3,32,3,3/13/2026,采购,采购交付,A
10028349,阳光水面光伏,注塑/国内采购,国内采购部,,,,执行层,协同方,10026553,4,3,4,4,4,4,4,4,3,3,4,4,,,,,,,,4,4,4,4,4,3,4,5,4,严谨负责，积极协调,团队管理，业务放心统筹,暂无,3,32,3,3/13/2026,采购,采购交付,A
10028349,阳光水面光伏,注塑/国内采购,国内采购部,,,,执行层,协同方,10020966,4,3,4,4,4,3,3,4,3,4,5,5,,,,,,,,4,4,4,4,4,5,4,5,4,主动解决客户需求，解决交付异常，推动问题改善,细化供方管理手段，提升过程管控手段，减少交付异常,提升创新能力，让交付可视化,3,32,3,3/13/2026,采购,采购交付,A
10028349,阳光水面光伏,注塑/国内采购,国内采购部,,,,执行层,协同方,10013418,5,5,4,5,4,4,5,4,4,5,5,5,,,,,,,,4,4,5,4,4,5,5,5,5,"专业性强
自主性高",无,无,3,32,3,3/13/2026,采购,采购交付,A
10028349,阳光水面光伏,注塑/国内采购,国内采购部,,,,执行层,协同方,10012747,5,5,5,4,4,4,5,4,5,5,5,4,,,,,,,,5,4,5,5,5,5,5,4,5,行动迅速，成就客户,协调沟通,无,3,32,3,3/13/2026,采购,采购交付,A
10028349,阳光水面光伏,注塑/国内采购,国内采购部,,,,执行层,协同方,10011888,4,4,4,4,4,4,4,4,4,4,4,4,,,,,,,,4,4,4,4,4,4,4,4,4,无,无,无,3,32,3,3/13/2026,采购,采购交付,A
10028349,阳光水面光伏,注塑/国内采购,国内采购部,,,,执行层,协同方,10007333,3,4,3,3,4,4,4,4,3,3,3,4,,,,,,,,3,3,4,5,5,3,4,5,5,善于思考,主动承担，对于采购职责内或公司部门间约定的事项，积极牵头处理,无,3,32,3,3/13/2026,采购,采购交付,A
10028349,阳光水面光伏,注塑/国内采购,国内采购部,,,,执行层,协同方,10003332,3,4,3,4,4,3,4,3,4,4,4,4,,,,,,,,4,3,4,3,4,4,4,4,4,工作尽职尽责，能够高效协同配合完成工作任务。,暂无,暂无,3,32,3,3/13/2026,采购,采购交付,A
10028349,阳光水面光伏,注塑/国内采购,国内采购部,,,,执行层,下级,10036523,5,5,5,5,5,5,5,3,5,4,5,4,5,4,5,4,4,5,4,4,4,4,4,4,5,5,5,5,"1、控场能力
2、沟通能力",AI运用能力---学习与实践,无,3,32,3,3/13/2026,采购,采购交付,A
10028349,阳光水面光伏,注塑/国内采购,国内采购部,,,,执行层,下级,10033791,5,5,5,5,5,5,4,5,4,4,5,4,4,5,4,4,4,4,4,5,4,5,5,5,5,5,5,5,"1.尊重相关部门意见，成就客户为核心导向
2.做事认真",暂无,暂无,3,32,3,3/13/2026,采购,采购交付,A
10028349,阳光水面光伏,注塑/国内采购,国内采购部,,,,执行层,下级,10032935,4,5,5,5,4,4,5,4,5,5,5,4,5,5,4,4,5,4,5,5,5,5,4,5,5,5,5,5,"1、深刻理解公司文化内涵，以身作则，积极践行并主动传播文化价值观，保持其日常行为与价值观导向高度一致
2、以结果为导向，并能够在过程中合理规划人力、时间、预算等各项资源，及时跟进落地情况，不断推动结果达成。
","1、建立人才梯队
",无,3,32,3,3/13/2026,采购,采购交付,A
10028349,阳光水面光伏,注塑/国内采购,国内采购部,,,,执行层,上级,10009455,4,4,4,4,4,3,4,4,4,5,5,4,3,3,4,3,4,4,3,4,4,4,4,4,4,4,5,4,及时洞察业务风险，主导制定解决方案,提高跨部门沟通、协调能力,完成专业人才到团队管理角色转变，关注员工发展,3,32,3,3/13/2026,采购,采购交付,A
10027135,光储集团,营销体系,亚太大区,东南亚区,泰国,,执行层,自己,10027135,5,5,5,5,5,4,5,4,5,5,5,5,3,4,5,5,5,5,5,5,5,5,4,5,5,5,5,5,"1. 新业务机会识别的能力，可以及时发现并抓住新的机会，并带领团队一同落地
2. 跨文化沟通能力，客户关系处理的能力","1. 团队管理能力仍有待提升，尤其是员工能力培养方面
2. 团建方面举办过少",暂无,3.2,32,11,1/5/2026,营销,商务销售,A
10027135,光储集团,营销体系,亚太大区,东南亚区,泰国,,执行层,协同方,10042670,,,,,,,,,,,,,,,,,,,,,,,,,,,,,,,,3.2,32,11,1/5/2026,营销,商务销售,A
10027135,光储集团,营销体系,亚太大区,东南亚区,泰国,,执行层,协同方,10025147,5,5,4,5,5,3,5,4,5,5,5,5,,,,,,,,5,5,5,4,5,5,5,5,5,执行力强，客户关系深入,需要理解总部的同事，倾听他人的看法,无,3.2,32,11,1/5/2026,营销,商务销售,A
10027135,光储集团,营销体系,亚太大区,东南亚区,泰国,,执行层,协同方,10017283,5,5,5,5,5,5,5,5,5,5,5,5,,,,,,,,5,5,5,5,5,5,5,5,5,工作认真；反馈及时；思路清晰,更多参与市场活动,暂无,3.2,32,11,1/5/2026,营销,商务销售,A
10027135,光储集团,营销体系,亚太大区,东南亚区,泰国,,执行层,协同方,10012514,4,4,4,4,5,4,5,4,5,5,5,5,,,,,,,,4,4,4,4,4,4,5,5,5,"1. 承诺必达：他答应的事情，即使遇到困难也会想尽办法完成，很少找借口。偶尔实在无法兑现，也会提前告知并主动提出补救方案
2. 让人“如沐春风”的合作体验：合作过程礼貌尊重，让人和他的工作交流中很舒服。当别人质疑他时，不会急于反驳或防御，而是先认真听完，再提出自己的想法","1. 作为负责人或骨干时，有时对细节介入过深、过度检查，不仅自己累，也让协同方感觉不被信任。建议在安全范围内放手，能提升双方效率。
2.  跨部门合作时，对方可能不了解你的工作方式和流程，可以来个前置的说明，也省去了很多后期的解释成本",可以留意一下经常打交道的“高频合作对象”，和他们建立一个稳定的沟通节奏（比如每周一次简短同步），这样后续的合作将更高效,3.2,32,11,1/5/2026,营销,商务销售,A
10027135,光储集团,营销体系,亚太大区,东南亚区,泰国,,执行层,协同方,10007933,5,3,5,4,4,4,4,4,5,5,4,4,,,,,,,,4,4,4,3,4,4,4,4,5,"Very proactive when solving problems for the clients, very aggressive to get projects winning.",N/A,N/A,3.2,32,11,1/5/2026,营销,商务销售,A
10027135,光储集团,营销体系,亚太大区,东南亚区,泰国,,执行层,协同方,10006913,5,5,5,5,5,5,5,5,5,5,5,5,,,,,,,,5,5,5,5,5,5,5,5,5,规划执行力强，结构化思考力，人际关系处理得当，吃苦耐劳,加强渠道业务数字化、AI工具应用,暂无,3.2,32,11,1/5/2026,营销,商务销售,A
10027135,光储集团,营销体系,亚太大区,东南亚区,泰国,,执行层,协同方,10001919,5,5,5,5,5,4,5,4,5,5,4,5,,,,,,,,4,5,5,4,5,5,5,4,5,勤奋，拼搏,暂无,暂无,3.2,32,11,1/5/2026,营销,商务销售,A
10027135,光储集团,营销体系,亚太大区,东南亚区,泰国,,执行层,下级,10043584,5,4,5,5,5,5,5,4,4,5,5,5,3,3,4,4,4,4,4,4,3,4,3,5,4,4,4,4,"1.Strong teamwork and willingness to support others
2.Reliable in delivering responsibilities
3.Proactive problem solving mindset","1. Better at sharing work with others
2. Improve time management and priorities
3.Communicate more clearly during busy times","1.Keep building teamwork and helping others learn
2. Focus on managing time and tasks more efficiently
3.Continue improving communication for smoother collaboration",3.2,32,11,1/5/2026,营销,商务销售,A
10027135,光储集团,营销体系,亚太大区,东南亚区,泰国,,执行层,下级,10043475,4,4,4,4,4,2,3,3,5,5,4,5,4,3,3,3,2,3,2,5,4,4,3,3,3,4,4,4,"1. 协调各类资源为客户解决问题
2. 深入洞察客户需求， 给客户提供附加价值","1. 团队管理偏严肃刚性，缺少温度。建议加强日常及时沟通与正向反馈，管理沟通尽量避免情绪化指责。
2. 上下级之间建议建立平等协作的合作氛围，以协同共赢为导向开展工作；减少层级压制式管理，多采用双向沟通、平等交流的方式。",-,3.2,32,11,1/5/2026,营销,商务销售,A
10027135,光储集团,营销体系,亚太大区,东南亚区,泰国,,执行层,下级,10042998,5,5,5,5,5,4,5,5,5,5,5,5,5,4,5,5,5,5,5,5,5,5,5,5,4,5,5,5,"1.积极
2.做前思考
3.值得信任","1.注意身体
",暂无,3.2,32,11,1/5/2026,营销,商务销售,A
10027135,光储集团,营销体系,亚太大区,东南亚区,泰国,,执行层,下级,10041302,3,3,3,3,2,3,3,3,3,4,3,4,3,3,4,4,3,3,4,3,4,3,3,3,3,2,3,3,"1. Cross functional collaboration and leadership
2.Strategic thinking and business insight",1. Team Environment & Psychological Safety : There is an opportunity to further foster and environment where team members feel comfortable sharing ideas and feedback openly,no have,3.2,32,11,1/5/2026,营销,商务销售,A
10027135,光储集团,营销体系,亚太大区,东南亚区,泰国,,执行层,下级,10040133,4,4,5,4,4,4,4,5,5,5,4,5,4,4,4,4,5,4,4,5,5,4,5,5,5,5,5,5,"We received very positive feedback from the customer, and they appreciated the way the work was handled and coordinated.  Able to effectively support and solve customer issues during critical situations. Demonstrates strong leadership and gains customer confidence through calm coordination, decision-making, and problem-solving under pressure.","Improving customer engagement outside of normal working hours, such as arranging dinner gatherings or informal meetings, in order to better understand the customer mindset, expectations, and working style, which can help strengthen relationships and improve project coordination.",No,3.2,32,11,1/5/2026,营销,商务销售,A
10027135,光储集团,营销体系,亚太大区,东南亚区,泰国,,执行层,下级,10036274,5,5,5,5,5,4,5,4,5,5,5,5,4,4,4,3,4,4,4,4,5,5,4,5,5,5,4,4,"I see him as a visionary person with strong strategic thinking, and someone who is always willing to learn.
","He has strong strategic thinking and business vision. One area for further improvement could be enhancing communication alignment across the team, especially in sharing project updates, expectations, and decision rationale more proactively to improve execution efficiency.",No,3.2,32,11,1/5/2026,营销,商务销售,A
10027135,光储集团,营销体系,亚太大区,东南亚区,泰国,,执行层,下级,10032652,5,5,4,5,5,3,4,4,5,5,5,5,4,3,4,4,4,3,4,5,5,5,4,5,5,5,5,5,积极解决问题，参与团队决策。,-,-,3.2,32,11,1/5/2026,营销,商务销售,A
10027135,光储集团,营销体系,亚太大区,东南亚区,泰国,,执行层,下级,10032503,5,5,5,5,5,5,5,5,5,5,5,5,5,5,5,5,5,5,5,5,5,5,5,5,5,5,5,5,以身作则，提前规划和执行,无,没有,3.2,32,11,1/5/2026,营销,商务销售,A
10027135,光储集团,营销体系,亚太大区,东南亚区,泰国,,执行层,下级,10031475,5,5,4,5,5,4,5,4,4,5,5,5,4,4,4,4,4,4,5,4,4,5,3,4,4,4,4,5,及时响应客户需要，保证客户满意度；,无,无,3.2,32,11,1/5/2026,营销,商务销售,A
10027135,光储集团,营销体系,亚太大区,东南亚区,泰国,,执行层,下级,10027426,4,2,4,3,5,4,5,3,4,5,5,3,4,5,5,4,4,5,3,5,5,3,3,4,4,2,4,4,"- Very proactive and fast. Always takes action to solve problems immediately without waiting for orders

- Fast problem solver",Focus on the most important tasks first to avoid having too many projects at the same time.,Keep up the great work! Continue to learn new skills and open your mind to international perspectives to prepare for future growth,3.2,32,11,1/5/2026,营销,商务销售,A
10027135,光储集团,营销体系,亚太大区,东南亚区,泰国,,执行层,上级,10005363,5,5,5,4,4,5,5,4,5,5,5,5,3,3,4,5,5,5,4,5,5,4,4,5,5,5,5,5,"以身作则保持高工作强度
内部树立良好的团队激励表彰优秀成员",需要带领团队加强技术营销思维。,与下级沟通减少指令式沟通，多以引导方式。,3.2,32,11,1/5/2026,营销,商务销售,A
10026778,制造体系,亚太工厂,泰国公司,制造,,,执行层,自己,10026778,4,3,4,4,4,4,4,4,4,4,4,5,4,4,4,4,4,4,4,4,4,5,4,4,4,4,4,5,1、工作作风严谨，纪律意识强。,工作思路系统性有待加强，统筹规划能力需进一步提升。,没有,3.2,39,6,,生产,制造管理,A
10026778,制造体系,亚太工厂,泰国公司,制造,,,执行层,协同方,10043462,3,4,4,4,4,4,4,4,4,4,4,4,,,,,,,,5,4,5,5,5,5,5,5,5,及时响应，快速做出改善,无,无,3.2,39,6,,生产,制造管理,A
10026778,制造体系,亚太工厂,泰国公司,制造,,,执行层,协同方,10040212,3,3,3,3,4,4,3,3,3,4,4,3,,,,,,,,2,3,5,4,5,5,3,5,5,"1. 性格温和，容易相处
2. 严谨开发","1. 制造成本管控意识带提高
2. 系统的培养班组长能力、车间主任能力，从而提升制造团队整体能力",无,3.2,39,6,,生产,制造管理,A
10026778,制造体系,亚太工厂,泰国公司,制造,,,执行层,协同方,10029724,4,4,4,5,4,4,4,3,3,4,4,4,,,,,,,,4,3,5,3,4,3,4,4,4,很好的帮助和管理本地员工,无,无,3.2,39,6,,生产,制造管理,A
10026778,制造体系,亚太工厂,泰国公司,制造,,,执行层,协同方,10009345,4,4,5,4,4,4,5,4,4,5,4,4,,,,,,,,4,4,5,5,5,5,5,5,5,"1、跨文化沟通与管理能力强
2、积极主动学习新知识、新方法并应用在管理工作
3、持续改进思维","1、强化向下管理意识，明确责权，有效管理
2、增强产品知识学习",无,3.2,39,6,,生产,制造管理,A
10026778,制造体系,亚太工厂,泰国公司,制造,,,执行层,协同方,10012089,3,3,3,3,3,3,4,3,3,4,4,3,,,,,,,,4,4,4,4,4,4,4,4,4,对公司认可度高,提升自信心，有效管理起几个部门,无,3.2,39,6,,生产,制造管理,A
10026778,制造体系,亚太工厂,泰国公司,制造,,,执行层,协同方,10015545,3,3,3,4,3,4,4,4,4,4,3,4,,,,,,,,4,2,4,4,4,4,4,4,5,"1.泰国人中的中国人思维
2.大局观较强","1.需要更细心的处理事情
2.产品以及业务上可以更加钻研一些",更大的视野，按照公司的角度去经营制造,3.2,39,6,,生产,制造管理,A
10026778,制造体系,亚太工厂,泰国公司,制造,,,执行层,协同方,10011385,3,2,3,2,4,3,4,4,4,4,3,3,,,,,,,,4,4,4,5,4,5,4,3,4,沟通顺畅，能主动同步生产问题，帮助研发快速调整方案,/,/,3.2,39,6,,生产,制造管理,A
10026778,制造体系,亚太工厂,泰国公司,制造,,,执行层,协同方,10007225,3,5,4,3,3,4,4,4,3,5,4,4,,,,,,,,4,3,3,4,4,4,5,4,5,"1、做为泰国人，中文水平非常高，在泰国人和中国人中，都能无障碍沟通；
2、管理模式比较受泰国同事欢迎。","1、要想生产部门做的更好一些，还要投入更多的精力去指导员工；
2、要多与总部人员沟通，扩大眼界范围；",暂无；,3.2,39,6,,生产,制造管理,A
10005072,光储集团,地面光伏事业部,运营与支持中心,产品维护部,,,执行层,上级,10009085,4,4,4,5,5,4,5,5,4,5,5,5,4,4,5,4,4,5,4,5,5,5,4,5,5,5,5,5,责任心强，具备较强的客户思维；,通过提高自己的领导力，提升部门氛围；让决策更果断些,无,11.3,38,8,,产品与研发,项目管理,A
10005072,光储集团,地面光伏事业部,运营与支持中心,产品维护部,,,执行层,下级,10012214,4,5,4,5,4,5,5,4,5,4,5,4,4,4,5,5,4,4,5,5,5,5,4,4,5,4,4,5,"1、树立道德高线，严守纪律底线
2、以结果为导向，并能够在过程中合理规划人力、时间、预算等各项资源，及时跟进落地情况，不断推动结果达成",1、在部门内营造良好的学习氛围，结合部门需求与员工的发展意愿，为团队成员提供多样的学习和挑战机会,在日常工作中，积极采取新措施,11.3,38,8,,产品与研发,项目管理,A
10005072,光储集团,地面光伏事业部,运营与支持中心,产品维护部,,,执行层,下级,10020465,5,5,5,5,4,5,4,4,5,5,5,4,4,5,5,5,5,4,4,4,5,5,4,5,5,5,5,5,"1、能够梳理部门间业务难点并推动流程改善，包括明确职责定位，协同多部门共同达成事业部目标，避免过度补位行为，提升协作部门积极性。
2、能够差异化制定不同员工高绩效标准，并引导其制定实施方案，达成高绩效目标，最终给予正向激励。
3、对于工作过程偏差，能够及时介入引导，给予支持。","1. 可以适当将常规性事务通过授权交由团队处理，从而让自己从多任务并行中抽身，实现更有深度的专注。这样可以将精力更集中地投入到战略方向、阶段重点、跨部门协同以及团队文化营造等更具价值的领域。
2. 在部署工作时，可以先充分听取各方的意见，再在此基础上给出清晰的行动建议。这样既能体现对团队的尊重，也有助于提升工作部署的精准度和执行力。",/,11.3,38,8,,产品与研发,项目管理,A
10005072,光储集团,地面光伏事业部,运营与支持中心,产品维护部,,,执行层,下级,10021036,5,5,5,5,5,4,5,4,4,4,5,5,4,5,5,4,5,5,5,5,5,5,5,5,4,5,5,5,"1、以公司核心价值观为主，建立部门内部发展方向；
2、对待下属，耐心，积极主动给与工作规划指导。",暂无,多组织部门内部活动，提升员工归属感和凝聚力,11.3,38,8,,产品与研发,项目管理,A
10005072,光储集团,地面光伏事业部,运营与支持中心,产品维护部,,,执行层,下级,10025118,4,3,3,3,3,3,4,4,4,4,4,4,4,4,3,3,2,3,2,2,3,4,4,4,4,5,5,5,"1、对事认真负责、仔细；
2、抗压能力强；

","1、针对直接汇报下属，每人每月至少一次15分钟一对一沟通；
2、对下属（尤其非嫡系成员）的优缺点反馈较为笼统（如“需要历练”），缺乏可落地的改进路径指导，易打击员工主动性和信任感；
3、当下属在咨询问题时，经常反问“你觉得则怎么做”，但当提出想法的时候，大多数都会被否定，打消下属的积极性、部分成员归属感下降。
","1、得到一些信息需要跟下属分享，易引发误解和离心力。
2、多给下属说话空间
3、多给下属的晋升和转岗空间",11.3,38,8,,产品与研发,项目管理,A
10005072,光储集团,地面光伏事业部,运营与支持中心,产品维护部,,,执行层,下级,10027711,5,5,5,4,5,4,5,5,5,5,5,4,4,4,5,4,5,4,4,5,4,5,5,5,5,4,5,5,"1. Empowerment
2. Management
3. Discipline",1. Further enhance knowledge sharing within team,NA,11.3,38,8,,产品与研发,项目管理,A
10005072,光储集团,地面光伏事业部,运营与支持中心,产品维护部,,,执行层,下级,10028243,4,5,5,5,4,4,4,4,5,5,4,4,4,4,5,4,5,4,5,4,5,5,4,5,4,4,5,5,工作认真，能够不断学习并将学习应用在工作中,1、对下属分层培养、授权放手、针对性指导还有提升空间。建议：适度授权核心骨干独立负责模块，减少事无巨细亲力亲为，给下属锻炼成长空间；,无,11.3,38,8,,产品与研发,项目管理,A
10005072,光储集团,地面光伏事业部,运营与支持中心,产品维护部,,,执行层,协同方,10001528,5,5,4,4,5,4,4,5,5,5,4,5,,,,,,,,5,4,5,5,4,5,5,5,5,以事业部、部门的年度规划及战略目标为起点，过程中能够始终保持方向并协同推进。,产品维护及项目的指导与管理；,无,11.3,38,8,,产品与研发,项目管理,A
10005072,光储集团,地面光伏事业部,运营与支持中心,产品维护部,,,执行层,协同方,10001776,5,4,5,4,5,5,5,4,5,4,4,5,,,,,,,,5,4,5,5,4,4,5,4,5,能够调动研发资源积极配合一线问题处理。,无,无,11.3,38,8,,产品与研发,项目管理,A
10005072,光储集团,地面光伏事业部,运营与支持中心,产品维护部,,,执行层,协同方,10005767,3,4,4,3,4,4,4,4,4,5,5,4,,,,,,,,3,3,4,4,4,4,4,5,5,无,无,无,11.3,38,8,,产品与研发,项目管理,A
10005072,光储集团,地面光伏事业部,运营与支持中心,产品维护部,,,执行层,协同方,10009058,3,3,4,3,3,3,4,3,4,4,4,4,,,,,,,,3,3,4,3,3,3,4,4,4,"1、责任心强
2、积极负责","1、对于部门的规划可以多花时间思考
2、多听取周边部门反馈的意见，获取新的思路",从繁杂事务中抽身，多思考部门管理,11.3,38,8,,产品与研发,项目管理,A
10005072,光储集团,地面光伏事业部,运营与支持中心,产品维护部,,,执行层,协同方,10011103,3,3,4,3,3,3,3,3,4,4,4,4,,,,,,,,3,4,3,4,3,3,3,3,4,处置解决问题时能够抓住重点，有解决问题的思路,从市场应用处置的问题中提炼产品开发的需求，从更高的整体视角看待产品、器件问题,充分收集、运用客户的声音，不是简单的救火、消缺,11.3,38,8,,产品与研发,项目管理,A
10005072,光储集团,地面光伏事业部,运营与支持中心,产品维护部,,,执行层,协同方,10023040,5,5,5,5,4,5,5,5,4,4,4,5,,,,,,,,5,5,5,4,5,5,5,5,5,"1、做实严谨负责，对待下属总是可以言传身教，是很好的学习表扬
2、在繁重的工作中还持续学习，并带动周边的同事一起进步","1、不能太沉入细节中，建议以后在处理关键事项时，加强全局思考，以结果为导向
2、改变当前对上沟通的方式",暂无,11.3,38,8,,产品与研发,项目管理,A
10005072,光储集团,地面光伏事业部,运营与支持中心,产品维护部,,,执行层,协同方,10023981,4,5,4,4,5,5,5,5,4,5,5,5,,,,,,,,5,5,5,5,5,5,5,5,5,"1、积极主动有担当，在工作中，对涉及到的各类事项，永远配合，主动，并且亲自主导，不推诿不拖延
2、做事认真，不敷衍，即便比较难，还是会尽力把该承接的事情承接起来","1、提升经营思维，和规划管理能力，
2、加强工作的分层分级管理，培养下属，能够将工作分解下去","1、加强主动经营能力
2、培养下属的经营能力",11.3,38,8,,产品与研发,项目管理,A
10005072,光储集团,地面光伏事业部,运营与支持中心,产品维护部,,,执行层,协同方,10026796,1,2,2,1,3,3,4,3,3,4,4,3,,,,,,,,2,3,5,3,4,5,5,5,5,对待工作严谨认真、责任心强，处事坚守自身原则与职业底线，做事有分寸、有标准，不随波逐流，原则性与职业素养高。,1、日常工作容易深陷具体事务性工作，忙于日常琐事，缺少站在部门层面做中长期规划、前瞻布局的思维。建议合理取舍事务性工作，把更多精力投入到目标拆解、路径规划和提前布局上。2、对上级工作部署、战略意图领悟不够透彻，容易停留在表面执行，未能精准把握背后核心要求。建议：多主动请示对齐方向，加强向上对标理解，提升领悟力和精准落地能力。,\,11.3,38,8,,产品与研发,项目管理,A
10005072,光储集团,地面光伏事业部,运营与支持中心,产品维护部,,,执行层,协同方,10045557,4,3,3,4,3,4,5,5,4,5,5,5,,,,,,,,4,3,5,5,5,5,5,4,5,抗压能力，创造性,逻辑性,无,11.3,38,8,,产品与研发,项目管理,A
10005072,光储集团,地面光伏事业部,运营与支持中心,产品维护部,,,执行层,自己,10005072,4,4,4,5,5,3,4,4,5,4,4,4,4,5,4,4,4,5,4,5,4,4,4,5,5,4,5,5,"1、遇事主动担当，不推诿扯皮
2、在跨部门合作中，能够换位思考，尽可能实现多方共赢","1、AI工具的应用，实现人机协作进阶
2、强化跨部门协同与横向资源整合能力
3、建立AI辅助数据分析与决策支持","1、打造学习型团队文化，实施人才梯队赋能
2、主导业务流程的智能化重构与自动化改造",11.3,38,8,,产品与研发,项目管理,A
10026778,制造体系,亚太工厂,泰国公司,制造,,,执行层,协同方,10006060,3,3,2,2,2,3,3,3,2,2,2,3,,,,,,,,3,3,3,4,3,3,4,3,4,较好的语言能力,学习更多生产管理专业知识,多了解生产管理知识,3.2,39,6,,生产,制造管理,A
10026778,制造体系,亚太工厂,泰国公司,制造,,,执行层,下级,10047338,4,4,4,5,4,5,4,4,5,3,4,3,4,3,4,4,4,5,4,4,4,5,4,4,4,3,4,4,เด่นชัดในเรื่องการเป็นผู้นำที่เปิดรับฟังความคิดเห็นและสนับสนุนการเติบโตของทีมงาน (Empowerment) มีการสื่อสารเป้าหมายที่ชัดเจน ให้คำแนะนำและสอนงาน (Coaching) อย่างเป็นกันเอง พร้อมทั้งเปิดโอกาสให้ทีมงานได้คิดและตัดสินใจด้วยตัวเอง ซึ่งช่วยสร้างความมั่นใจและพัฒนาศักยภาพของบุคลากรในทีมได้อย่างก้าวกระโดด,การเพิ่มความถี่ในการให้ผลสะท้อนกลับเพื่อการพัฒนาหน้างานอย่างต่อเนื่อง (Weekly Feedback Loop) เนื่องจากผู้บังคับบัญชามีภารกิจค่อนข้างมาก ในบางครั้งการพูดคุยเพื่อประเมินหรือแนะนำผลงานจึงอาจทิ้งช่วงห่างกัน ทำให้การปรับปรุงกระบวนการทำงานในบางจุดอาจไม่ทันท่วงที,เสนอแนะให้มีการจัดทำหรือทบทวนโครงสร้างบทบาทหน้าที่ (Job Description/Scope of Work) ของทีมงานรายบุคคลให้ชัดเจน เพื่อให้พนักงานแต่ละคนเข้าใจบทบาท หน้าที่ และอำนาจในการตัดสินใจของตนเองอย่างแม่นยำ ซึ่งจะช่วยเพิ่มประสิทธิภาพในการประสานงาน ลดความซ้ำซ้อน และทำให้การประเมินผลงาน (KPI) มีความโปร่งใสและเป็นธรรมมากยิ่งขึ้น,3.2,39,6,,生产,制造管理,A
10026778,制造体系,亚太工厂,泰国公司,制造,,,执行层,下级,10040531,,,,,,,,,,,,,,,,,,,,,,,,,,,,,,,,3.2,39,6,,生产,制造管理,A
10026778,制造体系,亚太工厂,泰国公司,制造,,,执行层,下级,10005728,5,5,5,4,5,4,5,4,5,4,4,5,3,4,5,5,5,4,5,5,5,5,5,4,4,5,5,5,"1，为人和善
2，认可中泰文化差异",1，业务层面的需要更精进,无,3.2,39,6,,生产,制造管理,A
10026778,制造体系,亚太工厂,泰国公司,制造,,,执行层,下级,10012219,4,4,5,4,5,5,4,5,4,5,5,4,4,4,4,5,5,4,5,4,4,5,4,4,4,5,4,5,"1、严格践行公司价值观。
2、帮助下属成长和发展。
3、以身作则，带领大家高质量完成绩效。",无,无,3.2,39,6,,生产,制造管理,A
10026778,制造体系,亚太工厂,泰国公司,制造,,,执行层,下级,10000717,3,3,4,4,4,4,4,4,5,5,4,5,3,3,3,4,4,4,5,4,5,5,5,5,5,5,5,5,文化融合，践行突出。换位思考解决问题。对待下属耐心辅导。,组织搭建和基层管理者培养落实,无,3.2,39,6,,生产,制造管理,A
10026778,制造体系,亚太工厂,泰国公司,制造,,,执行层,上级,10001464,4,4,4,4,5,5,4,4,4,5,4,4,4,4,5,5,5,5,5,4,5,5,4,4,5,4,5,5,文化包容,加强全局思维,无,3.2,39,6,,生产,制造管理,A
10026776,制造体系,亚太工厂,泰国公司,采购部,,,执行层,自己,10026776,3,4,4,3,4,4,5,3,4,3,2,2,3,3,4,3,4,4,4,3,3,5,5,5,3,5,4,5,"
1. Responsibility & Work Quality：
I consistently take responsibility for my tasks and ensure that work is completed accurately and on time. I maintain all assignments.

2. Continuous Improvement & Learning：
I actively seek opportunities to improve my skills and knowledge. I am open to feedback and continuously work on enhancing my performance.

3. Teamwork & Collaboration：
I work well with team members, contribute ideas, and support others when needed. I aim to build positive relationships and contribute to a cooperative team environment.","1. Proactive Communication：
There are opportunities to communicate updates more proactively.
Suggestion: I will provide more frequent progress updates and raise potential issues earlier to avoid delays.

2. Skill Development (Technical / Job-Specific)：
I recognize the need to further strengthen my job-related skills.
Suggestion: I will dedicate time to learning, training, and applying new knowledge to improve efficiency and performance.","I will continue to focus on improving both my skills to enhance overall performance. I aim to be more proactive in taking initiative, contributing ideas, and supporting team objectives. Additionally, I will work on maintaining consistency, adaptability, and a positive attitude when handling challenges to achieve better results.",3.2,39,8,,采购,采购交付,B+
10026776,制造体系,亚太工厂,泰国公司,采购部,,,执行层,协同方,10005728,4,4,4,4,4,4,4,4,4,4,4,4,,,,,,,,4,4,4,4,4,4,4,4,4,交际甚少，未能做出评价,交际甚少，未能做出评价,无,3.2,39,8,,采购,采购交付,B+
10026776,制造体系,亚太工厂,泰国公司,采购部,,,执行层,协同方,10009345,4,4,4,4,4,4,5,4,4,5,4,4,,,,,,,,4,4,5,5,5,5,5,5,5,"1、沟通能力强，同理心强
2、积极响应，有效解决问题","1、增强责任担当，做文化表率
2、积极主动",无,3.2,39,8,,采购,采购交付,B+
10026776,制造体系,亚太工厂,泰国公司,采购部,,,执行层,协同方,10015545,2,3,3,3,3,4,5,4,4,3,3,4,,,,,,,,3,2,3,3,3,3,4,4,5,"1.责任心较强
2.擅于沟通谈判","1.性格可以更加强势些
2.独立性可以更强些，对事情可以有更多的闭环状态跟进",可以搭建更多的流程规范方法，提升效率的去干,3.2,39,8,,采购,采购交付,B+
10026776,制造体系,亚太工厂,泰国公司,采购部,,,执行层,协同方,10014328,4,4,4,4,4,5,4,5,4,4,4,4,,,,,,,,4,5,4,4,4,5,5,4,4,深入洞察，持续跟踪内外部客户需求及满足情况，建立稳定良好的客户关系,无,无,3.2,39,8,,采购,采购交付,B+
10026776,制造体系,亚太工厂,泰国公司,采购部,,,执行层,协同方,10012172,2,3,3,2,2,2,4,2,3,4,3,3,,,,,,,,2,3,4,4,3,3,3,3,3,主动帮助他人,可以帮助协调跨部门资源,帮助泰国团队主动完成工作业务,3.2,39,8,,采购,采购交付,B+
10026776,制造体系,亚太工厂,泰国公司,采购部,,,执行层,下级,10045820,5,4,4,5,5,5,5,5,4,5,5,5,4,4,5,4,4,5,4,5,4,4,5,5,5,5,5,5,"1. 在各种情况下都能保持冷静，并以理性方式解决问题。
2. 具备良好的沟通能力，能够清晰地与团队进行协调。
3. 能够有条理、高效地管理工作任务。",应进一步提高评估标准的清晰度和一致性，以促进协作工作的统一标准，并提升整体工作效率。,建议被评估人进一步加强跨部门协作，并保持评估标准的一致性，以提升日常工作的整体效率。,3.2,39,8,,采购,采购交付,B+
10026776,制造体系,亚太工厂,泰国公司,采购部,,,执行层,下级,10044433,5,5,5,5,5,5,5,4,5,5,5,5,5,5,5,5,4,5,5,5,5,5,5,5,5,5,5,5,-,-,-,3.2,39,8,,采购,采购交付,B+
10026776,制造体系,亚太工厂,泰国公司,采购部,,,执行层,下级,10043453,3,5,4,3,4,5,5,5,4,4,3,4,3,4,4,4,4,4,4,4,5,4,5,3,4,3,3,5,kind and warm-hearted,Hopefully we can handle more work together.,OK,3.2,39,8,,采购,采购交付,B+
10026776,制造体系,亚太工厂,泰国公司,采购部,,,执行层,下级,10036206,5,5,5,5,4,5,5,5,5,5,5,5,4,4,5,5,5,5,5,5,5,5,5,5,5,5,5,4,"1. Supattarachai consistently provides guidance and direction in work.
2. Supattarachai continuously supports and encourages team members.
3. Supattarachai is always willing to help and provide guidance to ensure work is successfully completed.","Supattarachai is a well-rounded and effective leader in all aspects and consistently serves as a positive role model; therefore, there are no further recommendations in this area.","There are no additional recommendations. Supattarachai is a strong leader for all colleagues, not only within the related department but across the entire organization.",3.2,39,8,,采购,采购交付,B+
10026776,制造体系,亚太工厂,泰国公司,采购部,,,执行层,下级,10035859,5,5,5,5,5,4,4,4,5,4,4,4,4,4,4,4,4,4,4,4,4,4,4,4,4,4,4,4,"1.ใส่ใจสมาชิกใจแผนก
2.มีความสามารถเป็นตัวอย่างที่ดีให้น้องๆในแผนก
",ดูแลสุขภาพ,อยากให้ใส่ใจสุขภาพตัวเองมากกว่านี้ อย่าหักโหมในการทำงานเกินไป,3.2,39,8,,采购,采购交付,B+
10026776,制造体系,亚太工厂,泰国公司,采购部,,,执行层,下级,10028429,5,5,5,5,4,5,5,5,5,5,5,5,3,4,4,4,4,5,4,5,5,5,5,5,5,5,5,5,"1、生病住院期间仍积极回复工作消息，确保工作按时开展
2、积极帮助下属处理工作需求，给予指导意见，如帮助我共同前往是拉差码头沟通BESS危险品的发运方式。","1、部门KPI的统计可以更加精细
2、可以依据部门绩效指标，制定更加合理的推进方式。",1、注意身体，好好休息,3.2,39,8,,采购,采购交付,B+
10026776,制造体系,亚太工厂,泰国公司,采购部,,,执行层,下级,10022401,3,3,3,4,2,1,5,3,3,5,3,4,1,3,4,4,3,2,2,4,2,3,4,4,4,4,4,4,"Leadership
","-Communication
-Sharing",No,3.2,39,8,,采购,采购交付,B+
10026776,制造体系,亚太工厂,泰国公司,采购部,,,执行层,上级,10012089,2,3,3,3,4,3,4,3,3,4,4,3,2,2,3,4,3,4,4,4,4,4,5,5,5,5,5,5,工作责任心强，替下属考虑,提高专业能力，部门管理意识,基于部门发展目标做长远规划,3.2,39,8,,采购,采购交付,B+
10025399,光储集团,营销体系,中国大区,国内销售中心,华北大区（京/津/冀/晋/鲁）,工商业储能组,执行层,自己,10025399,5,5,5,4,4,5,3,4,4,5,5,5,4,4,5,4,4,4,5,5,5,5,5,5,5,4,4,5,"1、在团队员工遇到困难时，指导工作开展，协助其梳理困难点，帮助其自己找到改进方向。
2、鼓励个性，使其发挥特长，鼓励成长，不要固步自封，鼓励自信，让员工有发挥表现空间。
3、目标清晰，方向感明确。",1、沟通方式可以提升。有些简单粗暴，不太注意被沟通人的感受。,努力提升自己，多学习，多读书。,3.4,38,1,2/13/2026,营销,商务销售,B+
10025399,光储集团,营销体系,中国大区,国内销售中心,华北大区（京/津/冀/晋/鲁）,工商业储能组,执行层,协同方,10027075,5,5,5,5,4,5,4,4,3,5,5,5,,,,,,,,4,5,5,5,5,4,4,5,5,"1、客户对接与服务层面扎实到位。
2、公司内部协同配合工作到位。",业务覆盖度不完整，小型项目推进和维护程度稍低。,暂无,3.4,38,1,2/13/2026,营销,商务销售,B+
10025399,光储集团,营销体系,中国大区,国内销售中心,华北大区（京/津/冀/晋/鲁）,工商业储能组,执行层,协同方,10025564,5,4,4,3,3,2,2,2,3,4,4,3,,,,,,,,4,3,4,2,3,4,5,4,4,市场洞察力强、问题分析能力强,无,无,3.4,38,1,2/13/2026,营销,商务销售,B+
10025399,光储集团,营销体系,中国大区,国内销售中心,华北大区（京/津/冀/晋/鲁）,工商业储能组,执行层,协同方,10023010,5,4,5,5,4,4,2,3,5,5,5,5,,,,,,,,4,5,5,4,4,5,5,5,5,"1、对市场深度洞察并及时传递；
2、积极提出问题并探索解决方案；","1、市场的全面规划还有提升空间；
2、需要抓住重点客户和重点项目；",更积极的面对市场变化,3.4,38,1,2/13/2026,营销,商务销售,B+
10025399,光储集团,营销体系,中国大区,国内销售中心,华北大区（京/津/冀/晋/鲁）,工商业储能组,执行层,协同方,10011166,5,5,4,4,4,5,4,4,4,5,5,4,,,,,,,,4,4,5,5,5,5,5,5,5,"1、敢于提要求；
2、区域商机洞察很好",无,无,3.4,38,1,2/13/2026,营销,商务销售,B+
10025399,光储集团,营销体系,中国大区,国内销售中心,华北大区（京/津/冀/晋/鲁）,工商业储能组,执行层,下级,10016017,5,5,5,5,5,5,4,4,5,5,4,5,4,4,5,5,5,4,5,4,5,5,5,4,4,5,5,5,1、以终为始；2、洞察力强，总能很快发现问题关键点,无,无,3.4,38,1,2/13/2026,营销,商务销售,B+
10025399,光储集团,营销体系,中国大区,国内销售中心,华北大区（京/津/冀/晋/鲁）,工商业储能组,执行层,上级,10009791,3,4,3,3,4,4,3,4,4,4,4,4,4,3,4,4,3,4,4,4,4,4,3,4,4,4,4,4,深入挖掘客户需求，并精准匹配，不断提升业务水平,提高渠道经营能力，持续打造渠道力量,持续提升团队管理能力,3.4,38,1,2/13/2026,营销,商务销售,B+
10025399,光储集团,营销体系,中国大区,国内销售中心,华北大区（京/津/冀/晋/鲁）,工商业储能组,执行层,上级,10000936,3,4,4,4,4,4,4,4,3,5,5,5,4,3,4,4,5,4,4,5,4,4,4,5,5,5,4,5,做事很认真的，且学习能力尚可,但是要加强拿项目的狼性,积极向上,3.4,38,1,2/13/2026,营销,商务销售,B+
10024939,光储集团,营销体系,欧洲大区,ETS欧洲,,,执行层,自己,10024939,4,5,5,5,5,4,5,5,4,5,5,5,5,5,5,4,5,5,5,4,5,5,5,5,4,5,5,5,"Actively tackle problems, take initiative to expose challenges and boost business & product improvement. We uphold inclusive team culture and pioneer digital development.",Boost sector presence and client marketing competence.,NA,3.5,37,19,,营销,服务-服务技术,B+
10024939,光储集团,营销体系,欧洲大区,ETS欧洲,,,执行层,协同方,10043707,4,4,4,4,4,4,4,4,4,4,4,4,,,,,,,,4,4,4,4,4,4,4,4,4,Na,Na,Na,3.5,37,19,,营销,服务-服务技术,B+
10024939,光储集团,营销体系,欧洲大区,ETS欧洲,,,执行层,协同方,10040535,,,,,,,,,,,,,,,,,,,,,,,,,,,,,,,,3.5,37,19,,营销,服务-服务技术,B+
10024939,光储集团,营销体系,欧洲大区,ETS欧洲,,,执行层,协同方,10033767,4,4,4,4,4,4,4,4,4,4,4,4,,,,,,,,4,4,4,4,4,4,4,4,4,专业能力,无,无,3.5,37,19,,营销,服务-服务技术,B+
10024939,光储集团,营销体系,欧洲大区,ETS欧洲,,,执行层,协同方,10031684,,,,,,,,,,,,,,,,,,,,,,,,,,,,,,,,3.5,37,19,,营销,服务-服务技术,B+
10024939,光储集团,营销体系,欧洲大区,ETS欧洲,,,执行层,协同方,10020439,4,4,3,4,5,5,2,2,3,5,4,4,,,,,,,,5,4,3,2,2,4,1,3,2,"1. Conduct systematic thinking based on the annual strategic planning.
2. In daily work, actively implement new measures and try new methods to continuously enhance work efficiency
3. Prioritize responding to customer needs","1. Recognize the value brought by different perspectives, positions, or cultures
2. focus on more on employee experience, create a positive cultural atmosphere within the department
3. better communication regarding changes",1. employee satisfaction is equaly important as customer satisfaction. 2. communicating changes is even more important than changes itself.,3.5,37,19,,营销,服务-服务技术,B+
10024939,光储集团,营销体系,欧洲大区,ETS欧洲,,,执行层,协同方,10017380,2,3,3,2,3,3,2,3,4,3,3,3,,,,,,,,2,3,3,2,4,3,5,3,4,工作经验丰富,售前业务内容,无,3.5,37,19,,营销,服务-服务技术,B+
10024939,光储集团,营销体系,欧洲大区,ETS欧洲,,,执行层,协同方,10015954,2,3,4,3,3,1,2,2,3,3,3,2,,,,,,,,4,3,3,3,3,3,1,1,2,KPI聚焦,学会聆听他人，虚心接受建议,做决策前需要全局观，避免追逐短期KPI行为,3.5,37,19,,营销,服务-服务技术,B+
10024939,光储集团,营销体系,欧洲大区,ETS欧洲,,,执行层,协同方,10015667,3,4,4,3,4,4,5,3,3,5,4,3,,,,,,,,3,4,5,4,4,5,5,3,5,he is very good ,better structure on EU team needed,N/A,3.5,37,19,,营销,服务-服务技术,B+
10024939,光储集团,营销体系,欧洲大区,ETS欧洲,,,执行层,协同方,10014933,3,3,3,3,2,2,2,3,2,3,2,2,,,,,,,,2,2,3,3,3,2,3,3,3,对于管理几百人的团队有一定的心得,多贴近业务侧，要有提前布局的思路和能力,多贴近业务侧，要有提前布局的思路和能力,3.5,37,19,,营销,服务-服务技术,B+
10024939,光储集团,营销体系,欧洲大区,ETS欧洲,,,执行层,协同方,10013582,3,3,3,3,3,3,1,3,3,2,3,3,,,,,,,,3,3,3,3,3,2,2,2,2,No comments,No comments,No comments,3.5,37,19,,营销,服务-服务技术,B+
10024939,光储集团,营销体系,欧洲大区,ETS欧洲,,,执行层,协同方,10009767,4,5,4,4,4,3,5,5,5,4,5,4,,,,,,,,4,4,5,5,3,4,5,5,5,无,无,无,3.5,37,19,,营销,服务-服务技术,B+
10024939,光储集团,营销体系,欧洲大区,ETS欧洲,,,执行层,协同方,10009470,2,3,2,3,2,2,3,2,2,3,3,3,,,,,,,,3,3,4,3,3,3,5,3,4,"Trying to find solutions, big team","Service is the key so that customer buys again, needs to listen more to local management, medium management should be more local employee, comissioning-service partners hotline to be improved","Many of the company problems caused by service department. Project management local teams are working very well, empower the teams",3.5,37,19,,营销,服务-服务技术,B+
10024939,光储集团,营销体系,欧洲大区,ETS欧洲,,,执行层,协同方,10009084,4,3,3,3,3,4,2,3,3,3,3,4,,,,,,,,5,4,4,2,3,3,3,3,3,very customer focused when necessary,Service needs to hire better team-leaders and hire the right people. Often the chosen team-leaders are not qualified.,-,3.5,37,19,,营销,服务-服务技术,B+
10024939,光储集团,营销体系,欧洲大区,ETS欧洲,,,执行层,协同方,10007913,4,4,4,4,4,5,4,4,4,4,4,4,,,,,,,,4,4,5,4,5,4,5,4,5,客户思维,内部协同,无,3.5,37,19,,营销,服务-服务技术,B+
10024939,光储集团,营销体系,欧洲大区,ETS欧洲,,,执行层,下级,10046011,5,5,5,5,5,5,4,4,4,4,5,4,4,5,5,4,5,5,4,4,4,4,5,5,5,4,4,4,行动高效，决策果断,希望能加强 光伏组人员的团队建设和人员编制,无,3.5,37,19,,营销,服务-服务技术,B+
10024939,光储集团,营销体系,欧洲大区,ETS欧洲,,,执行层,下级,10041441,4,4,3,3,4,3,3,3,4,5,4,3,4,3,4,3,4,4,2,4,4,3,3,3,4,3,3,4,Taken onboard ideas and sugestion to improve the team.,improvment in Transparency with the whole team. Transparency with descions from HQ. ,"Overall, Tao Gu has been good to work with. Transparency and communication is all that would improve collaboration.",3.5,37,19,,营销,服务-服务技术,B+
10024939,光储集团,营销体系,欧洲大区,ETS欧洲,,,执行层,下级,10031765,4,5,5,5,4,5,5,5,5,5,4,4,4,5,4,5,4,3,4,4,4,5,3,5,4,5,5,5,"1. 任人唯贤
2. 高效决策，快速迎接新业务新变化
3. 主动推进数字化工具",NA,NA,3.5,37,19,,营销,服务-服务技术,B+
10024939,光储集团,营销体系,欧洲大区,ETS欧洲,,,执行层,下级,10030740,4,3,3,4,3,4,3,3,3,3,3,3,3,4,4,3,2,1,2,3,2,3,3,3,2,3,2,3,"Tao is good in taking quick decisions when its needed. He understand the market quite well.
He understand what our competitors are doing.","Better service partners selection in Europe.
Don't give too much chances to weak leadership to prove their worth if redflags have been already noticed in early stages. ",Don't push the budget KPI too far : you need to take into consideration product reliability ( unfortunately we have somtimes to deal with many product realted quality issues ) and this can hurt the budget. Better allocate HC and budget into innovative teams so they don't have to run their teams with shoestrings and prove themself with ridiculous budget for scopes that are highly important to Sungrow success.,3.5,37,19,,营销,服务-服务技术,B+
10024939,光储集团,营销体系,欧洲大区,ETS欧洲,,,执行层,下级,10029362,4,4,4,5,4,5,4,4,3,4,5,5,5,5,4,4,4,3,4,5,5,5,4,4,4,4,4,5,对每个业务有着很强的了解，可以在大方向上很好地指导下属，能够很好地倾听需求和决策,建议多举办服务内部跨部门的交流,无,3.5,37,19,,营销,服务-服务技术,B+
10024939,光储集团,营销体系,欧洲大区,ETS欧洲,,,执行层,下级,10025965,5,4,4,4,5,4,4,4,4,5,4,4,4,4,4,5,4,4,5,5,3,3,5,5,4,4,5,4,"1. Gives the opportunity for each Regional Manager to act & take responsibilities for his region.
2. Always supporting with resources each region in order to provide to the client high quality services.
3. When a region is facing problems he always send the appropriate colleagues for support
","1. Service Partner Resources
2. Communication with the Pre-Sales teams regarding the SoW of Services that we are offering to the client.",Support on the new CRM system & a better & more smoothly procedure regarding the payments for the Service Partners & Non-Vendors.,3.5,37,19,,营销,服务-服务技术,B+
10024939,光储集团,营销体系,欧洲大区,ETS欧洲,,,执行层,下级,10024389,5,5,5,5,5,5,4,4,4,4,4,4,4,4,4,4,5,4,4,4,5,4,5,4,4,3,5,5,始终坚持客户第一,加强对团队人员的管理，尤其是针对表现不好的外籍员工，需要奖惩分明,多休息，少加班,3.5,37,19,,营销,服务-服务技术,B+
10024939,光储集团,营销体系,欧洲大区,ETS欧洲,,,执行层,下级,10021571,5,5,4,4,4,4,4,5,4,5,5,4,5,4,4,5,3,4,3,4,4,5,5,5,5,5,5,5,谷涛在遇到问题时，总是秉持就事论事的态度处理，从不夹杂个人情绪，始终以一个稳定、可靠的态度去推动责任方解决问题。,关于下属个人的发展规划可能需要更多的关注和讨论；,请继续保持管理优势,3.5,37,19,,营销,服务-服务技术,B+
10024939,光储集团,营销体系,欧洲大区,ETS欧洲,,,执行层,下级,10020206,4,4,4,4,3,3,3,4,4,5,5,5,5,4,4,3,4,4,4,4,5,5,5,5,5,4,5,4,"1. Consistent Delivery of High-Quality Work
Reliably produce work that meets or exceeds expectations, showing attention to detail and a strong sense of ownership. This consistency builds trust and sets a benchmark others can follow.

2. Proactive Problem-Solving
Rather than waiting for direction, anticipate challenges and take initiative to address them. Approach problems with a solution-oriented mindset, often bringing thoughtful, well-considered options to the table.","Communicating Challenges Early
There may be instances where risks or blockers are surfaced later than ideal.
Suggestion: Proactively share potential issues as soon as they arise, even if solutions are not yet fully formed. Regular check-ins or brief status updates can help keep stakeholders informed and enable quicker support.","Seeking and Applying Feedback More Actively
",3.5,37,19,,营销,服务-服务技术,B+
10024939,光储集团,营销体系,欧洲大区,ETS欧洲,,,执行层,下级,10019761,5,4,4,4,5,5,5,4,4,5,5,5,5,5,5,4,3,4,4,5,4,5,4,4,4,3,5,5,"I have had the privilege of working under one of the best managers I have experienced. In my role in service business development, he consistently provides the necessary support without delay, enabling efficient decision-making and execution. He demonstrates strong flexibility and adapts quickly to changing market conditions, while maintaining a balanced approach between meeting customer requirements and safeguarding the company’s interests. His ability to proactively manage risks while supporting team initiatives makes him an exceptional leader.",I don't have any suggestions here. ,it was a privilege to support Tao to reach companys goals. ,3.5,37,19,,营销,服务-服务技术,B+
10024939,光储集团,营销体系,欧洲大区,ETS欧洲,,,执行层,下级,10018346,3,2,3,2,2,3,3,3,3,4,3,3,2,2,2,3,3,3,2,3,3,3,2,3,2,3,2,2,Work under pressure,"Management of critical roles, evaluation of internal processes.",na,3.5,37,19,,营销,服务-服务技术,B+
10024939,光储集团,营销体系,欧洲大区,ETS欧洲,,,执行层,下级,10017052,5,4,4,3,4,2,3,2,3,4,4,4,2,3,3,2,2,2,2,4,3,4,4,4,3,4,5,4,capacity to understand and drive all processes from management to operational scale,"Lack of individual feedback
KPIs set far from local market needs, not customer oriented",no,3.5,37,19,,营销,服务-服务技术,B+
10024939,光储集团,营销体系,欧洲大区,ETS欧洲,,,执行层,下级,10014860,5,4,4,4,4,4,4,4,4,4,4,4,4,4,4,4,4,4,4,4,4,4,4,4,4,4,4,4,-,-,-,3.5,37,19,,营销,服务-服务技术,B+
10024939,光储集团,营销体系,欧洲大区,ETS欧洲,,,执行层,下级,10011922,4,4,4,4,4,4,4,4,4,4,4,4,4,4,4,4,4,4,4,4,4,4,4,4,4,4,4,4,N/A,N/A,N/A ,3.5,37,19,,营销,服务-服务技术,B+
10024939,光储集团,营销体系,欧洲大区,ETS欧洲,,,执行层,下级,10011630,3,2,2,3,3,2,4,3,3,4,4,3,4,4,2,3,2,2,1,4,4,3,3,2,3,4,2,2,Understanding the relationship with Hq,Provide some proactive feedback on the performance ,No,3.5,37,19,,营销,服务-服务技术,B+
10024939,光储集团,营销体系,欧洲大区,ETS欧洲,,,执行层,下级,10005179,4,3,3,5,5,3,4,4,5,5,5,5,4,4,3,4,5,4,3,5,5,5,4,5,4,5,5,5,"1，思维敏捷，善于克服困难，总能柳暗花明
2.工作认真，以结果为目的
3.工作方式灵活，并不教条",无,综合他人意见，多与基层员工交流,3.5,37,19,,营销,服务-服务技术,B+
10024939,光储集团,营销体系,欧洲大区,ETS欧洲,,,执行层,上级,10043470,5,5,4,4,5,4,5,3,4,5,5,5,4,5,4,3,4,4,4,4,4,5,5,5,5,5,5,5,"对一线的业务非常了解，能够及时针对问题给出解决方案
有很强的跨部门协同和问题推动解决能力
",作为欧洲大区ETS负责人，在流程和数字化建设方面需要躬身入局，亲力亲为，利用数字化系统为交付和服务业务降本增效。,欧洲整体的交付和服务业务还可以在质上面有进一步的提升，特别是GPM和罚金管理等方面。,3.5,37,19,,营销,服务-服务技术,B+
10024939,光储集团,营销体系,欧洲大区,ETS欧洲,,,执行层,上级,10000751,4,5,5,4,5,4,5,3,4,5,4,5,4,3,3,3,3,4,4,5,5,4,5,5,5,4,5,5,面向复杂问题的抗压能力强,多元文化背景下业务思维,无,3.5,37,19,,营销,服务-服务技术,B+
10024589,制造体系,亚太工厂,印度公司,人力资源部,,,执行层,自己,10024589,3,4,4,5,4,4,4,3,3,3,4,3,1,2,3,3,3,4,3,4,3,3,3,5,5,4,5,5,"1.Leadership and Initiative
2. Collaboration and Teamwork",Time Management,very difficult for self assessment,3.5,42,2,,人力资源,HRBP,B+
10024589,制造体系,亚太工厂,印度公司,人力资源部,,,执行层,协同方,10045864,4,5,4,4,5,5,4,4,5,5,5,4,,,,,,,,3,4,4,4,4,4,5,4,5,"Consistently demonstrates strong ownership and accountability in handling daily responsibilities and cross-functional coordination.
He shows a proactive approach in identifying operational issues, supporting process improvements, and ensuring timely completion of assigned tasks with good follow-up.
He also maintains positive professional relationships with colleagues, supports team collaboration, and contributes to a respectful and cooperative working environment.","can further improve strategic planning and prioritization by focusing more on long-term preventive actions and structured execution tracking.
He could also enhance team development by encouraging more idea-sharing, delegation, and mentoring within the team to strengthen collective performance.
Additionally, increasing involvement in digital initiatives, data analysis, and automation-related activities would help improve efficiency and broaden his organizational contribution.","Continue maintaining the positive attitude, teamwork, and commitment shown in daily work. Taking greater initiative in leadership activities, innovation projects, and cross-departmental collaboration will further support both personal growth and organizational success.",3.5,42,2,,人力资源,HRBP,B+
10024589,制造体系,亚太工厂,印度公司,人力资源部,,,执行层,协同方,10024475,5,4,5,4,3,3,4,3,3,5,4,4,,,,,,,,5,4,4,3,4,3,4,3,4,"1. Demonstrates strong leadership and supports the team effectively during challenging situations.
2. He communicates tasks and expectations clearly, which helps improve coordination and productivity.
3. He is proactive in problem-solving and always encourages team members to learn and improve.","1. Sometimes, more frequent feedback sessions with team members could help improve communication and team alignment.
2. Delegating responsibilities more evenly may help improve efficiency and reduce workload pressure during busy periods.
3. Conducting more regular knowledge-sharing or mentoring sessions could further support team development.",Lohith is doing a good job leading the team. More regular interaction and knowledge-sharing sessions with team members can help further improve team performance.,3.5,42,2,,人力资源,HRBP,B+
10024589,制造体系,亚太工厂,印度公司,人力资源部,,,执行层,协同方,10020892,3,3,2,4,2,4,3,3,3,3,3,4,,,,,,,,3,2,3,4,3,2,2,3,3,nothing,He should speak lovingly to every employee,nothing ,3.5,42,2,,人力资源,HRBP,B+
10024589,制造体系,亚太工厂,印度公司,人力资源部,,,执行层,协同方,10019689,5,5,4,5,5,5,4,5,4,5,5,3,,,,,,,,5,5,5,4,5,5,4,5,5,TESTING ,WIRING Stage and sub assy stage ,no,3.5,42,2,,人力资源,HRBP,B+
10024589,制造体系,亚太工厂,印度公司,人力资源部,,,执行层,协同方,10012052,3,3,4,3,4,3,3,3,3,3,3,3,,,,,,,,3,4,4,4,4,4,4,4,5,.,.,.,3.5,42,2,,人力资源,HRBP,B+
10024589,制造体系,亚太工厂,印度公司,人力资源部,,,执行层,协同方,10011704,2,1,2,2,2,2,3,2,2,2,2,2,,,,,,,,3,3,3,2,3,2,2,2,1,NA,NA,No,3.5,42,2,,人力资源,HRBP,B+
10024589,制造体系,亚太工厂,印度公司,人力资源部,,,执行层,上级,10000643,1,1,2,1,1,1,1,1,2,2,2,3,1,1,2,1,1,2,1,1,1,2,1,3,3,2,4,4,熟悉完整人力薪资体系架构，精通薪酬结构拆分、薪资核算、固浮比及福利配置；熟练掌握本地劳动法律法规。,加强对推进人力资源体系建设，搭建完善人才储备机制；统筹人力数据整合共享，精准测算人力用工成本；深耕企业文化建设，凝聚团队向心力，助力企业稳健发展。,加强对聚焦核心人才储备培养，强化团队凝聚力建设，完善人力各项管理制度体系；积极践行企业文化建设，同时深度开展人力成本拆解、数据分析与精益管控，助力组织高效运营。,3.5,42,2,,人力资源,HRBP,B+
10023811,阳光智维,营销/市场/销售运营,销售运营部,,,,执行层,自己,10023811,5,5,4,5,5,5,5,5,4,5,5,5,4,5,5,5,4,4,5,5,5,5,4,5,5,5,5,5,能保持不断学习，时刻保持底线思维，能不断保持思考及敏捷相应，能直面问题并勇于担当,积极学习行业专业知识，更加谦逊。,更坚持创新思维，并推动组织变革，落地创新,3.7,50,2,,营销,商务销售,B+
10023811,阳光智维,营销/市场/销售运营,销售运营部,,,,执行层,协同方,10041744,,,,,,,,,,,,,,,,,,,,,,,,,,,,,,,,3.7,50,2,,营销,商务销售,B+
10023811,阳光智维,营销/市场/销售运营,销售运营部,,,,执行层,协同方,10018797,3,3,3,3,2,2,2,2,3,4,3,3,,,,,,,,4,2,3,3,3,1,3,3,4,对事不对人，及时响应客户,"身先士卒做好补位工作，不要光说
要建立属于自己的管理思路和管理手段",无,3.7,50,2,,营销,商务销售,B+
10023811,阳光智维,营销/市场/销售运营,销售运营部,,,,执行层,协同方,10010445,3,3,3,3,2,3,3,3,3,4,4,3,,,,,,,,2,3,3,3,3,2,3,3,4,"1、面对问题有自己的思路和见解，并给出自己的思路；
2、对于核心事项，尊重团队的意见，给出方向性思路；",1、协同作战，更加开放和包容；,暂无,3.7,50,2,,营销,商务销售,B+
10023811,阳光智维,营销/市场/销售运营,销售运营部,,,,执行层,协同方,10003985,3,3,3,3,3,3,3,3,3,3,3,2,,,,,,,,2,3,2,2,2,2,5,5,5,"1、能够及时发现问题并想办法去推进
2、沟通和表达能力较强","1、重大问题的推进上加强力度；
2、加强跨部门协同；",无,3.7,50,2,,营销,商务销售,B+
10023811,阳光智维,营销/市场/销售运营,销售运营部,,,,执行层,协同方,10002731,3,3,3,3,3,3,2,2,3,4,3,3,,,,,,,,2,3,2,2,2,2,2,2,2,对于项目的积极性高，具备一定的热情,具备团队精神，提高协同能力,暂无,3.7,50,2,,营销,商务销售,B+
10023811,阳光智维,营销/市场/销售运营,销售运营部,,,,执行层,下级,10030954,4,5,4,4,4,5,5,4,4,4,5,5,4,4,4,3,4,5,5,4,5,5,5,4,4,4,4,4,及时决策，工作效率高；团队目标明确。,团队新方向规划的落地性建议及时。,无,3.7,50,2,,营销,商务销售,B+
10023811,阳光智维,营销/市场/销售运营,销售运营部,,,,执行层,下级,10015206,3,1,2,2,2,1,5,2,3,3,3,3,1,2,2,1,1,2,2,3,2,3,1,3,3,3,3,3,认知度广，爱学习新知识并主动探寻，给予他人提供不同维度的建议。,可以将有效的想法及策略，分解落地执行,无,3.7,50,2,,营销,商务销售,B+
10023811,阳光智维,营销/市场/销售运营,销售运营部,,,,执行层,上级,10006652,2,2,1,1,2,2,1,2,2,2,2,3,1,1,2,1,2,2,3,2,2,2,2,1,3,3,2,3,在前期处理申能老旧疑难问题时候，还是很有责任担当，积极协调公司资源，积极处理。,岗位变动后主动性有所减弱，解决问题的能力有待加强，组织的核心价值观，公司的利益至上的原则需要加强学习。,不能因岗位的变动而懈怠工作，站在当下看，我们能有那些更加落地的举措对现状的改善，不能抱怨，多做落地的活，躬身入局。,3.7,50,2,,营销,商务销售,B+
10023710,光储集团,营销体系,中国大区,国内销售中心,南方大区（粤/闽/琼/桂）,广东,执行层,自己,10023710,5,5,5,5,4,4,5,4,5,5,5,5,3,3,5,5,5,5,5,4,5,5,3,5,5,5,5,5,"1、对项目负责，非岗位职责内但有利于项目推动的会主动去做
2、坚守底线，违规或损害公司利益的事坚决反对",数字化以及流程化管理还需要锻炼，形成习惯,团队文化建设需要加强，基本都是围绕工作在进行团队对话,3.7,29,0,,营销,商务销售,B+
10023710,光储集团,营销体系,中国大区,国内销售中心,南方大区（粤/闽/琼/桂）,广东,执行层,协同方,10021580,3,2,2,3,3,4,2,3,3,2,3,3,,,,,,,,2,4,3,2,3,2,3,3,4,积极,懒散,/,3.7,29,0,,营销,商务销售,B+
10023710,光储集团,营销体系,中国大区,国内销售中心,南方大区（粤/闽/琼/桂）,广东,执行层,协同方,10020169,3,3,3,4,3,3,4,2,3,4,4,4,,,,,,,,3,4,3,3,4,3,4,4,4,与业主沟通能力值得学习,抗压能力有待提升,暂无,3.7,29,0,,营销,商务销售,B+
10023710,光储集团,营销体系,中国大区,国内销售中心,南方大区（粤/闽/琼/桂）,广东,执行层,协同方,10012075,3,3,3,2,3,2,3,2,2,2,3,3,,,,,,,,3,3,3,2,3,3,3,3,3,"1、协同处理客户复杂问题很用心；
2、参与客户项目投标会主动提前识别风险点。","1、跟进项目还需要更多的主观能动性；
2、客户的对接还需要更多思考。",客户管理需要有经营思维。,3.7,29,0,,营销,商务销售,B+
10023710,光储集团,营销体系,中国大区,国内销售中心,南方大区（粤/闽/琼/桂）,广东,执行层,协同方,10010323,1,1,1,1,1,1,1,1,1,1,1,2,,,,,,,,1,1,1,2,2,1,2,3,4,没有,格局打开，不骄傲，虚心学习，积极响应,目前胜任不了该工作岗位,3.7,29,0,,营销,商务销售,B+
10023710,光储集团,营销体系,中国大区,国内销售中心,南方大区（粤/闽/琼/桂）,广东,执行层,协同方,10009294,3,3,3,3,3,3,4,4,4,4,5,4,,,,,,,,4,4,4,4,4,4,4,4,4,工作态度端正，能够快速响应客户需求。,公司产品技能需要继续学习，掌握内部工作流程。,无,3.7,29,0,,营销,商务销售,B+
10023710,光储集团,营销体系,中国大区,国内销售中心,南方大区（粤/闽/琼/桂）,广东,执行层,下级,10031811,5,5,5,5,5,5,5,4,4,4,4,4,4,5,4,5,4,5,4,5,5,4,5,4,5,4,5,4,工作态度认真负责，工作有思路,暂无,暂无,3.7,29,0,,营销,商务销售,B+
10023710,光储集团,营销体系,中国大区,国内销售中心,南方大区（粤/闽/琼/桂）,广东,执行层,下级,10024391,5,5,5,5,5,4,5,5,5,5,5,5,5,5,4,4,4,4,4,4,5,5,5,5,5,5,5,5,专业能力突出,无,无,3.7,29,0,,营销,商务销售,B+
10023710,光储集团,营销体系,中国大区,国内销售中心,南方大区（粤/闽/琼/桂）,广东,执行层,上级,10009295,,,,,,,,,,,,,,,,,,,,,,,,,,,,,,,,3.7,29,0,,营销,商务销售,B+
10023710,光储集团,营销体系,中国大区,国内销售中心,南方大区（粤/闽/琼/桂）,广东,执行层,上级,10000936,3,3,3,4,4,4,4,3,2,3,5,5,5,3,3,3,4,4,4,5,4,4,4,5,5,5,4,5,能听取他人意见,敢于发表自己的意见，对团队要发声，另外要加强自身的学习,敢于发表意见,3.7,29,0,,营销,商务销售,B+
10023559,光储集团,营销体系,亚太大区,工商业业务部,,,执行层,自己,10023559,4,5,4,4,3,4,4,5,4,4,3,4,3,3,3,4,3,4,4,4,3,3,4,4,3,5,5,5,"1. 注重员工情绪波动，在发现员工情绪异常时，及时提供疏导和安抚。并通过沟通和交流，持续输出公司价值导向，引导员工。

2. 对团队任务分工采取坦诚沟通方式，将工作框架勾勒出来。结合员工背景和实际情况，引导员工认领相应工作内容。且持续提供反馈通道，以免员工对现有工作不满。",多帮助多补位层面现在还无法有效践行，部门人手少，事情多，还在磨合期。,暂无。,3.7,35,3,,营销,商务销售,A
10023559,光储集团,营销体系,亚太大区,工商业业务部,,,执行层,协同方,10033096,5,5,5,4,5,4,4,5,5,5,5,5,,,,,,,,5,4,5,4,5,5,5,4,5,深入洞察各市场发展趋势与机会，总结提炼不同赛道场景,暂无,暂无,3.7,35,3,,营销,商务销售,A
10023559,光储集团,营销体系,亚太大区,工商业业务部,,,执行层,协同方,10029044,5,5,4,5,4,5,5,5,5,5,4,5,,,,,,,,4,4,5,4,5,5,5,5,5,"①对于业务情况的判断与说法实事求是，不夸大业务体量也不否认潜在业务，能够让其他部门准确判断对其应当投放的资源
②演讲能力强且富有感染力，能够将公司核心价值主张以及解决方案优势传递给客户","①全盘把握，提升业务举措一致性：对于工商业业务范畴内的各领域都进行深入沟通和指导，对于市场推广的方向和口径也进行统筹，确保力往一处使
②对于工商储业务这个新的细分赛道，组织部门进行材料编写或者内部培训，让大区各个部门对工商储赛道更加了解，配合更加高效",无,3.7,35,3,,营销,商务销售,A
10023559,光储集团,营销体系,亚太大区,工商业业务部,,,执行层,协同方,10019721,4,4,3,3,3,3,5,4,5,5,5,5,,,,,,,,4,4,4,5,5,5,4,5,4,工作细致，有逻辑,/,/,3.7,35,3,,营销,商务销售,A
10023559,光储集团,营销体系,亚太大区,工商业业务部,,,执行层,协同方,10018362,5,3,4,4,3,3,4,5,4,5,4,4,,,,,,,,3,4,5,5,4,5,5,5,5,沟通能力强，跨部门协作能力强，管理能力,技术部分，销售管理,无,3.7,35,3,,营销,商务销售,A
10023559,光储集团,营销体系,亚太大区,工商业业务部,,,执行层,协同方,10017042,,,,,,,,,,,,,,,,,,,,,,,,,,,,,,,,3.7,35,3,,营销,商务销售,A
10023559,光储集团,营销体系,亚太大区,工商业业务部,,,执行层,协同方,10015001,4,5,5,5,4,4,4,4,5,4,4,4,,,,,,,,4,4,5,4,4,4,4,4,5,具备很强的演讲能力，有感染力。,暂无,暂无,3.7,35,3,,营销,商务销售,A
10023559,光储集团,营销体系,亚太大区,工商业业务部,,,执行层,协同方,10014287,4,4,4,4,3,4,5,5,5,5,5,5,,,,,,,,4,4,5,4,4,5,4,4,5,暂无,暂无,暂无,3.7,35,3,,营销,商务销售,A
10023559,光储集团,营销体系,亚太大区,工商业业务部,,,执行层,协同方,10012082,3,4,3,3,3,3,4,4,4,4,4,3,,,,,,,,4,3,3,3,3,4,4,4,5,交流不多，期待更多合作,期待更多深入本地业务,无,3.7,35,3,,营销,商务销售,A
10023559,光储集团,营销体系,亚太大区,工商业业务部,,,执行层,协同方,10010291,4,4,4,3,4,4,5,4,4,5,5,5,,,,,,,,4,4,5,4,4,4,4,4,5,协同统筹能力，后端的需求响应速度。,项目的介入深度，关键客户关系,无,3.7,35,3,,营销,商务销售,A
10023559,光储集团,营销体系,亚太大区,工商业业务部,,,执行层,协同方,10010122,5,5,5,4,5,5,5,4,5,5,5,5,,,,,,,,5,5,5,5,5,5,5,5,5,"Dedicated Problem-Solving for Local Teams: Highly commended for genuinely listening to regional difficulties and taking proactive ownership to find the best possible solutions.

Vital Cross-Border Communication Link: Serves as an exceptional communication bridge with HQ, ensuring clear information flow and seamless alignment between the global and local offices.

Proactive & Positive Workplace Energy: Demonstrates a powerful commitment to his work with a consistently bright and active attitude that inspires others.","Proactive HQ Alignment on Big-Picture Strategy: Facing intense local price competition, maintaining a rigid high-quality/high-price policy poses a major risk. He must actively conduct sophisticated competitor benchmarking and Sungrow product positioning analyses, and then collaborate with HQ to formulate a comprehensive, macro-level strategy for the market.

Strategic Brand Building via Service Collaboration: To overwhelming outperform low-price competitors, he needs to proactively partner with the Service Team. I suggest he aggressively lead a strategy that leverages our superior service capabilities to reinforce and elevate our premium brand identity, securing a sustainable competitive edge","He is doing an outstanding job and working incredibly hard in his newly assigned role this year. As he continues to drive our business forward, I highly encourage him to proactively increase his on-site visits to the respective regions under his management. By actively listening to the raw voices of the local teams on the ground, he will be able to co-develop highly effective, market-tailored strategies. I look forward to seeing him lead these collaborative regional efforts to the next level",3.7,35,3,,营销,商务销售,A
10023559,光储集团,营销体系,亚太大区,工商业业务部,,,执行层,协同方,10009813,5,5,5,5,5,5,5,5,5,5,5,5,,,,,,,,5,5,5,5,5,5,5,5,5,无,无,无,3.7,35,3,,营销,商务销售,A
10023559,光储集团,营销体系,亚太大区,工商业业务部,,,执行层,协同方,10009041,3,3,3,3,3,4,4,4,3,4,4,4,,,,,,,,3,4,3,4,4,3,4,4,4,暂无,暂无,暂无,3.7,35,3,,营销,商务销售,A
10023559,光储集团,营销体系,亚太大区,工商业业务部,,,执行层,协同方,10007215,4,3,4,5,3,4,4,4,4,5,4,5,,,,,,,,3,4,5,4,4,4,4,4,3,Supportive when ask for support,Interact more with team and country director to understand challenges,No,3.7,35,3,,营销,商务销售,A
10023559,光储集团,营销体系,亚太大区,工商业业务部,,,执行层,协同方,10005363,,,,,,,,,,,,,,,,,,,,,,,,,,,,,,,,3.7,35,3,,营销,商务销售,A
10023559,光储集团,营销体系,亚太大区,工商业业务部,,,执行层,上级,10001001,5,5,5,4,5,5,5,4,5,4,5,5,4,4,4,5,5,5,5,4,4,4,5,5,5,4,5,4,暂无,暂无,暂无,3.7,35,3,,营销,商务销售,A
10023501,制造体系,制造技术中心,运营管理部,,,,执行层,自己,10023501,4,5,4,4,3,3,5,3,4,4,4,4,4,3,4,3,3,4,3,4,4,4,4,4,4,3,5,5,"1. 主动积极沟通，关注共赢，创造共同价值拉通各部门统筹资源完成工作
2. 有换位思考能力，能站在对方角度考虑问题，并调整工作方式","1. 想法较多，落地执行能力欠缺，一方面要做好和下属的配合，指导下属的执行落地工作，一方面提升自身的规划和执行能力，制定目标拆解计划跟进落地。
2. 对于日常运营问题的的观察，要刻意培养观察，要敢说敢提，不要因为考虑太多无所行动",无,3.7,35,8,,行政管理,综合行政,B+
10023501,制造体系,制造技术中心,运营管理部,,,,执行层,协同方,10003156,5,5,5,4,5,4,5,5,5,5,5,4,,,,,,,,5,5,5,5,5,4,5,5,5,"1，积极响应协同部门的需求，能够快速行动；
2，文化宣传上积极落实阳光的价值观。","1，将文化与业务做更多的融合，帮助打破部门墙；
2，考虑引入AI的工具，提高运营效率。",团建需要创新，让大家愿意参加，参加后个人有收获，组织达到目标。,3.7,35,8,,行政管理,综合行政,B+
10023501,制造体系,制造技术中心,运营管理部,,,,执行层,协同方,10036932,3,4,4,4,4,4,4,4,3,4,4,4,,,,,,,,4,4,5,5,4,3,4,5,5,"文化引领和创新方面比较突出；
",制造技术中心跨文化管理方面需要思考进一步来提升，满足公司全球化布局的需求。,无,3.7,35,8,,行政管理,综合行政,B+
10023501,制造体系,制造技术中心,运营管理部,,,,执行层,协同方,10034483,2,3,3,3,2,2,4,3,2,4,4,3,,,,,,,,4,3,5,4,3,4,5,5,5,"1、对待同事亲和，工作氛围良好；
2、积极主动学习新技能，新工具。","1、强化业务理解与学习，更好的融合业务，发挥赋能价值；
2、完善业务拉通，提高工作交付效率；",关注运营管理的核心业务价值，提升运营效率。,3.7,35,8,,行政管理,综合行政,B+
10005392,光储集团,营销体系,中国大区,北京公司,涉外部,南方区,执行层,上级,10009509,4,3,4,5,5,4,5,5,4,5,5,5,4,4,5,4,4,5,5,5,4,5,4,5,5,5,5,5,正直、抵制部门内不合规内容并净化部门内部风气,"团队管理经验较少，具体落地动作不清晰。
用科学方法辅助管理动作，提高管理效率。",暂无,11.1,41,4,,营销,商务销售,A
10005392,光储集团,营销体系,中国大区,北京公司,涉外部,南方区,执行层,下级,10002783,4,4,4,5,5,5,4,4,5,5,5,5,5,4,4,4,4,4,5,4,4,4,5,5,5,5,4,5,无,无,无,11.1,41,4,,营销,商务销售,A
10005392,光储集团,营销体系,中国大区,北京公司,涉外部,南方区,执行层,下级,10009011,5,4,4,5,5,5,4,5,5,4,5,5,4,4,5,5,5,5,5,4,5,5,5,5,5,5,5,5,逻辑清晰，嗅觉敏锐，前瞻性好,我觉得都挺好,都很好,11.1,41,4,,营销,商务销售,A
10005392,光储集团,营销体系,中国大区,北京公司,涉外部,南方区,执行层,下级,10009563,5,5,5,5,4,5,4,5,5,3,4,4,5,5,4,5,4,5,5,4,5,4,4,5,4,5,5,5,1、公平公正、以人为本，平等对待下属。2、在客户前气场强大，自信，能让客户信服。,领导型性格，说话较为直接，有时候可以适当委婉一些,暂无,11.1,41,4,,营销,商务销售,A
10005392,光储集团,营销体系,中国大区,北京公司,涉外部,南方区,执行层,下级,10012075,5,5,5,4,4,4,5,4,4,5,5,5,5,3,4,4,5,5,5,4,4,5,5,5,4,5,5,5,"1、作为领导永远是虚心学习；
2、主动帮助下属解决问题；
3、充分授权，信任团队成员。","1、多参与区域客户的交流拜访工作；
2、希望多与总部争取更多的资源支持业务的拓展。",暂无,11.1,41,4,,营销,商务销售,A
10005392,光储集团,营销体系,中国大区,北京公司,涉外部,南方区,执行层,协同方,10005363,,,,,,,,,,,,,,,,,,,,,,,,,,,,,,,,11.1,41,4,,营销,商务销售,A
10005392,光储集团,营销体系,中国大区,北京公司,涉外部,南方区,执行层,协同方,10007913,4,4,5,4,4,4,5,4,3,4,4,5,,,,,,,,5,4,4,4,4,4,5,5,5,结果导向,组织发展,无,11.1,41,4,,营销,商务销售,A
10005392,光储集团,营销体系,中国大区,北京公司,涉外部,南方区,执行层,协同方,10008083,5,4,4,4,3,5,5,5,4,5,4,5,,,,,,,,5,5,4,4,5,4,5,5,5,组织利益优先，乐于助人，同事坦诚相待，良师益友,多多总结个人管理经验，培养人才，建立梯队建设制度,无,11.1,41,4,,营销,商务销售,A
10005392,光储集团,营销体系,中国大区,北京公司,涉外部,南方区,执行层,协同方,10009305,4,4,3,3,4,3,3,3,3,4,3,5,,,,,,,,4,3,3,4,3,3,3,3,4,"工作认真负责，积极主动
有团队合作精神","1.加强跨部门沟通协作，明确项目中每个人职责划分
2.对海外市场的政策还需要不断学习",无,11.1,41,4,,营销,商务销售,A
10005392,光储集团,营销体系,中国大区,北京公司,涉外部,南方区,执行层,协同方,10014896,3,4,4,4,4,3,3,3,3,3,4,4,,,,,,,,3,3,4,3,4,3,4,4,5,。,。,。,11.1,41,4,,营销,商务销售,A
10005392,光储集团,营销体系,中国大区,北京公司,涉外部,南方区,执行层,协同方,10017525,4,4,3,3,4,3,4,3,4,3,4,4,,,,,,,,3,4,3,4,3,4,4,5,4,"1. 能从大局考虑，拉通资源
2. 掌握竞品信息，积极做出应对","1. 与海外前方团队积极拉通，前后方拉通
2. 深入前方，出差性做好配合。",无,11.1,41,4,,营销,商务销售,A
10005392,光储集团,营销体系,中国大区,北京公司,涉外部,南方区,执行层,协同方,10021886,5,5,4,4,4,4,4,5,4,4,4,5,,,,,,,,4,4,4,4,4,5,4,4,4,客户关系管理能力、风险管控意识,暂无,暂无,11.1,41,4,,营销,商务销售,A
10005392,光储集团,营销体系,中国大区,北京公司,涉外部,南方区,执行层,自己,10005392,5,5,5,5,5,5,4,4,5,5,5,4,5,5,5,5,5,5,4,5,5,5,5,5,5,5,5,5,主动学习德鲁克管理相关书籍,进一步拓展融资类知识的储备为业务拓展赋能,关注组织的可持续发展,11.1,41,4,,营销,商务销售,A
10023501,制造体系,制造技术中心,运营管理部,,,,执行层,协同方,10026722,4,4,4,4,4,4,4,4,4,4,4,4,,,,,,,,4,4,4,4,4,4,4,4,4,工作积极主动，思考问题全面,客观公正，从固有思维提升为成长思维,无,3.7,35,8,,行政管理,综合行政,B+
10023501,制造体系,制造技术中心,运营管理部,,,,执行层,协同方,10020262,4,4,3,5,4,4,4,5,4,4,4,4,,,,,,,,4,3,4,4,5,5,5,4,4,沟通协调能力强，能够主动规划和推进业务开展。,建议在体系建设及项目推进方面进行提升,无,3.7,35,8,,行政管理,综合行政,B+
10023501,制造体系,制造技术中心,运营管理部,,,,执行层,协同方,10013657,4,4,4,5,3,4,5,4,4,5,4,5,,,,,,,,5,5,5,5,5,5,5,5,5,"积极响应业务需求，并协同各方资源推动项目
高效输出高质量报告",加深理解对各版块业务能力,无,3.7,35,8,,行政管理,综合行政,B+
10023501,制造体系,制造技术中心,运营管理部,,,,执行层,协同方,10010086,4,5,5,5,5,5,4,4,5,5,5,5,,,,,,,,4,5,5,5,5,4,4,5,3,职业素养高、言行得体,战略视野,无,3.7,35,8,,行政管理,综合行政,B+
10023501,制造体系,制造技术中心,运营管理部,,,,执行层,协同方,10005143,3,4,3,5,3,4,3,3,3,4,4,3,,,,,,,,4,3,4,5,4,4,5,4,4,1. 主动沟通，积极落地；2. 善于学习，帮助他人；,1. 加强合作意识；2. 加强独立思考和自主判断；,暂无,3.7,35,8,,行政管理,综合行政,B+
10023501,制造体系,制造技术中心,运营管理部,,,,执行层,协同方,10000673,4,4,4,4,4,3,5,4,5,4,4,4,,,,,,,,4,5,4,5,4,4,4,5,5,沟通有逻辑，表达能力强；,/,/,3.7,35,8,,行政管理,综合行政,B+
10023501,制造体系,制造技术中心,运营管理部,,,,执行层,下级,10042942,5,4,4,4,5,5,5,5,5,4,5,5,5,5,5,4,5,5,4,5,5,5,5,5,5,5,5,5,经常帮助下属解决问题，提供合理建议。,无,无,3.7,35,8,,行政管理,综合行政,B+
10023501,制造体系,制造技术中心,运营管理部,,,,执行层,下级,10036617,,,,,,,,,,,,,,,,,,,,,,,,,,,,,,,,3.7,35,8,,行政管理,综合行政,B+
10023501,制造体系,制造技术中心,运营管理部,,,,执行层,下级,10033961,,,,,,,,,,,,,,,,,,,,,,,,,,,,,,,,3.7,35,8,,行政管理,综合行政,B+
10023501,制造体系,制造技术中心,运营管理部,,,,执行层,下级,10033716,3,5,4,4,4,3,4,4,4,3,4,4,3,3,4,4,4,4,4,4,4,4,4,4,4,4,4,4,沟通技巧；系统性思维；,"项目管理；
思维逻辑清晰，跨部门沟通能力强，闭环及风险意识较高",在工作中，可以再多分享一些背景思考或方向,3.7,35,8,,行政管理,综合行政,B+
10023501,制造体系,制造技术中心,运营管理部,,,,执行层,下级,10028071,4,4,4,4,4,3,4,4,3,3,4,4,4,3,4,4,4,5,3,3,5,4,4,4,4,5,4,5,积极建立良好的跨部门协作关系；思考问题全面且能抓住重点、主要矛盾；,逻辑思维、问题分析的培训分享与经验传递，团队人员成长路径的分享,无,3.7,35,8,,行政管理,综合行政,B+
10023501,制造体系,制造技术中心,运营管理部,,,,执行层,下级,10026674,5,5,5,5,5,4,4,5,5,5,5,5,5,4,5,5,5,5,5,5,5,5,5,5,5,5,5,5,做事周全、细致、有想法,建立更系统的人才梯队培养计划,暂无,3.7,35,8,,行政管理,综合行政,B+
10023501,制造体系,制造技术中心,运营管理部,,,,执行层,下级,10026493,,,,,,,,,,,,,,,,,,,,,,,,,,,,,,,,3.7,35,8,,行政管理,综合行政,B+
10023501,制造体系,制造技术中心,运营管理部,,,,执行层,下级,10021567,,,,,,,,,,,,,,,,,,,,,,,,,,,,,,,,3.7,35,8,,行政管理,综合行政,B+
10023501,制造体系,制造技术中心,运营管理部,,,,执行层,上级,10015695,5,5,4,5,4,4,5,5,5,4,4,5,5,5,4,4,4,5,4,5,4,5,4,5,5,5,5,5,做事认真负责，逻辑能力好,持续学习，提升产品技术能力,无,3.7,35,8,,行政管理,综合行政,B+
10023282,光储集团,阳光户用储能公司,产品体系,产品检测部,户用光储测试组（上海）,离网测试团队,执行层,自己,10023282,3,5,5,4,5,4,5,4,4,5,5,5,5,4,4,4,5,5,4,4,4,5,5,5,5,4,5,5,暂无,暂无,暂无,3.8,37,9,,产品与研发,测试,A
10023282,光储集团,阳光户用储能公司,产品体系,产品检测部,户用光储测试组（上海）,离网测试团队,执行层,协同方,10014977,5,5,5,5,5,4,4,5,5,5,5,5,,,,,,,,4,5,5,5,5,4,5,5,5,认真负责、主动积极,无,无,3.8,37,9,,产品与研发,测试,A
10023282,光储集团,阳光户用储能公司,产品体系,产品检测部,户用光储测试组（上海）,离网测试团队,执行层,协同方,10011394,3,3,4,4,4,4,3,3,3,4,4,3,,,,,,,,3,4,4,3,4,4,4,3,3,"1、积极主动协调资源完成项目测试任务
2、快速适应了测试部经理角色","1、需要更多依靠培养下属达成工作目标
2、需要更多通过制定流程规范驱动业务目标落地",暂无,3.8,37,9,,产品与研发,测试,A
10023282,光储集团,阳光户用储能公司,产品体系,产品检测部,户用光储测试组（上海）,离网测试团队,执行层,协同方,10010542,,,,,,,,,,,,,,,,,,,,,,,,,,,,,,,,3.8,37,9,,产品与研发,测试,A
10023282,光储集团,阳光户用储能公司,产品体系,产品检测部,户用光储测试组（上海）,离网测试团队,执行层,协同方,10008096,4,4,4,3,4,3,3,4,4,3,4,4,,,,,,,,3,4,5,5,5,3,5,5,5,1.责任心强，以终为始；2.有冲劲,无,1.更关注细节和过程；2.多倾听了解实际情况；,3.8,37,9,,产品与研发,测试,A
10023282,光储集团,阳光户用储能公司,产品体系,产品检测部,户用光储测试组（上海）,离网测试团队,执行层,协同方,10008042,4,5,4,4,4,4,5,3,4,5,5,5,,,,,,,,5,4,4,4,5,4,5,5,5,积极主动，以身作则,"1、在日常工作中，积极采取新措施和尝试新方法，持续提升工作效率--高效方法可以多思考一些
2、有效地发挥跨部门影响力，链接跨部门资源，推进复杂问题的解决--在整合所有资源来推进问题维度上，可以多发力",无,3.8,37,9,,产品与研发,测试,A
10023282,光储集团,阳光户用储能公司,产品体系,产品检测部,户用光储测试组（上海）,离网测试团队,执行层,协同方,10008021,4,5,5,5,5,4,4,4,4,5,5,4,,,,,,,,5,5,5,5,5,5,5,5,5,"1. 立足岗位职责，具备独立思考与专业认知，工作思路清晰、认知到位；
2. 明确交付标准与工作目标，落实举措具体可行，执行导向清晰。",暂无,暂无,3.8,37,9,,产品与研发,测试,A
10023282,光储集团,阳光户用储能公司,产品体系,产品检测部,户用光储测试组（上海）,离网测试团队,执行层,协同方,10002261,3,4,3,3,3,3,2,3,3,3,4,3,,,,,,,,4,4,4,4,4,4,4,4,4,主动响应业务需求,主动策划内部资源管理,无,3.8,37,9,,产品与研发,测试,A
10023282,光储集团,阳光户用储能公司,产品体系,产品检测部,户用光储测试组（上海）,离网测试团队,执行层,协同方,10001829,,,,,,,,,,,,,,,,,,,,,,,,,,,,,,,,3.8,37,9,,产品与研发,测试,A
10023282,光储集团,阳光户用储能公司,产品体系,产品检测部,户用光储测试组（上海）,离网测试团队,执行层,协同方,10000644,3,3,4,3,3,3,2,3,3,4,4,4,,,,,,,,3,4,4,4,3,4,3,3,4,不知道,不知道,无,3.8,37,9,,产品与研发,测试,A
10023282,光储集团,阳光户用储能公司,产品体系,产品检测部,户用光储测试组（上海）,离网测试团队,执行层,下级,10046022,5,5,5,5,5,4,4,5,5,4,5,5,4,4,5,5,4,4,5,5,4,5,5,5,4,5,4,5,,,,3.8,37,9,,产品与研发,测试,A
10023282,光储集团,阳光户用储能公司,产品体系,产品检测部,户用光储测试组（上海）,离网测试团队,执行层,下级,10037880,5,5,5,5,4,5,4,4,5,4,4,4,4,5,5,4,5,5,4,4,5,4,4,4,5,5,4,4,工作安排井然有序，合理规划；对员工表现反馈及时，与员工沟通及时,/,/,3.8,37,9,,产品与研发,测试,A
10023282,光储集团,阳光户用储能公司,产品体系,产品检测部,户用光储测试组（上海）,离网测试团队,执行层,下级,10033040,,,,,,,,,,,,,,,,,,,,,,,,,,,,,,,,3.8,37,9,,产品与研发,测试,A
10023282,光储集团,阳光户用储能公司,产品体系,产品检测部,户用光储测试组（上海）,离网测试团队,执行层,下级,10028737,4,4,4,4,4,4,3,3,4,4,4,4,4,3,4,4,4,4,4,4,4,4,4,5,4,4,4,4,根据实际情况，探索项目可落地的方案。,定期开展专业培训，不断更新专业知识,无,3.8,37,9,,产品与研发,测试,A
10023282,光储集团,阳光户用储能公司,产品体系,产品检测部,户用光储测试组（上海）,离网测试团队,执行层,下级,10026698,,,,,,,,,,,,,,,,,,,,,,,,,,,,,,,,3.8,37,9,,产品与研发,测试,A
10023282,光储集团,阳光户用储能公司,产品体系,产品检测部,户用光储测试组（上海）,离网测试团队,执行层,下级,10026193,4,5,4,5,5,5,4,4,4,4,5,4,5,4,5,5,5,4,4,5,5,5,4,4,4,4,4,5,"1、较强的大局观；
2、责任感强；
3、主动关心下属述求。",劳逸结合，工作太拼，适当注意身体。,无,3.8,37,9,,产品与研发,测试,A
10023282,光储集团,阳光户用储能公司,产品体系,产品检测部,户用光储测试组（上海）,离网测试团队,执行层,下级,10026164,4,5,5,4,5,5,4,4,4,4,5,4,4,4,5,5,5,4,5,5,5,5,5,5,4,4,5,4,"1、恪尽职守，以工作成果为导向，讲究客观事实；
2、多以他人视角看待问题，理性分析处理；
3、同理心较强，待人以诚。擅长跟下属交流反馈自身及下属需要改善之处。","1、讲一些事情情绪波动较大，多解决问题，少展露情绪；
2、讨论参会主题容易发散，需要多聚焦重心，不夸夸其谈。",暂无,3.8,37,9,,产品与研发,测试,A
10023282,光储集团,阳光户用储能公司,产品体系,产品检测部,户用光储测试组（上海）,离网测试团队,执行层,下级,10025579,5,4,5,4,5,4,5,5,5,5,5,4,5,4,5,4,5,4,5,5,5,5,4,5,5,5,5,5,"1、带领团队梳理技术方向；
2、带领团队讨论AI在测试中的应用",暂无,暂无,3.8,37,9,,产品与研发,测试,A
10023282,光储集团,阳光户用储能公司,产品体系,产品检测部,户用光储测试组（上海）,离网测试团队,执行层,上级,10022529,3,4,4,5,4,4,4,3,4,4,5,4,4,3,4,4,4,4,4,4,4,4,4,4,5,5,5,5,"1、沟通比较开放，能坦诚面对问题进行沟通；
2、结果导向，对工作追求结果、并有很好的思路去执行并达成；
3、能抓住关键问题；","1、多走出去与周边部门交流，互相成就；
2、抓高价值的事情，不要局限于具体项目细节；",无,3.8,37,9,,产品与研发,测试,A
10023080,仁卓智能科技,生产中心,,,,,执行层,自己,10023080,4,5,5,5,5,5,3,4,4,5,5,5,5,5,5,5,4,4,5,5,5,5,5,4,5,5,5,5,1、积极和客户沟通，成功拿下项目订单，为公司开源贡献力量；2、梯队建设有序推进，人才培养计划全面，部门工作授权执行有效,1、补齐行政、人事、后勤、安全环保、法务等综合管理知识，不再只聚焦产线；2、提升对外对接能力：对接政府、园区、客户、第三方机构，掌握商务沟通与公共关系处理技巧。,无,3.9,40,3,,,,
10023080,仁卓智能科技,生产中心,,,,,执行层,协同方,10045560,2,2,2,2,2,3,2,2,2,2,3,3,,,,,,,,2,2,2,3,3,2,3,4,4,生产管理经验丰富,无,无,3.9,40,3,,,,
10023080,仁卓智能科技,生产中心,,,,,执行层,协同方,10042906,4,4,4,4,3,3,3,3,3,4,3,4,,,,,,,,3,3,4,4,4,4,3,3,3,推动生产配合供货,生产流程优化,暂无,3.9,40,3,,,,
10023080,仁卓智能科技,生产中心,,,,,执行层,协同方,10031943,3,3,3,4,4,4,3,2,3,3,2,3,,,,,,,,2,3,4,3,2,3,5,3,5,1、有较强的内部资源整合能力；,决策过程需要从公司层面考虑，减少部门本位主义。,无,3.9,40,3,,,,
10023080,仁卓智能科技,生产中心,,,,,执行层,协同方,10030258,5,5,5,5,5,5,4,4,4,5,5,5,,,,,,,,5,5,4,4,5,5,5,5,5,高情商和部门管理,海外业务和跨部门,无,3.9,40,3,,,,
10023080,仁卓智能科技,生产中心,,,,,执行层,协同方,10030208,2,2,2,2,3,2,2,2,2,3,3,2,,,,,,,,2,2,3,2,3,3,3,2,5,愿意承担销售职责,生产端需要多花心思，解决供应链难度,工厂的完善,3.9,40,3,,,,
10023080,仁卓智能科技,生产中心,,,,,执行层,协同方,10029063,3,3,3,3,3,4,3,4,4,4,4,3,,,,,,,,3,3,4,3,3,3,3,3,3,无,无,无,3.9,40,3,,,,
10023080,仁卓智能科技,生产中心,,,,,执行层,协同方,10024839,,,,,,,,,,,,,,,,,,,,,,,,,,,,,,,,3.9,40,3,,,,
10023080,仁卓智能科技,生产中心,,,,,执行层,协同方,10023138,5,5,4,4,3,2,1,2,3,3,4,3,,,,,,,,3,4,4,4,4,4,3,3,4,无,无,无,3.9,40,3,,,,
10023080,仁卓智能科技,生产中心,,,,,执行层,协同方,10023028,2,3,3,3,3,5,2,2,3,4,4,4,,,,,,,,3,3,3,4,4,3,4,1,1,员工凝聚力较强,跨部门协同及支持需提升与加强，思想转变,暂无,3.9,40,3,,,,
10023080,仁卓智能科技,生产中心,,,,,执行层,协同方,10020936,4,3,4,4,3,3,3,3,4,3,3,3,,,,,,,,3,4,4,4,4,4,5,5,5,"1、善于沟通，能够抓住主要矛盾，抓大放小；
2、善于总结，临场发挥能力较强。","1、加强各产品安装顺序的认识，便于组织生产或发货顺序。
2、建议加强在外部客户拓展与沟通方面。",多到公司内部与大家交流。,3.9,40,3,,,,
10023080,仁卓智能科技,生产中心,,,,,执行层,协同方,10017873,3,4,4,4,4,4,4,3,4,4,3,3,,,,,,,,4,4,4,3,4,4,4,4,5,"1.团队建设及活动；
2.跨部门关系",较好的业务能力，可以发挥更多的业务能力。,无,3.9,40,3,,,,
10023080,仁卓智能科技,生产中心,,,,,执行层,协同方,10011679,5,5,5,4,4,4,5,5,4,5,5,4,,,,,,,,4,5,5,4,5,5,5,5,5,暂无,暂无,暂无,3.9,40,3,,,,
10023080,仁卓智能科技,生产中心,,,,,执行层,下级,10024031,4,5,5,4,4,4,4,5,4,5,5,4,4,4,4,4,5,4,4,4,5,5,4,4,5,5,5,5,"1、客户至上、深入分析客户需求，任何时候不因困难退缩，冲锋在前，克服一切困难达成客户需求；
2、公司利益至上、严格要求下属，以身作则，差旅，日常费控，工厂经营成本皆严格要求。","1、更宽的管理方向；
2、营销方向；",注意劳逸结合,3.9,40,3,,,,
10023080,仁卓智能科技,生产中心,,,,,执行层,下级,10020633,5,5,5,5,4,5,4,5,5,5,5,5,4,4,5,5,5,5,5,4,5,5,5,5,5,4,5,5,管理能力强，帮助员工提升能力,暂无,暂无,3.9,40,3,,,,
10023080,仁卓智能科技,生产中心,,,,,执行层,下级,10017345,,,,,,,,,,,,,,,,,,,,,,,,,,,,,,,,3.9,40,3,,,,
10023080,仁卓智能科技,生产中心,,,,,执行层,上级,10025953,4,4,3,2,3,3,3,2,4,4,4,4,2,2,3,4,2,2,4,3,4,3,3,4,4,4,4,4,提高生产效率方面十分有经验,受限于国内市场环境导致的订单不足，产线开工率一直处于较低水平，需要进一步考虑如何降低成本。,还是要想办法尽快把老项目结尾，全身心扎根在工厂所在地，多跟政府、代工客户交流，把订单引流过来，不能依靠单一客户，要开源节流。,3.9,40,3,,,,
10022546,光储集团,储能事业部,产品经营中心,电力储能产品部,海外产品部,,执行层,自己,10022546,4,4,4,4,5,5,4,5,4,4,4,4,4,4,4,4,4,5,4,4,4,4,4,5,5,5,5,5,有责任心，事事有有效回应及推进,团队分层管理，人才梯队的快速建成,暂时没有,3.9,34,11,,产品与研发,产品,A
10022546,光储集团,储能事业部,产品经营中心,电力储能产品部,海外产品部,,执行层,协同方,10004028,3,3,1,2,2,2,4,2,2,3,4,4,,,,,,,,2,2,2,2,2,3,4,4,4,具备全球化视野。,系统大局观不足，团队内部管理要知人善用，充分发挥团队的优势。,提升系统思维和大局观。,3.9,34,11,,产品与研发,产品,A
10005614,风能事业部,客户服务中心,技术服务部,,,,执行层,上级,10005227,4,4,4,4,5,4,5,4,5,5,4,4,4,5,5,5,4,5,4,5,5,5,4,5,5,5,5,5,"主动思考问题，探索解决方案
关心下属
重视辅导","加强客户关系建设
加强个人技术统筹学习能力",无,11,33,9,,营销,服务-服务技术,B+
10005614,风能事业部,客户服务中心,技术服务部,,,,执行层,下级,10014199,4,4,4,4,4,4,3,3,4,4,5,5,5,3,4,4,4,5,4,4,3,4,4,4,5,4,5,4,"1、耐心，严谨，问题思考全面
2、执行力强
3、身体力行","领导力稍有欠缺
",/,11,33,9,,营销,服务-服务技术,B+
10005614,风能事业部,客户服务中心,技术服务部,,,,执行层,下级,10017927,3,5,4,4,5,4,3,3,5,5,5,4,5,5,4,4,4,4,5,4,4,4,4,4,5,4,5,5,"（1）跨部门协调，积极推动与事业部其他部门合作
（2）人员分配，根据内部不同人员特性合理分配","（1）加强新员工培养
（2）加强团队不同业务方向建设",无,11,33,9,,营销,服务-服务技术,B+
10005614,风能事业部,客户服务中心,技术服务部,,,,执行层,下级,10020173,5,5,5,5,5,4,5,5,5,5,5,5,5,5,5,4,5,5,5,5,4,5,5,5,4,5,5,5,"1、从不同的角度看问题且有逻辑性
2、主动学习",1、多与客户沟通，发展客户关系,无,11,33,9,,营销,服务-服务技术,B+
10005614,风能事业部,客户服务中心,技术服务部,,,,执行层,下级,10024474,5,5,5,5,5,5,5,5,5,5,5,5,5,5,5,5,5,5,5,5,5,5,5,5,5,5,5,5,"1）工作努力认真负责
2）对待下属温柔有耐心
3）对员工难处能体谅",无,无,11,33,9,,营销,服务-服务技术,B+
10005614,风能事业部,客户服务中心,技术服务部,,,,执行层,下级,10028593,4,5,5,5,5,5,4,3,5,4,5,5,5,4,4,5,4,5,4,4,5,4,4,5,4,5,4,5,"1、统筹全局：面对批量现场故障与共性问题，不局限单点处理，统筹资源牵头根因复盘，制定整改措施与长效管控方案，推动问题系统性解决；
2、经验分享：结合现场典型案例，开展内部经验分享与技能培训，带领团队提升故障分析与处置能力。","1、可发展：缺少季节性、环境性风险提前预判。
建议：结合温湿度、凝露曲线、地域气候特点，提前发布季节性运维提示。
2、可发展：疑难、批量问题跨部门推进力度。
建议：主动建立研发、工艺、售后常态化沟通机制，加速疑难问题落地解决。",无,11,33,9,,营销,服务-服务技术,B+
10005614,风能事业部,客户服务中心,技术服务部,,,,执行层,下级,10028801,4,4,4,4,4,4,4,3,4,5,4,4,4,4,4,4,4,4,4,4,4,4,4,4,4,4,4,4,略,暂无,暂无,11,33,9,,营销,服务-服务技术,B+
10005614,风能事业部,客户服务中心,技术服务部,,,,执行层,下级,10029083,5,4,5,4,4,4,3,5,5,4,3,4,4,3,5,5,5,5,5,4,4,5,5,5,4,4,5,5,"现场问题处理思路清晰，总能给员工明确方向。
对团队成员很贴心，愿意倾听大家的想法。
分工公平合理，大家的工作量都很均衡。","平时可以多给大家一些正向反馈，比如项目有进展的时候多夸夸，大家干活也更有动力。
可以多向员工定期了解工作当前工作难点，遇到的问题及需求。
可以多给大家安排一些新技术的学习机会，帮大家拓展一下能力边界。",无,11,33,9,,营销,服务-服务技术,B+
10005614,风能事业部,客户服务中心,技术服务部,,,,执行层,下级,10036676,4,4,3,4,4,3,3,4,3,4,4,4,4,3,3,4,4,3,3,3,3,4,4,4,4,3,4,4,积极提出组员问题,持续学习,一起努力,11,33,9,,营销,服务-服务技术,B+
10005614,风能事业部,客户服务中心,技术服务部,,,,执行层,下级,10047378,4,5,5,5,5,4,4,4,4,5,5,5,5,4,5,4,5,4,4,4,5,4,5,4,5,4,5,4,"1、对产品了解更深入
2、主动学习与工作相关的知识","1、细化工作部署内容
2、明确工作结果与期望发展方向",多组织团建,11,33,9,,营销,服务-服务技术,B+
10005614,风能事业部,客户服务中心,技术服务部,,,,执行层,协同方,10000649,4,5,5,5,5,4,5,5,5,5,5,4,,,,,,,,5,4,4,5,4,5,5,4,5,"分析问题有条理
主动分享先进经验
善于学习新知识",不局限于外部客户，可以更多关注内部事务的协调管理,果断行事,11,33,9,,营销,服务-服务技术,B+
10005614,风能事业部,客户服务中心,技术服务部,,,,执行层,协同方,10000940,4,4,4,4,4,4,3,4,4,4,4,4,,,,,,,,4,4,4,5,4,4,5,5,5,无,无,无,11,33,9,,营销,服务-服务技术,B+
10005614,风能事业部,客户服务中心,技术服务部,,,,执行层,协同方,10012700,4,4,3,5,4,3,3,4,4,5,5,5,,,,,,,,3,3,4,4,3,4,5,5,5,严谨、认真,人员管理：多主动与下属沟通，减少下属抱怨，具备同理心。,无,11,33,9,,营销,服务-服务技术,B+
10005614,风能事业部,客户服务中心,技术服务部,,,,执行层,协同方,10017093,4,4,4,3,4,4,4,4,4,3,4,3,,,,,,,,4,4,3,4,4,3,3,4,4,1.合规。2.内部协调。3.技术,无,无,11,33,9,,营销,服务-服务技术,B+
10005614,风能事业部,客户服务中心,技术服务部,,,,执行层,协同方,10017296,4,5,4,5,4,5,4,5,4,5,4,5,,,,,,,,4,5,4,5,4,5,4,5,4,处理问题及时高效,暂无,暂无,11,33,9,,营销,服务-服务技术,B+
10005614,风能事业部,客户服务中心,技术服务部,,,,执行层,自己,10005614,4,5,5,5,5,5,4,4,5,5,5,4,5,5,5,5,4,5,5,5,4,4,5,5,5,5,5,5,善于发挥部门和个人长处推动问题快速闭环，减少客户端影响；同时较为主动思考部门标准化制定，提升部门工作输出质量；了解新数字化工具，提升部门工作效率，跨部门协作效率。,持续挖掘产品客户端应用痛点，创新提出产品优化建议,暂无,11,33,9,,营销,服务-服务技术,B+
10022546,光储集团,储能事业部,产品经营中心,电力储能产品部,海外产品部,,执行层,协同方,10023794,,,,,,,,,,,,,,,,,,,,,,,,,,,,,,,,3.9,34,11,,产品与研发,产品,A
10022546,光储集团,储能事业部,产品经营中心,电力储能产品部,海外产品部,,执行层,协同方,10021389,4,3,4,4,3,5,5,5,4,5,4,5,,,,,,,,4,4,3,3,3,4,5,4,5,"对工作堵点，能快速升级决策，推进项目进行
快速get问题核心，并给出积极的方案建议",暂无,暂无,3.9,34,11,,产品与研发,产品,A
10022546,光储集团,储能事业部,产品经营中心,电力储能产品部,海外产品部,,执行层,协同方,10018912,2,1,1,2,2,2,4,2,3,4,4,2,,,,,,,,2,3,4,2,3,4,5,4,5,无,注意格局提升、抓大放小、找到核心问题、表述简洁,注意格局提升、抓大放小、表述简洁、打破信息茧房、关注人的需求与状态,3.9,34,11,,产品与研发,产品,A
10022546,光储集团,储能事业部,产品经营中心,电力储能产品部,海外产品部,,执行层,协同方,10017791,4,4,5,4,4,4,5,5,4,5,4,4,,,,,,,,4,4,4,5,5,4,5,5,5,沟通、勤奋,领导力、,\,3.9,34,11,,产品与研发,产品,A
10022546,光储集团,储能事业部,产品经营中心,电力储能产品部,海外产品部,,执行层,协同方,10016721,3,4,3,4,3,3,5,4,4,5,5,4,,,,,,,,4,4,5,4,4,3,5,5,5,客户对接；重点攻关,团队管理；下属辅导,无,3.9,34,11,,产品与研发,产品,A
10022546,光储集团,储能事业部,产品经营中心,电力储能产品部,海外产品部,,执行层,协同方,10015878,5,4,5,4,4,4,5,5,5,5,5,4,,,,,,,,4,5,4,4,4,5,5,4,4,具备较强的国际视野，并且业务能力出众；,业务能力优秀，但是团队管理能力需要加强，实际情况下放手成长反而能够取到意想不到的收获；,业务能力优秀，得到上下游一致认可，但是团队创新管理方式上还需要优化，团队活力稍显不足；,3.9,34,11,,产品与研发,产品,A
10022546,光储集团,储能事业部,产品经营中心,电力储能产品部,海外产品部,,执行层,协同方,10013696,5,4,4,4,4,4,5,4,5,5,4,5,,,,,,,,4,4,4,5,4,4,5,5,5,乐于助人,更加关注区域业务的宏观情况，更多的参与战略制定,无,3.9,34,11,,产品与研发,产品,A
10022546,光储集团,储能事业部,产品经营中心,电力储能产品部,海外产品部,,执行层,协同方,10013049,4,5,4,4,4,4,4,3,3,4,5,4,,,,,,,,4,4,4,4,4,4,4,4,4,客户需求识别高效,暂无,暂无,3.9,34,11,,产品与研发,产品,A
10022546,光储集团,储能事业部,产品经营中心,电力储能产品部,海外产品部,,执行层,协同方,10019447,3,5,4,3,3,3,5,4,4,4,5,4,,,,,,,,5,3,5,3,5,4,5,5,5,协调能力，沟通能力强,市场思维及客户思维可再提升,无,3.9,34,11,,产品与研发,产品,A
10022546,光储集团,储能事业部,产品经营中心,电力储能产品部,海外产品部,,执行层,协同方,10011959,4,3,4,3,3,3,5,3,4,4,5,5,,,,,,,,4,3,5,3,3,4,4,5,5,主动地学习、理解和尊重不同文化，具备较好的国际化视野。,深入洞察竞品及场景，精准提升产品竞争力。,无,3.9,34,11,,产品与研发,产品,A
10022546,光储集团,储能事业部,产品经营中心,电力储能产品部,海外产品部,,执行层,协同方,10022840,4,5,5,4,5,5,5,5,4,5,4,5,,,,,,,,5,5,5,4,5,5,5,4,5,"统筹协调能力突出，能跨部门联动、整合资源解决问题
国际化视野宽阔，文化尊重优异；","团队赋能和分层培养力度不足，对下属指导多、放手历练少
新知识、新政策钻研深度不够",优化授权管理，合理分工放权，给下属更多历练机会，同时做好过程督导与复盘。,3.9,34,11,,产品与研发,产品,A
10022546,光储集团,储能事业部,产品经营中心,电力储能产品部,海外产品部,,执行层,协同方,10007764,5,5,4,5,5,4,5,5,4,4,5,5,,,,,,,,5,4,5,5,5,5,4,5,5,"1、面对难题不退缩，遇到技术或流程上的复杂问题时，不抱怨不推诿，而是系统分析、积极尝试多种方案直到解决；
2、提出创新想法并推动落地，不止于提建议，还能拿出初步方案、争取资源、牵头测试，把“金点子”变成实际改进。",无,无,3.9,34,11,,产品与研发,产品,A
10022546,光储集团,储能事业部,产品经营中心,电力储能产品部,海外产品部,,执行层,协同方,10003745,4,4,4,4,4,3,4,5,5,5,5,5,,,,,,,,4,5,4,4,4,4,4,5,5,较强的项目推进能力,项目的平台化配置推进,无,3.9,34,11,,产品与研发,产品,A
10022546,光储集团,储能事业部,产品经营中心,电力储能产品部,海外产品部,,执行层,协同方,10003244,5,4,4,4,4,5,5,4,5,5,5,4,,,,,,,,4,4,5,4,4,4,5,4,4,业务覆盖区域广，工作负责，抗压能力强,适当进行放权，抓大放小,无,3.9,34,11,,产品与研发,产品,A
10005728,制造体系,亚太工厂,泰国公司,制造,仓储部,,执行层,上级,10026778,4,5,4,4,4,3,3,2,2,2,2,2,4,4,2,4,3,4,4,4,4,3,3,2,2,4,4,5,"1、工作细致；
2、做事有计划性、工作条理清晰。","1、更关注个人工作目标，对团队整体利益考虑不够全面。
2、在协调处理问题时，沟通效率和合作意识需进一步增强。",没有,10.9,36,8,,生产,仓储管理,A
10005728,制造体系,亚太工厂,泰国公司,制造,仓储部,,执行层,下级,10019658,5,5,5,5,5,4,4,5,4,5,5,4,5,4,5,4,5,5,5,5,4,4,4,5,4,5,4,4,1.แก้ปัญหาได้อย่างรวดเร็ว 2.ใส่ใจความเป็นอยู่ของพนักงาน,1.แนะนำวิธีแก้ปัญหาและอบรมในสิ่งที่เราไม่รู้อยู่เสมอชี้แนะการป้องกันและแนวทางป้องกันปัญหาเสมอ,โดยรวมถือว่าทุกอย่างดีหมดเพียงแค่ต้องเรียนรู้วัฒนธรรมไทยเพิ่มขึ้นเกี่ยวกับการทำงานของคนไทยและคนจีน,10.9,36,8,,生产,仓储管理,A
10005728,制造体系,亚太工厂,泰国公司,制造,仓储部,,执行层,下级,10037114,4,5,5,5,5,4,4,4,5,4,4,4,4,4,5,5,5,5,5,4,5,5,4,5,5,5,5,5,无论是部门内还是外部门的需求还是问题都能积极响应、及时解决,无,无,10.9,36,8,,生产,仓储管理,A
10005728,制造体系,亚太工厂,泰国公司,制造,仓储部,,执行层,下级,10040245,5,5,5,5,5,5,3,4,5,5,5,5,5,5,4,4,5,5,5,5,5,5,5,5,5,5,5,5,"Uphold high standards and discipline., Minimize bureaucracy, stay fair, avoid politics, and remain professional., Focus on results through effective planning and execution.",The individual is advised to clearly articulate their requirements.,No further comments.,10.9,36,8,,生产,仓储管理,A
10005728,制造体系,亚太工厂,泰国公司,制造,仓储部,,执行层,下级,10040330,5,4,3,4,4,4,4,4,4,4,4,3,4,4,4,4,4,3,3,3,4,3,4,4,3,4,4,4,"-ไอเดีย
-ความกล้าลองผิดลองถูก
-ความกล้าสื่อสาร เมื่อปัญหาเริ่มกระทบกับตนเอง","-การประเมินความเหมาะสมด้านการดำเนินงาน ให้สอดคล้องกับการดำเนินงานหลักของประเทศไทย เนื่องจากพนักงานส่วนใหญ่เป็นคนไทย 
",ไม่มี,10.9,36,8,,生产,仓储管理,A
10005728,制造体系,亚太工厂,泰国公司,制造,仓储部,,执行层,下级,10045506,5,4,4,4,4,4,4,4,4,4,4,4,4,4,5,4,4,4,4,4,4,4,4,4,4,4,4,4,1.They place great importance on rules and regulations in the workplace 2.They are committed to achieving the department's goals in all aspects,1.Learn about the cultural aspects of Thai employees and emphasize their mindset.  2.Try to use your mistakes as a lesson for future improvements,"Being open to different perspectives and listening to diverse viewpoints, and acknowledging differences in work principles and stressful situations, provides additional guidance to boost morale, create balance, and help overcome challenges from an entrepreneurial perspective",10.9,36,8,,生产,仓储管理,A
10005728,制造体系,亚太工厂,泰国公司,制造,仓储部,,执行层,下级,10045819,5,5,4,4,5,4,4,3,4,4,4,4,4,3,5,3,5,4,4,5,5,4,3,5,4,3,5,5,"In terms of work, they demonstrate excellent management skills and have practical ideas that can be effectively applied in real situations.
","There is room for improvement in understanding the cultural differences between Thai and Chinese working styles, and I would encourage greater flexibility and mutual understanding in cross-cultural collaboration. Additionally, communication could be delivered in a softer and more approachable manner to help create a more comfortable working environment.
",No,10.9,36,8,,生产,仓储管理,A
10005728,制造体系,亚太工厂,泰国公司,制造,仓储部,,执行层,协同方,10000717,3,3,3,2,3,3,4,3,2,2,2,2,,,,,,,,4,4,3,4,3,2,4,5,5,工作思考细致，积极主动追究根因,"提升跨部门团队协作
跳出本部门职责倾听他人需求，本土团队协同多引导少决策。",整个流程系统评估利弊,10.9,36,8,,生产,仓储管理,A
10005728,制造体系,亚太工厂,泰国公司,制造,仓储部,,执行层,协同方,10001548,4,4,3,3,3,3,3,3,2,4,3,4,,,,,,,,4,3,4,4,3,3,4,3,4,坚持底线行为。,多进行跨部门协同；多进行有效沟通，不要冲动。,暂无,10.9,36,8,,生产,仓储管理,A
10005728,制造体系,亚太工厂,泰国公司,制造,仓储部,,执行层,协同方,10012219,3,4,4,4,5,5,4,4,5,5,5,5,,,,,,,,4,4,5,4,4,4,4,5,5,"1、工作认真负责，部门榜样。激励团队成员，高效完成部门绩效。
2、维护团结，能够顾全大局，与各协作部门能够高效沟通，处理协作事项。
3、积极采取新措施和尝试新方法，持续提升工作效率。",无,无,10.9,36,8,,生产,仓储管理,A
10005728,制造体系,亚太工厂,泰国公司,制造,仓储部,,执行层,协同方,10014328,4,4,4,4,4,5,4,5,4,4,4,5,,,,,,,,4,5,4,4,4,5,5,4,4,主动识别需要完成的任务并积极采取行动，不会被动等待他人的要求,无,无,10.9,36,8,,生产,仓储管理,A
10005728,制造体系,亚太工厂,泰国公司,制造,仓储部,,执行层,协同方,10023227,1,2,2,2,2,1,2,2,2,3,2,2,,,,,,,,2,3,3,2,3,1,4,3,3,考虑合规性,组织建设思维，公司战略实现的理解需要加强；对于当下环境和业务的判断不够明晰，对于业务开展与跨部门协同急需加强,无,10.9,36,8,,生产,仓储管理,A
10005728,制造体系,亚太工厂,泰国公司,制造,仓储部,,执行层,协同方,10040531,,,,,,,,,,,,,,,,,,,,,,,,,,,,,,,,10.9,36,8,,生产,仓储管理,A
10005728,制造体系,亚太工厂,泰国公司,制造,仓储部,,执行层,协同方,10047338,3,3,3,4,3,3,3,3,4,3,3,4,,,,,,,,3,4,3,3,3,3,3,3,3,-,-,-,10.9,36,8,,生产,仓储管理,A
10005728,制造体系,亚太工厂,泰国公司,制造,仓储部,,执行层,自己,10005728,5,5,5,4,5,4,5,4,5,4,4,5,4,4,5,5,5,4,5,5,5,5,5,4,4,5,5,5,"1,执行力力度高
2，接地气，融合泰国当地文化
3，有始有终，不拖拉","1，性格冲动，需要学会掌控自己的天气
",无,10.9,36,8,,生产,仓储管理,A
10022546,光储集团,储能事业部,产品经营中心,电力储能产品部,海外产品部,,执行层,协同方,10000924,,,,,,,,,,,,,,,,,,,,,,,,,,,,,,,,3.9,34,11,,产品与研发,产品,A
10022546,光储集团,储能事业部,产品经营中心,电力储能产品部,海外产品部,,执行层,协同方,10000828,,,,,,,,,,,,,,,,,,,,,,,,,,,,,,,,3.9,34,11,,产品与研发,产品,A
10022546,光储集团,储能事业部,产品经营中心,电力储能产品部,海外产品部,,执行层,下级,10044405,3,2,3,2,3,1,2,3,2,3,3,3,2,3,3,3,3,3,4,2,3,4,3,4,3,3,4,5,1、能够很快的把握事项的核心 2、可以换位思考,1、合理规划人才队伍，建立人才梯队 2、深入洞察，持续跟踪内外部客户需求及满足情况,可以有效地发挥跨部门影响力，链接跨部门资源，推进复杂问题的解决,3.9,34,11,,产品与研发,产品,A
10022546,光储集团,储能事业部,产品经营中心,电力储能产品部,海外产品部,,执行层,下级,10037511,4,4,5,4,5,4,4,4,5,4,5,4,4,5,5,5,4,4,4,4,4,5,4,5,4,4,4,5,沟通能力,团队建设不足,无,3.9,34,11,,产品与研发,产品,A
10022546,光储集团,储能事业部,产品经营中心,电力储能产品部,海外产品部,,执行层,下级,10036370,5,5,5,5,4,5,5,5,5,5,4,4,5,5,5,5,5,5,5,5,5,5,5,5,5,5,5,5,"1. 非常具备执行力，能够做到言出必行。
2. 有态度和立场，能够积极主动表达自己对于业务需求的态度。
3. 非常有原则，且尊重规则。",暂时无建议。,暂时无建议。,3.9,34,11,,产品与研发,产品,A
10022546,光储集团,储能事业部,产品经营中心,电力储能产品部,海外产品部,,执行层,下级,10035170,,,,,,,,,,,,,,,,,,,,,,,,,,,,,,,,3.9,34,11,,产品与研发,产品,A
10022546,光储集团,储能事业部,产品经营中心,电力储能产品部,海外产品部,,执行层,下级,10034659,4,4,5,4,4,5,5,5,5,4,4,4,4,5,5,4,4,5,4,4,5,4,4,4,5,5,5,5,不官僚主义，敢于杜绝形式主义，尊重并理解团队成员，能最大化激发部门成员的工作积极性与自驱力。,投入更多精力在部门成员扩张方面，随着前端团队规模扩张，适当加强本部门团队预期管理，确保足够人力资源应对人员流动带来的挑战。,暂无,3.9,34,11,,产品与研发,产品,A
10022546,光储集团,储能事业部,产品经营中心,电力储能产品部,海外产品部,,执行层,下级,10034657,,,,,,,,,,,,,,,,,,,,,,,,,,,,,,,,3.9,34,11,,产品与研发,产品,A
10022546,光储集团,储能事业部,产品经营中心,电力储能产品部,海外产品部,,执行层,下级,10029175,3,3,3,3,4,3,4,4,4,4,4,3,3,2,5,3,3,3,2,3,3,3,3,3,3,3,3,5,"1、工作认真；
2、调理清晰；","1、和员工互动较少；
2、数字化参与较少；",建议提升耐心、亲和力,3.9,34,11,,产品与研发,产品,A
10022546,光储集团,储能事业部,产品经营中心,电力储能产品部,海外产品部,,执行层,下级,10029086,,,,,,,,,,,,,,,,,,,,,,,,,,,,,,,,3.9,34,11,,产品与研发,产品,A
10022546,光储集团,储能事业部,产品经营中心,电力储能产品部,海外产品部,,执行层,下级,10028859,,,,,,,,,,,,,,,,,,,,,,,,,,,,,,,,3.9,34,11,,产品与研发,产品,A
10022546,光储集团,储能事业部,产品经营中心,电力储能产品部,海外产品部,,执行层,下级,10027091,4,4,4,4,4,3,4,3,4,4,4,4,4,4,5,3,4,4,4,4,4,4,4,4,4,4,4,4,跨部门管理、部门间协助相处值得学习,优化团队建设和管理,无,3.9,34,11,,产品与研发,产品,A
10022546,光储集团,储能事业部,产品经营中心,电力储能产品部,海外产品部,,执行层,下级,10025520,4,3,4,3,4,5,4,4,4,4,4,5,4,3,4,3,4,4,5,4,4,4,5,4,5,4,5,4,认真听下属的意见，鼓励团队成员团结友爱，重视团队文化，打破沟通避雷,项目进展可以更多的关注和深入,可以更多关注一下下面人员的梯队成长,3.9,34,11,,产品与研发,产品,A
10022546,光储集团,储能事业部,产品经营中心,电力储能产品部,海外产品部,,执行层,下级,10024532,2,3,3,3,3,3,2,3,3,4,3,3,3,2,2,2,2,2,3,2,2,3,3,2,3,3,3,4,.,.,.,3.9,34,11,,产品与研发,产品,A
10022546,光储集团,储能事业部,产品经营中心,电力储能产品部,海外产品部,,执行层,下级,10024038,4,4,5,5,5,5,4,4,5,5,5,5,4,4,4,4,4,4,4,5,4,5,4,5,4,5,5,4,"1. 逻辑清晰
2. 雷厉风行","1. 在已经出色的基础上继续增加组织领导能力
2. 更多出差当地，支持当地工作",无,3.9,34,11,,产品与研发,产品,A
10022546,光储集团,储能事业部,产品经营中心,电力储能产品部,海外产品部,,执行层,上级,10009176,4,4,4,5,3,4,5,3,5,5,5,5,3,3,5,3,3,4,3,4,5,5,3,5,5,4,5,5,执行力强，国际化视野。,需更加客观，更加坚韧。,暂无,3.9,34,11,,产品与研发,产品,A
10022517,光储集团,充电事业部,产品中心,研发中心,电力电子硬件部,,执行层,自己,10022517,5,5,4,3,4,4,4,3,4,5,4,4,4,4,4,4,4,2,3,4,4,3,2,4,4,3,4,4,"1. 跨部门积极献言，给于合理建议，推动产品性能更好
2. 关心员工状态，积极沟通",1. 跨地域人员分工与优化需要持续加强,无,3.9,32,12,,产品与研发,硬件,B+
10022517,光储集团,充电事业部,产品中心,研发中心,电力电子硬件部,,执行层,协同方,10046798,3,3,3,1,2,2,3,2,2,3,4,3,,,,,,,,4,3,3,2,4,3,4,2,4,目前没有发现突出点,暂没法评价,暂没法评价,3.9,32,12,,产品与研发,硬件,B+
10022517,光储集团,充电事业部,产品中心,研发中心,电力电子硬件部,,执行层,协同方,10042234,5,5,5,5,4,3,3,3,4,3,3,3,,,,,,,,3,3,4,2,3,3,3,3,4,积极响应,无,无,3.9,32,12,,产品与研发,硬件,B+
10022517,光储集团,充电事业部,产品中心,研发中心,电力电子硬件部,,执行层,协同方,10035486,5,4,4,4,4,4,5,4,4,3,4,4,,,,,,,,5,5,4,4,5,5,4,4,5,接触不多，暂无,接触不多，暂无,暂无,3.9,32,12,,产品与研发,硬件,B+
10022517,光储集团,充电事业部,产品中心,研发中心,电力电子硬件部,,执行层,协同方,10026770,3,4,4,4,3,5,4,4,3,4,5,4,,,,,,,,4,4,4,3,4,4,4,5,5,"1、以满足客户需求为准
2、响应及时",暂无,暂无,3.9,32,12,,产品与研发,硬件,B+
10022517,光储集团,充电事业部,产品中心,研发中心,电力电子硬件部,,执行层,协同方,10015940,4,4,4,4,5,4,4,4,4,4,5,5,,,,,,,,4,5,5,4,5,5,4,5,5,专业务实。,状态积极。,技术突破。,3.9,32,12,,产品与研发,硬件,B+
10022517,光储集团,充电事业部,产品中心,研发中心,电力电子硬件部,,执行层,协同方,10015760,5,5,5,4,3,4,3,3,4,4,4,3,,,,,,,,4,4,4,5,4,4,5,5,5,"1. 能够以身作则，在项目需要情况下带领团队成员一起赶进度。
2. 能够持续关注行业发展动态，提出自己的看法和洞察，并制定可执行的实现路径。","1. 需要持续推进部门的平台化，模块化规划和落地工作，
2. 硬件工程师作为开发流程的串联者，需要强化硬件工程师责任感，站出来牵头解决协同性问题。",无,3.9,32,12,,产品与研发,硬件,B+
10022517,光储集团,充电事业部,产品中心,研发中心,电力电子硬件部,,执行层,协同方,10014592,4,3,3,4,3,3,2,3,4,4,4,4,,,,,,,,4,3,2,2,4,3,5,5,5,主动积极协同其他部门共同解决问题,无,无,3.9,32,12,,产品与研发,硬件,B+
10022517,光储集团,充电事业部,产品中心,研发中心,电力电子硬件部,,执行层,协同方,10013915,4,3,4,3,3,4,4,4,4,4,5,4,,,,,,,,5,4,4,4,5,5,4,5,5,工作思路清晰,更多了解外部竞争对手动态，追赶并超越对手,推动团队预研,3.9,32,12,,产品与研发,硬件,B+
10022517,光储集团,充电事业部,产品中心,研发中心,电力电子硬件部,,执行层,协同方,10013912,3,4,4,4,3,4,4,3,4,4,4,4,,,,,,,,3,4,4,3,4,4,4,5,5,基本功扎实，主动积极,开阔视野，拥有战略思维,与结构紧密沟通，减少硬件及结构问题,3.9,32,12,,产品与研发,硬件,B+
10022517,光储集团,充电事业部,产品中心,研发中心,电力电子硬件部,,执行层,协同方,10006816,3,4,3,3,3,4,2,2,2,3,3,2,,,,,,,,3,4,5,5,4,4,5,5,5,不太清楚,与电气的协同,无,3.9,32,12,,产品与研发,硬件,B+
10022517,光储集团,充电事业部,产品中心,研发中心,电力电子硬件部,,执行层,下级,10042038,5,5,5,4,4,5,3,4,4,4,4,5,4,4,5,4,5,5,5,4,4,4,5,4,4,5,5,5,"1、能及时响应下面反馈的问题并给出解决方案
",无,无,3.9,32,12,,产品与研发,硬件,B+
10022517,光储集团,充电事业部,产品中心,研发中心,电力电子硬件部,,执行层,下级,10034880,4,4,4,5,4,3,4,3,3,4,4,4,4,5,3,4,3,4,4,4,5,4,4,4,4,4,3,4,技术扎实,适当的给工程师决定权,无,3.9,32,12,,产品与研发,硬件,B+
10022517,光储集团,充电事业部,产品中心,研发中心,电力电子硬件部,,执行层,下级,10033911,5,5,5,5,5,4,4,5,4,5,5,4,4,4,5,5,5,4,5,5,4,5,4,5,4,4,5,4,"1.技术能力优秀，有敏锐的洞察力，可以快速定位到问题原因；
2.涉猎广泛，对于整个硬件开发的全过程都能非常的熟悉",注意休息，劳逸结合，太拼命工作搞得身体状态很一般,注意休息，劳逸结合，太拼命工作搞得身体状态很一般,3.9,32,12,,产品与研发,硬件,B+
10022517,光储集团,充电事业部,产品中心,研发中心,电力电子硬件部,,执行层,下级,10027118,4,4,4,4,3,3,3,4,3,4,4,4,3,3,3,4,4,3,4,4,4,4,3,4,4,3,4,4,能做好部门任务管理登记和关键事项记录，并跟踪问题闭环,目前产品人员分配只满足了产品开发系列欠账，产品迭代和预研工作会关乎产品竞争力和研发项目开发周期。建议：1.跨部门协调资源看是否能把预研工作做好；2.同功率级需要关注竞争对手是否有性能更好的产品出现，需要提前布局产品迭代，维护品牌印象；,部门人员需要理清产品开发痛点，持续深耕痛点问题的解决方法，积累经验，为后续产品开发提供科学指导，能一次性把事情做对，避免事后补救,3.9,32,12,,产品与研发,硬件,B+
10022517,光储集团,充电事业部,产品中心,研发中心,电力电子硬件部,,执行层,下级,10025839,5,5,4,5,4,5,4,5,4,5,5,5,5,5,5,5,4,5,5,5,5,5,4,5,5,5,5,4,引导下级解决问题；难点问题能总结承担责任。,无,无,3.9,32,12,,产品与研发,硬件,B+
10022517,光储集团,充电事业部,产品中心,研发中心,电力电子硬件部,,执行层,下级,10022161,4,4,3,4,4,4,3,2,4,4,4,3,4,4,4,4,3,3,3,4,4,3,2,3,3,4,4,5,严谨,资源分配,无,3.9,32,12,,产品与研发,硬件,B+
10022517,光储集团,充电事业部,产品中心,研发中心,电力电子硬件部,,执行层,下级,10021366,4,4,4,4,4,3,3,4,3,3,2,2,3,3,3,4,3,3,3,3,3,2,4,3,3,3,4,3,无,无,无,3.9,32,12,,产品与研发,硬件,B+
10022517,光储集团,充电事业部,产品中心,研发中心,电力电子硬件部,,执行层,下级,10017068,5,4,5,4,4,5,5,4,5,4,5,5,4,5,4,5,5,4,4,5,5,4,5,5,5,5,5,5,无,无,无,3.9,32,12,,产品与研发,硬件,B+
10022517,光储集团,充电事业部,产品中心,研发中心,电力电子硬件部,,执行层,下级,10016903,5,5,5,5,5,5,5,4,4,5,5,5,4,3,5,5,5,5,5,5,5,4,3,5,5,4,5,5,责任心强、工作态度严谨细致、对交付产物审核充分、对技术问题追寻根本,无,无,3.9,32,12,,产品与研发,硬件,B+
10022517,光储集团,充电事业部,产品中心,研发中心,电力电子硬件部,,执行层,下级,10016832,4,4,4,4,4,4,4,4,4,4,4,4,4,4,4,4,4,4,4,4,4,4,4,4,4,4,4,4,无,无,无,3.9,32,12,,产品与研发,硬件,B+
10022517,光储集团,充电事业部,产品中心,研发中心,电力电子硬件部,,执行层,下级,10016831,3,3,3,3,3,3,4,3,4,3,4,4,4,4,3,4,3,4,3,4,3,4,4,4,4,4,4,4,工作严谨，考虑周全,适当放手,多组织内部学习、经验分享,3.9,32,12,,产品与研发,硬件,B+
10022517,光储集团,充电事业部,产品中心,研发中心,电力电子硬件部,,执行层,下级,10013913,5,5,5,5,5,4,5,5,5,5,5,5,5,4,5,5,5,5,5,5,5,5,5,4,5,5,5,5,以身作则，积极践行。,无。,无,3.9,32,12,,产品与研发,硬件,B+
10022517,光储集团,充电事业部,产品中心,研发中心,电力电子硬件部,,执行层,上级,10013919,4,4,3,3,4,3,2,4,3,4,4,4,3,3,3,4,4,3,3,4,4,4,3,4,4,4,4,5,工作主动积极，善于沟通，团队协作能力好,合理资源分配，提升团队效率；以结果导向，将技术落地；,无,3.9,32,12,,产品与研发,硬件,B+
10021621,光储集团,储能事业部,工商业储能产品线,产品开发部,,,执行层,自己,10021621,4,5,5,4,4,3,4,5,4,4,4,3,4,4,4,4,4,5,5,4,4,4,5,5,5,4,5,5,"1、自觉维护团结，能够顾全大局，多帮助多补位
2、建立与同事间的信赖和信任感，构建简单、互信、尊重、友爱的人际关系
3、根据年度战略规划进行系统思考，梳理本部门的策略和重点工作事项，并制定具体可执行的计划",未建立内部激励机制，奖励成功实施创新想法的个人或团队,积极推动部门内部员工的激励机制,4,31,4,,产品与研发,项目管理,B
10021621,光储集团,储能事业部,工商业储能产品线,产品开发部,,,执行层,协同方,10036768,4,4,4,4,4,5,3,4,5,4,4,5,,,,,,,,4,4,5,4,5,4,4,4,4,工作认真负责，响应及时。,对工商业产品在澳洲等区域的适配性（矿山微网，海岛等场景）投入更多精力,无,4,31,4,,产品与研发,项目管理,B
10021621,光储集团,储能事业部,工商业储能产品线,产品开发部,,,执行层,协同方,10029086,,,,,,,,,,,,,,,,,,,,,,,,,,,,,,,,4,31,4,,产品与研发,项目管理,B
10021621,光储集团,储能事业部,工商业储能产品线,产品开发部,,,执行层,协同方,10028134,4,4,4,4,4,4,5,5,4,4,4,4,,,,,,,,4,3,4,4,4,4,4,4,4,做事认真负责，有事带头冲锋,站在产品线大局角度，平衡研发与成本,暂无,4,31,4,,产品与研发,项目管理,B
10021621,光储集团,储能事业部,工商业储能产品线,产品开发部,,,执行层,协同方,10027338,4,4,4,5,4,4,3,4,4,5,4,3,,,,,,,,4,4,5,4,4,4,4,4,5,无,无,无,4,31,4,,产品与研发,项目管理,B
10021621,光储集团,储能事业部,工商业储能产品线,产品开发部,,,执行层,协同方,10022632,4,5,4,3,3,3,2,4,3,4,4,3,,,,,,,,5,5,4,5,4,3,3,5,4,重视文化建设；擅长资源协调与争取,项目目标的动态调整；向上影响管理决策,暂无,4,31,4,,产品与研发,项目管理,B
10021621,光储集团,储能事业部,工商业储能产品线,产品开发部,,,执行层,协同方,10020674,3,4,2,3,4,4,3,4,4,5,5,5,,,,,,,,5,4,4,5,4,5,5,5,5,无,无,无,4,31,4,,产品与研发,项目管理,B
10021621,光储集团,储能事业部,工商业储能产品线,产品开发部,,,执行层,协同方,10020534,5,5,5,5,4,5,5,5,5,5,4,4,,,,,,,,5,4,5,4,5,4,4,5,4,/,/,/,4,31,4,,产品与研发,项目管理,B
10021621,光储集团,储能事业部,工商业储能产品线,产品开发部,,,执行层,协同方,10017732,5,5,5,5,4,5,5,5,5,4,5,5,,,,,,,,5,5,4,5,5,5,5,4,5,暂无,暂无,暂无,4,31,4,,产品与研发,项目管理,B
10021621,光储集团,储能事业部,工商业储能产品线,产品开发部,,,执行层,协同方,10015190,5,5,5,5,5,4,5,5,5,4,5,5,,,,,,,,5,5,5,4,5,5,5,5,5,遇到问题迎难而上、敢于担当，咬定目标不放弃， 有效地发挥个人影响力，链接跨部门资源，推进复杂问题的解决；主动学习，重视员工体验，自觉维护团结，坦诚相待，积极构建信任感。,加强业务全流程链接，从产品开发、产品交付、产品维护各维度系统思考，推进工商储业务有序运营；主动对接客户端需求，产品开发阶段积极优化改善。,暂无,4,31,4,,产品与研发,项目管理,B
10021621,光储集团,储能事业部,工商业储能产品线,产品开发部,,,执行层,协同方,10005646,5,4,5,5,5,5,5,4,5,5,5,5,,,,,,,,4,5,5,4,5,5,5,5,5,暂无,暂无,暂无,4,31,4,,产品与研发,项目管理,B
10021621,光储集团,储能事业部,工商业储能产品线,产品开发部,,,执行层,下级,10046472,5,5,5,5,4,4,4,4,5,4,5,4,5,4,5,4,5,4,5,4,5,4,5,4,5,4,5,4,抓住关键点。并能灵活的解决各种问题,暂无评价,无,4,31,4,,产品与研发,项目管理,B
10021621,光储集团,储能事业部,工商业储能产品线,产品开发部,,,执行层,下级,10044758,5,5,5,5,5,5,5,5,5,5,5,5,5,5,5,5,5,5,5,5,5,5,5,5,5,5,5,5,暂无,暂无,暂无,4,31,4,,产品与研发,项目管理,B
10021621,光储集团,储能事业部,工商业储能产品线,产品开发部,,,执行层,下级,10035626,5,4,5,4,5,5,4,5,5,5,4,5,5,5,5,5,5,5,5,4,5,5,5,5,5,5,5,5,"1、专业沉淀与带教意识好：愿意分享项目管理经验与行业知识，针对 IPD 流程优化、PLM 平台适配等问题给出了专业指导，帮助团队成员快速成长。
2、向上对齐与决策推动高效：能清晰、精准地向管理层汇报项目进展与风险，推动关键资源的审批落地，为项目推进扫清了障碍。","1、可优化方向：团队能力沉淀与标准化建设
建议：可牵头梳理项目管理中的优秀实践（如风险管控清单、变更评审流程等），沉淀为团队标准化工具或模板，后续可复用在其他项目中，进一步提升团队整体效率。
2、优化方向：跨部门资源统筹与优先级传递的影响力强化
建议：建议沉淀跨部门协同的典型问题解决经验，形成标准化的沟通与推动路径，后续可复用在类似复杂协同场景中，提升跨部门影响力的可复制性。",建议推动上层建筑进行适当简化部分流程性审批环节，聚焦核心决策点，进一步提升项目推进效率,4,31,4,,产品与研发,项目管理,B
10021621,光储集团,储能事业部,工商业储能产品线,产品开发部,,,执行层,下级,10032601,4,4,5,5,5,5,5,5,5,4,4,4,5,5,5,5,4,5,5,5,4,5,5,5,5,4,5,5,"1.沟通能力强，讲述问题逻辑链完整令人信服
2.团结团队，创造担当奋进、互帮互助的组织氛围","1.加强对市场、政策的敏锐度，及时理解公司的战略意图，并向项目组解读传递。
2.更加耐心的聆听团队意见，并进行合理的向上沟通",建设组织的学习氛围,4,31,4,,产品与研发,项目管理,B
10021621,光储集团,储能事业部,工商业储能产品线,产品开发部,,,执行层,下级,10032520,4,4,4,5,3,4,3,4,4,3,4,4,4,4,5,5,3,4,5,4,4,3,3,5,5,4,5,5,1、思维缜密；2、执行力强；3、领导力强；4、雷厉风行。,1、挖掘员工潜力，带领部门持续打胜仗；2、积极采取新措施和尝试新方法，持续提升工作效率。,对于团队绩效分布可以给到对应的理由，分享优绩效成员优秀的点供其他成员学习,4,31,4,,产品与研发,项目管理,B
10021621,光储集团,储能事业部,工商业储能产品线,产品开发部,,,执行层,下级,10032434,5,5,5,5,4,4,4,5,5,4,4,4,5,5,5,5,4,4,5,5,4,4,4,5,5,5,5,5,"1、综合考虑项目属性，以业务为主，为达目标不畏艰辛
2、沟通统筹层面：对内协调高效、对外对接稳妥；",可进一步优化跨部门联动机制，加强上下双向沟通，提升决策传达落地的效率与执行力,无,4,31,4,,产品与研发,项目管理,B
10021621,光储集团,储能事业部,工商业储能产品线,产品开发部,,,执行层,下级,10032401,5,4,5,4,5,5,5,5,4,5,4,5,5,4,5,5,5,5,5,5,5,5,4,5,5,4,5,5,1、下沉项目，了解实际困难并解决顶层资源问题；2、日常拉通团队成员，了解个人想法及规划,1、团队文化建设不足；2、日常组织赋能培训较少,暂无,4,31,4,,产品与研发,项目管理,B
10021621,光储集团,储能事业部,工商业储能产品线,产品开发部,,,执行层,上级,10007764,5,4,5,4,3,4,4,3,4,4,5,5,5,5,5,3,4,4,5,3,4,4,5,5,5,4,5,5,1、能够营造积极坦诚的团队氛围；2、能够顾全大局，接受高难度的项目任务；,1、在组织管理方面需要进一步提升，可通过阅读、参加培训等方式强化组织管理的能力；2、部门管理的下沉不足，需要强化下属的辅导工作；,无,4,31,4,,产品与研发,项目管理,B
10021427,光储集团,阳光户用储能公司,营销体系,产品策略中心,美洲渠道经营策略部,,执行层,自己,10021427,5,5,5,5,5,5,4,4,5,5,5,5,4,4,5,4,5,5,5,5,5,5,4,5,4,5,5,5,站在客户的角度 给出一些风险建议和策略助力客户业务，增加客户对阳光的忠诚度,团队管理和角色转变还需要持续加强和学习,提升抗压能力 不要过度焦虑,4.1,35,3,1/29/2026,营销,营销策略,B+
10021427,光储集团,阳光户用储能公司,营销体系,产品策略中心,美洲渠道经营策略部,,执行层,协同方,10023275,3,3,3,3,3,3,3,3,3,3,3,4,,,,,,,,3,3,4,4,4,3,4,4,4,积极响应客户需求，解决问题。,及时推动区域渠道商选、任、育、留，加强与合作伙伴的关系。,加强区域同事工作绩效的管控。,4.1,35,3,1/29/2026,营销,营销策略,B+
10021427,光储集团,阳光户用储能公司,营销体系,产品策略中心,美洲渠道经营策略部,,执行层,协同方,10019722,,,,,,,,,,,,,,,,,,,,,,,,,,,,,,,,4.1,35,3,1/29/2026,营销,营销策略,B+
10021427,光储集团,阳光户用储能公司,营销体系,产品策略中心,美洲渠道经营策略部,,执行层,协同方,10019149,5,5,4,4,3,4,5,5,4,4,4,4,,,,,,,,3,4,4,3,4,4,3,5,5,"1、需求反馈迅速，具备成就客户的价值观
2、善于放权，能高效发挥人才专长提高工作效率","1、对于与自己利益关系不大的事务仍需保持认真负责态度，增强合作协同
2、听取多方建议，对于已了解的事务怀有“兼听则明”的态度",无,4.1,35,3,1/29/2026,营销,营销策略,B+
10021427,光储集团,阳光户用储能公司,营销体系,产品策略中心,美洲渠道经营策略部,,执行层,协同方,10010146,3,4,3,3,3,3,3,3,3,4,4,4,,,,,,,,3,3,5,3,3,3,4,4,5,关系处理能力比较突出；,产品技术能力提升,无,4.1,35,3,1/29/2026,营销,营销策略,B+
10021427,光储集团,阳光户用储能公司,营销体系,产品策略中心,美洲渠道经营策略部,,执行层,协同方,10000914,3,3,3,3,3,3,4,3,3,4,3,3,,,,,,,,3,3,4,3,3,3,4,4,4,暂无,暂无,暂无,4.1,35,3,1/29/2026,营销,营销策略,B+
10021427,光储集团,阳光户用储能公司,营销体系,产品策略中心,美洲渠道经营策略部,,执行层,下级,10031258,4,3,2,1,2,4,4,3,4,3,4,3,3,2,2,2,3,4,4,3,4,4,3,4,5,5,4,2,"1、沟通协调意识佳，擅长跨方对接沟通，保障工作顺畅衔接。
2、逻辑思维清晰，善于梳理复杂问题，拆解任务、有序推进落地。
3、心态稳定抗压性强，可从容应对高强度工作及紧急事务，高效完成工作。","1、综合素养仍需持续提升，主动加强各项业务与综合能力建设。
2、团队协作意识有待增强，需更加注重集体发展，弱化个人本位思维。
3、全局意识不足，后续应立足团队整体目标，协同共进、合力推进工作。",建议后续工作安排与任务部署时，可进一步强化整体逻辑梳理与先后顺序规划，让整体推进节奏更清晰，也便于更好衔接落实、高效落地各项工作。,4.1,35,3,1/29/2026,营销,营销策略,B+
10021427,光储集团,阳光户用储能公司,营销体系,产品策略中心,美洲渠道经营策略部,,执行层,下级,10029967,2,3,3,2,2,3,3,3,1,3,3,2,2,2,2,3,2,2,2,1,2,2,3,2,3,2,5,4,"1. 事务执行层面：​ 能够按时完成部门常规的人事流程审批和基础运营工作，保障了团队日常事务的基本运转;
2. 稳定性层面：​ 在面对高压或突发变动时，情绪控制相对稳定，未出现剧烈的情绪波动影响办公氛围。

","1. 战略思维与前瞻性​
目前的工作更多聚焦于解决眼前的具体问题，缺乏对未来3-6个月资源趋势的预判和规划，导致团队常处于“救火”状态。
建议：​ 制定季度战略复盘机制。每月抽出时间带领团队分析行业动态和业务发展进度，从“被动执行”转向“主动规划”，提升业务导向的观念和风格；

2. 赋能与辅导能力​
对下属的指导多停留在任务分配层面，缺乏系统的技能辅导和职业发展规划，导致团队成员成长速度较慢，关键岗位梯队断层。
建议：​ 建立定期的一对一深度沟通机制。针对骨干员工制定IDP（个人发展计划），并协调相应职能角色的专家进行辅导和培训，培养员工成为多面手，而非仅关注KPI结果。

3. 跨部门协同影响力​
在与其他中心协作时，有时表现出较强的本位主义以及缺乏关键影响力，导致部分业务部门的配合意愿降低。
建议：​ 参加高阶沟通或冲突管理工作坊。在处理跨部门争议时，尝试采用“双赢思维”，先倾听业务部门痛点，再寻求解决方案，提升渠道管理的专业威信","1. 关于决策效率：​ 建议在面对模糊地带的决策时，能更加果断。目前存在的决策迟疑和信息不对称和不透明，有时会延误项目和关键动作的最佳窗口期。

2. 关于团队氛围：​ 建议增加对团队的人文关怀和心理建设。目前团队士气略显低迷，若能更多地认可大家的努力（不仅仅是结果），将极大提升团队的凝聚力和战斗力。

3. 关于自我迭代：​ 建议保持对新政策、新工具的学习热情。目前部分管理手段略显传统，若能引入更数字化、敏捷化的管理工具，将更能适应区域业务快速发展节奏。",4.1,35,3,1/29/2026,营销,营销策略,B+
10021427,光储集团,阳光户用储能公司,营销体系,产品策略中心,美洲渠道经营策略部,,执行层,下级,10029824,4,4,4,4,4,5,5,5,4,4,5,5,5,5,4,4,4,4,4,4,4,4,5,5,4,5,5,5,管理赋能与培养下属意识突出：非常注重团队成员的成长，愿意给下属试错和锻炼的机会，在工作中会耐心指导方法、复盘问题，帮助我们快速提升业务能力，很多同事都在他的带领下获得了明显的成长。,"目前项目中的关键信息、调整指令，多以即时沟通为主。后续可以在重大节点 / 方案调整时，增加一次书面的或者以会议形式的要点同步，既能避免信息传递偏差，也方便团队成员随时回顾，提升整体执行的一致性。
",徐峥领导是一位有担当、有能力、愿意为团队成员着想的好领导。感谢他一直以来的指导和支持，不仅让我们在业务上获得了成长，也学到了很多宝贵的工作方法和职业态度。后续希望领导也能多关注自己的节奏，注意劳逸结合，也期待在他的带领下，我们团队能再创佳绩。,4.1,35,3,1/29/2026,营销,营销策略,B+
10021427,光储集团,阳光户用储能公司,营销体系,产品策略中心,美洲渠道经营策略部,,执行层,上级,10009037,3,2,3,3,2,2,3,3,2,3,3,2,4,4,3,2,3,4,3,1,4,3,4,4,3,4,4,4,不了解,主动沟通；清楚认识自己的职责，不能跨界决策,无,4.1,35,3,1/29/2026,营销,营销策略,B+
10021427,光储集团,阳光户用储能公司,营销体系,产品策略中心,美洲渠道经营策略部,,执行层,上级,10006913,4,4,4,3,2,3,4,4,3,4,4,4,4,5,5,4,4,4,5,4,5,5,4,4,4,4,5,5,团队凝聚力强，有业务思维,推动力需要加强，要更主动发现业务问题,暂无,4.1,35,3,1/29/2026,营销,营销策略,B+
10021421,光储集团,光储技术平台,产品市场平台中心,语言工程部,,,执行层,自己,10021421,5,5,5,4,5,5,5,5,5,5,5,4,5,4,5,5,5,5,5,4,5,5,5,5,5,5,5,5,"1. 关心他人情绪，及时排解大家的压力
2. 有风险意识，计划不盲目乐观","1. 计划及行事风格保守，需要多接纳大胆、创新的提议
2. 时间管理方面能力需要提升",无,4,26,10,1/28/2026,产品与研发,内容开发,A
10021421,光储集团,光储技术平台,产品市场平台中心,语言工程部,,,执行层,协同方,10029057,5,5,5,5,5,5,4,4,4,5,5,4,,,,,,,,5,5,5,4,5,5,5,5,5,10、17,12、16,进一步深入洞察，持续跟踪内外部客户需求及满足情况，建立稳定良好的客户关系,4,26,10,1/28/2026,产品与研发,内容开发,A
10021421,光储集团,光储技术平台,产品市场平台中心,语言工程部,,,执行层,协同方,10029054,,,,,,,,,,,,,,,,,,,,,,,,,,,,,,,,4,26,10,1/28/2026,产品与研发,内容开发,A
10021421,光储集团,光储技术平台,产品市场平台中心,语言工程部,,,执行层,协同方,10010750,3,4,3,3,4,3,4,3,3,4,4,3,,,,,,,,3,3,4,4,4,4,5,5,4,"1、成就客户价值观：积极响应客户需求
",无,无,4,26,10,1/28/2026,产品与研发,内容开发,A
10021421,光储集团,光储技术平台,产品市场平台中心,语言工程部,,,执行层,协同方,10011645,3,4,4,4,4,4,4,4,5,5,5,5,,,,,,,,5,4,5,4,5,5,5,5,5,执行力比较强，心态比较稳，能按时按质完成绩效目标；,对团队成员的绩效管理，人员管理，授权和激励等需要持续应用,/,4,26,10,1/28/2026,产品与研发,内容开发,A
10021421,光储集团,光储技术平台,产品市场平台中心,语言工程部,,,执行层,协同方,10015551,4,3,4,3,4,2,3,4,3,4,4,3,,,,,,,,4,3,4,2,4,4,5,5,5,工作扎实,无,无,4,26,10,1/28/2026,产品与研发,内容开发,A
10021421,光储集团,光储技术平台,产品市场平台中心,语言工程部,,,执行层,协同方,10009740,,,,,,,,,,,,,,,,,,,,,,,,,,,,,,,,4,26,10,1/28/2026,产品与研发,内容开发,A
10021421,光储集团,光储技术平台,产品市场平台中心,语言工程部,,,执行层,协同方,10009578,2,3,3,4,3,4,4,4,3,4,3,3,,,,,,,,3,3,4,3,4,4,4,5,5,务实认真，成就客户,业务管理多一些思考谋划,无,4,26,10,1/28/2026,产品与研发,内容开发,A
10021421,光储集团,光储技术平台,产品市场平台中心,语言工程部,,,执行层,协同方,10001196,4,4,4,4,5,4,4,4,5,4,5,5,,,,,,,,5,4,4,4,5,5,5,5,5,工作中积极主动，乐于探索钻研解决问题的方法,技术骨干，团队管理,无,4,26,10,1/28/2026,产品与研发,内容开发,A
10021421,光储集团,光储技术平台,产品市场平台中心,语言工程部,,,执行层,下级,10047281,5,5,5,5,4,5,4,5,5,5,5,4,5,4,5,5,5,5,5,4,5,5,5,5,5,4,5,5,"1. 关心下属，营建的团队氛围比较好
2. 积极协调争取资源，助力部门工作开展",可以推动部门内部资料共享和建设（不过有看到目前已经开始相关工作了）,暂无其它建议，无日常工作相处中，没有感觉到明显短板,4,26,10,1/28/2026,产品与研发,内容开发,A
10021421,光储集团,光储技术平台,产品市场平台中心,语言工程部,,,执行层,下级,10045406,5,5,5,5,5,5,5,5,5,5,5,5,5,5,5,5,5,5,5,5,5,5,5,5,5,5,5,5,主动跨部门协调翻译排期；能够信任下属并支持下属工作；头脑清晰，把控部门发展方向,/,/,4,26,10,1/28/2026,产品与研发,内容开发,A
10021421,光储集团,光储技术平台,产品市场平台中心,语言工程部,,,执行层,下级,10045403,1,1,1,1,1,1,1,1,1,1,1,1,1,2,1,1,1,1,3,1,1,1,1,1,1,1,1,1,非常善于向上汇报和管理；非常关注自身发展和利益。,1. 请遵守公司基本的价值观。2. 当领导不等于什么都不用干。3. 请在团队内营造起码的公正透明氛围。,不适合当领导。,4,26,10,1/28/2026,产品与研发,内容开发,A
10021421,光储集团,光储技术平台,产品市场平台中心,语言工程部,,,执行层,下级,10045387,2,3,2,1,1,1,2,1,1,2,1,2,3,2,1,1,1,1,1,2,3,1,1,1,1,1,1,2,在目前岗位上，姿态摆得很正。,技术和管理上都有提升空间,团队分工需要明确，团队管理需要公平公正，对于不公平不公正的人或事不能只是视而不见。关注一下团队成员的工作效率。倾听并落实一些能够提高整体工作效率的措施。,4,26,10,1/28/2026,产品与研发,内容开发,A
10021421,光储集团,光储技术平台,产品市场平台中心,语言工程部,,,执行层,下级,10038039,5,5,5,5,5,4,5,5,5,5,4,5,4,5,4,5,5,5,5,4,5,4,5,5,5,5,5,5,1，情绪稳定，总是提供帮助。2，关心团队成员，注重成员的身心健康。,1，果断决定，树立权威。2，打造良好的组内氛围,暂无,4,26,10,1/28/2026,产品与研发,内容开发,A
10021421,光储集团,光储技术平台,产品市场平台中心,语言工程部,,,执行层,下级,10038005,5,5,5,5,5,5,4,4,5,5,5,5,5,5,4,5,5,5,5,5,5,5,4,5,5,5,5,5,1. 能及时洞察组里每个同事的工作量，采取措施协调和平衡，避免分工偏差过大导致个别同事压力过大。2. 积极主动沟通，关注组里同事的工作感受，遇到的问题，帮助解决。3. 征求大家意见，提供帮助大家提升AI+业务技能、拓宽眼界，提供成长的机会。,1. 在需求管理上，希望可以更早对相关项目进展有所了解，帮助预估将来会到组内的业务量，更好地安排业务。2. 在涉跨部门事项中，让其他部门看到我们组的工作，进一步放大影响力。,无,4,26,10,1/28/2026,产品与研发,内容开发,A
10021421,光储集团,光储技术平台,产品市场平台中心,语言工程部,,,执行层,上级,10001008,4,5,4,5,5,5,4,4,4,5,5,5,5,5,4,4,5,4,5,5,4,5,4,4,5,5,5,5,心态稳定，抗压能力强，关注团队成员情绪，并积极疏导或者帮助解决人际关系中的问题,战略方向洞察和战略执行能力可以持续提升。,无,4,26,10,1/28/2026,产品与研发,内容开发,A
10020936,仁卓智能科技,产品技术中心,平台研发部,,,,执行层,自己,10020936,4,4,4,4,4,5,2,3,3,4,4,4,3,3,3,4,4,3,4,4,4,3,3,4,3,4,5,5,"1、积极推动市场活动并主动制作宣传材料；
2、牵头部门研发创新工作；
3、愿意主动分享自己的经验或教训，去帮助其他部门克服困难。","1、公司海外业务扩展方面，需要提高英语听说读写能力；
2、研发创新工作方面，AI智能辅助设计欠缺明显。",1、有时候存在缺乏耐心的现象，要允许他人做他人。,4.2,42,6,,,,
10020936,仁卓智能科技,产品技术中心,平台研发部,,,,执行层,协同方,10045560,3,3,3,4,3,3,2,2,3,4,3,3,,,,,,,,4,3,4,3,3,4,3,4,4,积极主动，勇于承担产品线业务发展责任，内部沟通积极,无,无,4.2,42,6,,,,
10020936,仁卓智能科技,产品技术中心,平台研发部,,,,执行层,协同方,10042906,4,4,4,4,3,3,3,3,3,4,3,3,,,,,,,,3,3,4,4,4,4,3,3,3,配合销售优化产品,对设计问题积极开展自主寻源,暂无,4.2,42,6,,,,
10020936,仁卓智能科技,产品技术中心,平台研发部,,,,执行层,协同方,10031943,4,4,3,4,4,3,3,2,3,4,2,4,,,,,,,,4,3,4,3,3,3,5,3,5,1、能主动对接客户，推荐公司技术优势；2、所管理团队工作努力；,需要提升担当意识，能够积极面对问题；,无,4.2,42,6,,,,
10020936,仁卓智能科技,产品技术中心,平台研发部,,,,执行层,协同方,10030258,5,5,5,5,5,5,4,4,4,5,5,5,,,,,,,,5,5,4,4,5,5,5,5,5,高情商和部门管理,海外业务和大局意识,无,4.2,42,6,,,,
10020936,仁卓智能科技,产品技术中心,平台研发部,,,,执行层,协同方,10030208,4,4,5,4,4,4,4,4,5,5,5,4,,,,,,,,4,4,4,4,3,4,3,4,5,主动解决客户诉求,更多学习柔性知识，做技术型销售大牛,做好沉淀，完善好技术方案,4.2,42,6,,,,
10020936,仁卓智能科技,产品技术中心,平台研发部,,,,执行层,协同方,10029063,3,3,3,3,3,4,3,4,2,4,4,3,,,,,,,,4,4,4,3,3,3,3,3,4,敬业,需要思路清晰,无,4.2,42,6,,,,
10020936,仁卓智能科技,产品技术中心,平台研发部,,,,执行层,协同方,10024063,4,4,4,4,4,5,5,5,3,5,5,5,,,,,,,,5,5,5,5,5,4,5,5,4,主动与国际接轨，积极配合销售开发海外市场,提升团队英语能力以及讲解PPT能力，抓住客户想听的内容,提升团队对外能力，全生命周期的技术支持,4.2,42,6,,,,
10020936,仁卓智能科技,产品技术中心,平台研发部,,,,执行层,协同方,10023138,5,5,4,5,3,4,3,3,3,4,5,5,,,,,,,,5,5,5,3,4,5,4,4,5,无,无,无,4.2,42,6,,,,
10020936,仁卓智能科技,产品技术中心,平台研发部,,,,执行层,协同方,10023080,3,4,3,5,4,3,4,3,3,5,4,5,,,,,,,,4,4,4,5,5,5,5,5,5,1、主动主导柔性重点产品/技术项目立项、进度管控、风险排查，保障项目按期落地。,定期用业务视角汇报研发成果（不只是进度，重点讲降本、增收、风险），对齐公司战略。,无,4.2,42,6,,,,
10020936,仁卓智能科技,产品技术中心,平台研发部,,,,执行层,协同方,10023028,4,4,4,4,4,4,4,3,4,4,4,4,,,,,,,,4,3,4,4,4,4,4,1,1,态度积极、持续跨部门协同与沟通,少民主、多一些管控，领导力学习,暂无,4.2,42,6,,,,
10006815,光储集团,营销体系,中国大区,国内销售中心,工商业储能业务部,平台组,执行层,上级,10023010,4,4,4,4,3,4,3,3,5,4,5,4,2,2,4,3,4,5,4,4,4,4,4,5,4,5,4,5,"1、对工作认真执行，不打折扣；
2、自身努力学习提升专业知识，并主动参与协助一线销售公关客户","1、团队人员的成长性上面支撑不足，需要加强与团队人员的沟通，提升团队人员整体能力；
2、具体工作中需要更开放的心态，更勇于尝试，不必过于担心失败",无,5.9,40,2,,营销,商务销售,B+
10006815,光储集团,营销体系,中国大区,国内销售中心,工商业储能业务部,平台组,执行层,下级,10036270,4,5,4,4,5,3,4,3,4,5,4,5,4,4,4,4,4,3,4,4,5,5,4,4,4,5,4,5,"1、拥有全局视野，能够很好地顾全大局
2、拥有合规理念，很好地践行阳光价值观
3、拥有合格的领导力，并能很好地协同各部门资源，拉通解决遇到的问题
","1、面对团队成员需要更加的有耐心
2、鼓励团队成员的创新想法和认同未成功的创新行动",无,5.9,40,2,,营销,商务销售,B+
10006815,光储集团,营销体系,中国大区,国内销售中心,工商业储能业务部,平台组,执行层,下级,10042689,5,4,5,4,4,5,4,5,5,5,5,5,5,4,5,4,4,5,5,5,5,5,5,5,5,5,5,5,"1、洞察力强，通过洞察提前规划部门及个人相关工作
2、合规意识强并严格要求部门同事按规执行","1、部门人才梯队建设可以提前储备规划
2、部门职责边界、部门人员的未来发展方向和机会建议多与下属进行沟通",暂无,5.9,40,2,,营销,商务销售,B+
10006815,光储集团,营销体系,中国大区,国内销售中心,工商业储能业务部,平台组,执行层,协同方,10011166,4,4,4,4,4,5,4,4,3,4,4,4,,,,,,,,3,4,5,5,4,5,5,5,5,"1、可以拉通协同部门资源，
2、需求的事情有回应。","1、能向协同部门争取更多资源；
2、增加平台库资源",无,5.9,40,2,,营销,商务销售,B+
10006815,光储集团,营销体系,中国大区,国内销售中心,工商业储能业务部,平台组,执行层,协同方,10023482,4,3,4,3,4,3,3,3,4,3,3,3,,,,,,,,4,3,4,4,4,3,4,4,4,高效率整合不同部门资源，协同拉通提供给解决方案，助力业务发展,聚焦行业拓展业务，提升资源整合，赋能一线商务团队,强化商务资源协同与跨部门沟通,5.9,40,2,,营销,商务销售,B+
10006815,光储集团,营销体系,中国大区,国内销售中心,工商业储能业务部,平台组,执行层,协同方,10025399,4,4,5,4,5,4,4,5,5,4,4,4,,,,,,,,5,4,5,5,5,5,5,4,5,积极与各业务团队沟通，拉齐目标。,业务资源协同，建议形成资源池并提高各业务单元参与度。,多到各业务单元交流,5.9,40,2,,营销,商务销售,B+
10006815,光储集团,营销体系,中国大区,国内销售中心,工商业储能业务部,平台组,执行层,协同方,10025933,5,5,5,5,4,5,5,5,5,4,5,5,,,,,,,,5,5,4,5,5,5,5,4,5,无,无,无,5.9,40,2,,营销,商务销售,B+
10006815,光储集团,营销体系,中国大区,国内销售中心,工商业储能业务部,平台组,执行层,协同方,10027075,3,4,3,3,3,2,4,3,4,2,3,2,,,,,,,,2,5,5,5,5,2,5,5,5,"1、愿意放下身段主动积极推进协同工作。
2、对于上级管理与汇报工作扎实到位。","1、缺少对一线客户和市场需求感知，难以给一线提供实质性帮助。
2、做的平台协同工作大而全，并且是以推动完成协同为导向，缺少实际业务价值的呈现。",暂无,5.9,40,2,,营销,商务销售,B+
10006815,光储集团,营销体系,中国大区,国内销售中心,工商业储能业务部,平台组,执行层,协同方,10033383,4,4,4,4,4,3,3,3,4,3,4,3,,,,,,,,3,3,3,3,3,3,3,4,4,"1、积极协同大区为大区提供指导
2、协助大区发现问题解决问题","1、更深入基层协助解决问题
2、与大区团队建立紧密协作关系",暂无,5.9,40,2,,营销,商务销售,B+
10006815,光储集团,营销体系,中国大区,国内销售中心,工商业储能业务部,平台组,执行层,自己,10006815,4,4,4,4,4,5,3,5,5,4,4,4,4,4,5,5,5,5,5,4,4,5,4,5,5,5,5,5,团队内部梳理榜样，践行传帮带，鼓励尊重新人创新工作,无,无,5.9,40,2,,营销,商务销售,B+
10006816,光储集团,充电事业部,产品中心,研发中心,系统硬件部,,执行层,上级,10013919,4,4,4,3,4,3,2,4,2,4,4,3,2,3,2,3,4,3,3,4,4,4,3,4,4,4,4,5,责任心强，经验丰富，经常给团队补位，工作努力积极,学会授权，让团队多分担；风险或问题及时反馈，寻求支持 ；,无,10.3,43,14,,产品与研发,硬件,B+
10006816,光储集团,充电事业部,产品中心,研发中心,系统硬件部,,执行层,下级,10015129,4,5,4,4,5,3,3,3,5,4,5,4,4,4,3,4,4,4,3,3,4,5,3,4,4,5,5,5,"1、设计问题抓细节，值得敬佩
2、遇到问题不慌张，思路清晰
","1、团建文化建设活动可以多一些
2、专业知识可以多进行传授。",暂无,10.3,43,14,,产品与研发,硬件,B+
10006816,光储集团,充电事业部,产品中心,研发中心,系统硬件部,,执行层,下级,10016615,5,5,5,5,5,3,5,3,4,5,5,5,3,5,5,2,2,1,3,5,5,5,5,5,5,5,4,5,专业能力强，责任心强,下属缺乏成长,无,10.3,43,14,,产品与研发,硬件,B+
10006816,光储集团,充电事业部,产品中心,研发中心,系统硬件部,,执行层,下级,10016872,5,4,4,4,5,3,4,4,4,4,4,5,4,4,5,3,3,5,5,4,4,5,4,5,4,4,4,5,认真负责,暂无,暂无,10.3,43,14,,产品与研发,硬件,B+
10006816,光储集团,充电事业部,产品中心,研发中心,系统硬件部,,执行层,下级,10020181,,,,,,,,,,,,,,,,,,,,,,,,,,,,,,,,10.3,43,14,,产品与研发,硬件,B+
10006816,光储集团,充电事业部,产品中心,研发中心,系统硬件部,,执行层,下级,10023107,4,5,5,4,4,4,3,3,5,5,5,4,3,3,3,3,3,4,4,5,5,4,4,4,5,5,5,5,"1、针对疑难问题，能给出一些建议。
2、针对已发生问题，要求横展。","1、团队凝聚力和整体能力提升。建议：可以进行项目制老带新，提高团队整体能力。
2、需要更多的授权。建议：团队需要建立梯度，合理规划不同梯度的人员责任，尽量不要大锅饭一起吃。",暂无。,10.3,43,14,,产品与研发,硬件,B+
10006816,光储集团,充电事业部,产品中心,研发中心,系统硬件部,,执行层,下级,10026460,5,5,5,4,4,5,5,4,5,5,5,5,5,4,4,5,5,5,5,5,4,5,4,5,5,4,5,5,做事情认真，对待问题持续深入，一直到完全处理,组织组内技术交流，提高组内成员的技术能力,增加组内技术培训交流内容的评测,10.3,43,14,,产品与研发,硬件,B+
10006816,光储集团,充电事业部,产品中心,研发中心,系统硬件部,,执行层,下级,10027854,4,5,5,5,5,4,5,4,5,5,5,5,4,4,4,5,4,5,4,5,4,5,4,5,5,5,5,5,"1、做事的风格比较严谨，处理问题比较全面、做事的态度值得肯定；

2、团队成员之间的相处平易近人，知人用人的智慧。",无,无,10.3,43,14,,产品与研发,硬件,B+
10006816,光储集团,充电事业部,产品中心,研发中心,系统硬件部,,执行层,下级,10030098,3,4,4,4,4,3,3,3,3,4,4,4,4,4,3,4,3,4,4,3,4,4,4,4,4,5,4,4,"1、原则性很强；
2、善于总结。",暂无,暂无,10.3,43,14,,产品与研发,硬件,B+
10006816,光储集团,充电事业部,产品中心,研发中心,系统硬件部,,执行层,下级,10033865,3,4,3,3,3,3,3,2,3,4,4,4,4,3,4,4,4,3,4,4,4,4,3,4,3,4,5,5,无,无,无,10.3,43,14,,产品与研发,硬件,B+
10006816,光储集团,充电事业部,产品中心,研发中心,系统硬件部,,执行层,下级,10034877,5,5,4,4,4,3,4,4,4,4,4,4,3,4,4,4,4,3,3,4,4,4,4,3,3,4,4,5,做事考虑周全，思维严谨，有理有据,对外应据理力争积极维护部门利益,无,10.3,43,14,,产品与研发,硬件,B+
10006816,光储集团,充电事业部,产品中心,研发中心,系统硬件部,,执行层,下级,10046078,3,4,3,4,3,4,2,4,3,4,4,2,1,3,3,4,3,1,4,4,4,3,3,3,2,5,5,5,"1.严于律己，在工作时认真细致负责，避免问题产生；
2.时刻以”数据先行“为工作准则，让每一次决策和更改都有依据。",无,加强部门平台建设，让没一个动作都有所指导,10.3,43,14,,产品与研发,硬件,B+
10006816,光储集团,充电事业部,产品中心,研发中心,系统硬件部,,执行层,下级,10047489,4,4,5,4,5,4,5,5,5,5,4,5,5,4,5,5,5,5,5,4,4,5,4,4,5,5,5,4,硬件技术能力强；认真负责、吃苦耐劳,入职时间短，无法做出准确评价,无,10.3,43,14,,产品与研发,硬件,B+
10006816,光储集团,充电事业部,产品中心,研发中心,系统硬件部,,执行层,协同方,10013912,3,4,4,4,3,4,4,3,4,4,4,4,,,,,,,,3,4,4,3,4,4,4,5,5,主动担责,开阔视野，拥有战略思维,与结构紧密沟通，减少电气及结构问题,10.3,43,14,,产品与研发,硬件,B+
10006816,光储集团,充电事业部,产品中心,研发中心,系统硬件部,,执行层,协同方,10013915,3,4,3,3,3,4,4,3,3,3,5,5,,,,,,,,4,4,3,3,5,4,4,5,5,个人技术能力强，抗压,主动学习提升，提升个人技能,提升电气团队整体技术能力,10.3,43,14,,产品与研发,硬件,B+
10006816,光储集团,充电事业部,产品中心,研发中心,系统硬件部,,执行层,协同方,10014592,4,3,3,3,3,3,2,3,3,4,4,5,,,,,,,,3,5,3,2,4,3,5,5,5,做事严谨，细心,外部门协同的事务中，可以再主动积极点,无,10.3,43,14,,产品与研发,硬件,B+
10006816,光储集团,充电事业部,产品中心,研发中心,系统硬件部,,执行层,协同方,10015760,3,5,5,3,3,3,3,3,3,4,4,3,,,,,,,,4,4,4,5,4,4,5,5,5,"1. 能够以身作则，在项目需要情况下带领团队成员一起赶进度
2. 在日常的团队管理工作中，能够按照已制定日程和计划跟踪团队成员工作进度，搭建本部门的研发管理规范。
","1. 系统硬件部门的职责包含电气和系统控制板、交流桩两个看似相近但差异较大的方向，对人员能力要求不一样，建议做好人员规划和配置
2. 理清电气工程师的职责和规划，需要提高要求，例如要学习和掌握充电模块的使用和基本原理，要往系统工程师职责对齐，逐渐替代系统工程师的角色。",无,10.3,43,14,,产品与研发,硬件,B+
10006816,光储集团,充电事业部,产品中心,研发中心,系统硬件部,,执行层,协同方,10015940,3,4,4,4,5,3,4,3,4,4,5,5,,,,,,,,4,5,5,2,5,4,3,5,5,专业务实。,与下属沟通更温和更高效。,透明沟通。,10.3,43,14,,产品与研发,硬件,B+
10006816,光储集团,充电事业部,产品中心,研发中心,系统硬件部,,执行层,协同方,10022517,3,3,3,3,3,4,4,3,4,3,4,3,,,,,,,,4,3,4,3,4,3,4,3,4,心态稳定，不急不燥,无,无,10.3,43,14,,产品与研发,硬件,B+
10006816,光储集团,充电事业部,产品中心,研发中心,系统硬件部,,执行层,协同方,10026770,2,3,2,3,4,2,3,3,2,3,3,2,,,,,,,,2,3,4,2,2,2,4,5,5,"1、注重细节
2、亲力亲为",1、对于所管理专业在行业发展应有3-5年，甚至更长时间的规划,暂无,10.3,43,14,,产品与研发,硬件,B+
10006816,光储集团,充电事业部,产品中心,研发中心,系统硬件部,,执行层,协同方,10035486,5,4,5,4,4,4,5,4,4,3,4,4,,,,,,,,5,5,4,4,5,5,4,4,5,严谨，负责,多创新,暂无,10.3,43,14,,产品与研发,硬件,B+
10006816,光储集团,充电事业部,产品中心,研发中心,系统硬件部,,执行层,协同方,10036170,5,5,4,4,4,4,4,4,5,5,5,4,,,,,,,,4,4,5,4,4,5,4,5,5,积极参与技术难点和严重市场问题的处理，给出专业技术解决意见及验证方案，推动协同部门快速处理,人员管理需要换位思考，多以鼓励为主，提升团队能力,积极拥抱创新与变化,10.3,43,14,,产品与研发,硬件,B+
10006816,光储集团,充电事业部,产品中心,研发中心,系统硬件部,,执行层,协同方,10046798,3,3,3,1,2,2,3,2,2,3,4,3,,,,,,,,4,3,3,2,4,3,4,2,4,比较忠诚于公司,个人觉的适合技术类的工作,能够在技术上放开思想，不要太保守,10.3,43,14,,产品与研发,硬件,B+
10006816,光储集团,充电事业部,产品中心,研发中心,系统硬件部,,执行层,自己,10006816,3,5,4,3,4,4,3,2,4,4,4,2,3,3,4,4,4,4,4,3,4,5,5,5,5,4,5,5,坦诚、言出必行和公开透明的作风,不要墨守成规，敢于大胆突破现有的规则，向上管理，争取领导更多的支持快速达成业务目标,无,10.3,43,14,,产品与研发,硬件,B+
10006950,光储集团,地面光伏事业部,研发中心,结构部,,,执行层,上级,10001524,4,5,5,5,4,5,4,4,4,5,4,4,3,4,4,4,5,4,5,4,4,5,5,5,5,5,4,4,灵活，积极，以团队成就为先。,在遇到挑战和压力时，该强势的时候不能妥协，要有不达目标不罢休精气神。,无,10.3,38,3,3/9/2026,产品与研发,结构,A
10006950,光储集团,地面光伏事业部,研发中心,结构部,,,执行层,下级,10001892,5,5,5,5,5,5,4,4,5,5,5,5,5,5,5,5,5,4,4,5,5,5,4,5,4,4,4,5,1、乐意听取他人意见，并综合进行判断。2、情绪稳定，能够理性的分析和解决问题 ,无,无,10.3,38,3,3/9/2026,产品与研发,结构,A
10006950,光储集团,地面光伏事业部,研发中心,结构部,,,执行层,下级,10012391,5,5,5,5,5,4,4,5,4,4,5,4,4,4,5,5,5,4,4,5,4,5,5,4,4,5,5,5,"1.重视部门团队建设，积极组织团队活动；
2.部门人力盘点，及时补充人力缺口，人才梯队建设；
3.重视人员激励，对表现好的员工给与及时反馈","1.探索结构领域数字化技术应用，提升工作效率；
2.结构领域标准化设计流程机制",无,10.3,38,3,3/9/2026,产品与研发,结构,A
10006950,光储集团,地面光伏事业部,研发中心,结构部,,,执行层,下级,10014845,5,5,5,5,5,5,4,5,5,5,5,5,4,5,5,5,5,5,5,5,4,5,5,5,4,5,5,5,1、具有领导力；2、有高度的产品部思维,1、资源方面保障；2、多给我们赋能,无,10.3,38,3,3/9/2026,产品与研发,结构,A
10006950,光储集团,地面光伏事业部,研发中心,结构部,,,执行层,协同方,10001483,3,4,4,3,3,3,4,3,5,4,4,3,,,,,,,,4,4,4,4,5,4,4,4,5,"1、积极沟通、良好协作
2、情绪稳定沉稳，不急躁","1、对组织设定好人才梯队，建设不同梯队人员赋能
2、创新，加强团队进行战略级专利的布局。可主动学习新方法、新工具。",暂无,10.3,38,3,3/9/2026,产品与研发,结构,A
10006950,光储集团,地面光伏事业部,研发中心,结构部,,,执行层,协同方,10003156,5,5,4,4,5,4,4,4,5,5,5,4,,,,,,,,5,5,5,5,5,4,5,5,5,"1，专业能力强，愿意耐心解决别人的疑问；
2，积极响应协同部门的需求，能够快速行动；
3，能够很好倾听别人的不同见解。","1，新产品设计要有平台思维，做好继承性，降低新产品风险；
2，引入数字化仿真工具，缩短设计优化周期。",深入了解生产过程及痛点，结合自身业务需求做闭环。,10.3,38,3,3/9/2026,产品与研发,结构,A
10006950,光储集团,地面光伏事业部,研发中心,结构部,,,执行层,协同方,10003274,4,4,4,4,4,4,4,4,4,4,4,4,,,,,,,,4,4,4,4,4,4,4,4,4,能够合理安排工作，调配资源，推进复杂任务,定期梳理本职工作流程，尝试提出简化或改进方案,增加跨领域知识，形成系统思维,10.3,38,3,3/9/2026,产品与研发,结构,A
10006950,光储集团,地面光伏事业部,研发中心,结构部,,,执行层,协同方,10003643,3,4,4,3,4,2,2,2,4,4,4,4,,,,,,,,4,3,3,2,4,3,4,4,5,"1、以目标为导向，对关键任务的推动能力较强。
2、内外部沟通协调能力较强。","1、可以更多赋能下属经理，不必事事情亲力亲为；
2、团队激励措施有待进一步丰富。",适当加强与业务强相关部门的跨部门交流或团建,10.3,38,3,3/9/2026,产品与研发,结构,A
10006950,光储集团,地面光伏事业部,研发中心,结构部,,,执行层,协同方,10009858,4,4,5,4,4,3,3,4,5,5,4,4,,,,,,,,5,4,4,4,5,5,5,4,5,"1）部门内部集中组串及时拉通技术问题；
2）和热设计及时讨论各自领域角色，并帮助项目PL更好的开展工作",暂无,暂无,10.3,38,3,3/9/2026,产品与研发,结构,A
10006950,光储集团,地面光伏事业部,研发中心,结构部,,,执行层,协同方,10012334,4,4,4,4,3,3,4,3,4,4,4,3,,,,,,,,4,3,5,4,4,4,5,4,4,"1、主动学习提升，诚恳务实；
2、协同能力；能深度协同硬件、热设计；","1、技术方案、风险问题横展能力。可以把组串、中压、集中的技术方案、历史问题平台化&差异化管理
2、风险识别预警；涉及风险问题，需要及时拉通硬件、系统等部门",暂无。,10.3,38,3,3/9/2026,产品与研发,结构,A
10006950,光储集团,地面光伏事业部,研发中心,结构部,,,执行层,协同方,10011752,4,4,5,4,4,5,4,4,3,5,5,4,,,,,,,,5,5,4,5,5,5,4,5,5,无,无,无,10.3,38,3,3/9/2026,产品与研发,结构,A
10006950,光储集团,地面光伏事业部,研发中心,结构部,,,执行层,协同方,10002670,3,3,3,3,3,4,3,3,3,4,4,3,,,,,,,,4,3,4,3,4,3,4,4,4,执行力强，注重结果反馈,2）主动迈出业务职责模糊边界，主导协同结构、工艺及热设计,1）内部人员培养朝系统发展，结构人员专业意识范畴要扩展到工艺和热设计,10.3,38,3,3/9/2026,产品与研发,结构,A
10006950,光储集团,地面光伏事业部,研发中心,结构部,,,执行层,自己,10006950,4,4,3,3,3,4,3,3,4,3,3,4,3,3,4,3,3,3,3,3,3,3,4,4,3,4,4,4,"1.树立合规意识，带头实践合规文化倡导，维护团结，补位较多；建立与同事间的信赖和信任感；
2.根据部门目标，制定部门内部及跨部门的工作流程和沟通协作机制，促进工作高效开展；
3.根据业务规划进行系统思考，梳理本部门的策略和重点工作事项，并制定具体可执行的计划；","1.充分授权，激励下属及核心骨干主动对外沟通，主动担责、主导拉通解决问题、从业务维护思考流程机制优化；
2.人才梯队的建立，内部培养机制，人才如PL选拔等机制需要重点补充；
3.决策力提升，主动识别重大影响业务发展的问题，决策解决方案；",暂无,10.3,38,3,3/9/2026,产品与研发,结构,A
10020936,仁卓智能科技,产品技术中心,平台研发部,,,,执行层,协同方,10017873,4,4,4,4,5,5,4,4,5,5,4,4,,,,,,,,5,5,4,4,4,4,4,4,5,"1.主动推进业务；
2.主动服务",继续保持技术领先的同时，进一步提升团队非技术性管理能力,无,4.2,42,6,,,,
10020936,仁卓智能科技,产品技术中心,平台研发部,,,,执行层,协同方,10011679,4,5,5,3,5,4,5,5,4,5,5,3,,,,,,,,4,5,5,4,5,5,5,5,5,暂无,暂无,暂无,4.2,42,6,,,,
10020936,仁卓智能科技,产品技术中心,平台研发部,,,,执行层,下级,10032083,5,5,5,5,4,4,3,5,5,4,3,5,3,2,5,5,5,5,4,4,4,5,5,4,5,5,5,4,认真听取部门同事反馈问题，积极协助沟通,无,无,4.2,42,6,,,,
10020936,仁卓智能科技,产品技术中心,平台研发部,,,,执行层,下级,10027069,3,5,4,4,4,3,3,3,5,5,5,5,3,4,5,5,4,3,4,4,4,5,5,4,4,5,4,5,"1、坚决贯彻落实公司战略部署和遵守公司规章制度。
2、主动承担岗位职责，守好技术岗位，为公司铸牢技术安全底线。",1、严把技术关。,多组织开展技术培训活动，锻造一支专业度高、本领全面的英武之师。,4.2,42,6,,,,
10020936,仁卓智能科技,产品技术中心,平台研发部,,,,执行层,下级,10019813,5,5,5,5,4,5,4,5,5,5,5,5,4,5,5,5,4,5,5,5,5,5,4,5,5,5,4,5,"责任心强、执行力突出；
善于协作、乐于分享；",对业务工作亲力亲为，过于细致管理,充分授权，以管理机制进行部门运行,4.2,42,6,,,,
10020936,仁卓智能科技,产品技术中心,平台研发部,,,,执行层,下级,10018852,4,4,4,4,4,4,3,4,4,4,5,4,3,3,4,5,4,3,4,4,4,5,4,3,4,5,5,5,属于教练型领导，有耐心指导员工解决问题。,暂无,暂无,4.2,42,6,,,,
10020936,仁卓智能科技,产品技术中心,平台研发部,,,,执行层,下级,10018756,5,5,5,5,5,5,5,5,5,5,5,5,5,5,5,5,5,5,5,5,5,5,5,5,5,5,5,5,专业功底特别扎实，业务上总能精准把控核心难点。为人谦和低调，完全没有架子，待人真诚亲切，平时耐心倾听我们的想法，有问题请教总能悉心指点，相处起来特别舒服。有超强的战略思维，看问题站位高、格局广，总能精准把握发展大局，为我们指明方向、引领团队稳步前行。,1.专业能力拔尖，产品创新能力突出，思路开阔，对产品迭代和创新布局总有独到见解，可带领更多团队投入到研发创新中。2.格局开阔，极具战略眼光，可多参加公司级的市场规划及推广。,无,4.2,42,6,,,,
10020936,仁卓智能科技,产品技术中心,平台研发部,,,,执行层,下级,10013942,5,5,5,5,5,5,5,5,5,5,5,5,5,5,5,5,5,5,5,5,5,5,5,5,5,5,5,5,"1.思维敏捷，研发工作能够创造性提供解决思路；
2.具有大局观，能够站在公司角度考虑问题，以公司目标为首要目标，优先级高于个人或者部门目标。","1.情绪管理再平稳些。
2.评价标准在全面些。","1.情绪管理再平稳些。
2.评价标准在全面些。",4.2,42,6,,,,
10020936,仁卓智能科技,产品技术中心,平台研发部,,,,执行层,上级,10025953,5,4,5,4,3,5,3,3,4,5,5,5,4,4,4,4,4,5,4,5,4,3,4,4,4,4,4,4,非常积极主动的成就前端，成就客户，是最理想的产品负责人。,要跟销售的团队负责人多交流，在投入大量资源前做好客户/项目分级，且尽量准确的判断客户的需求究竟是真实需求还是随口一说，避免浪费资源。,逢人且说三分话，未可全抛一片心，对内对外都是如此。,4.2,42,6,,,,
10020768,光储集团,地面光伏事业部,产品规划与市场部,产品上市部,,,执行层,自己,10020768,2,5,5,5,5,5,4,4,5,4,3,3,5,4,5,5,4,4,4,4,5,5,5,5,4,5,5,5,主动性强、喜欢积极思考复盘,要下沉到业务一线，搭建好能打胜仗的团队，不要自己疲于奔命解决各种眼前突发的事情,想当好领导，但需要赋能辅导和充分支持,4.2,31,5,,产品与研发,项目管理,A
10020768,光储集团,地面光伏事业部,产品规划与市场部,产品上市部,,,执行层,协同方,10028619,4,4,4,4,4,5,5,5,5,5,5,5,,,,,,,,5,5,5,5,5,5,5,5,5,无,无,无,4.2,31,5,,产品与研发,项目管理,A
10020768,光储集团,地面光伏事业部,产品规划与市场部,产品上市部,,,执行层,协同方,10011654,4,5,5,5,5,4,4,4,5,4,5,5,,,,,,,,5,5,5,5,5,4,4,4,4,"1. 沟通能力强
2. 工作负责",无,无,4.2,31,5,,产品与研发,项目管理,A
10020768,光储集团,地面光伏事业部,产品规划与市场部,产品上市部,,,执行层,协同方,10018806,4,4,4,5,5,5,5,5,5,4,4,4,,,,,,,,4,5,5,5,5,5,5,4,4,积极乐观的工作态度很值得学习，遇到任何事情或工作合作时，会主动询问需求或目标，协调资源支持，以结果为导向，及时跟进落地情况，不断推动结果达成。跨部门协助上，会自觉维护团结，能够顾全大局。,暂无，目前合作整体比较愉快,暂无，希望后续再多合作并发现,4.2,31,5,,产品与研发,项目管理,A
10020768,光储集团,地面光伏事业部,产品规划与市场部,产品上市部,,,执行层,协同方,10014059,5,5,5,5,5,5,4,4,4,4,5,4,,,,,,,,4,5,5,5,4,5,5,4,5,心地善良，执行里超强,无,无,4.2,31,5,,产品与研发,项目管理,A
10020768,光储集团,地面光伏事业部,产品规划与市场部,产品上市部,,,执行层,协同方,10017582,1,3,4,3,3,3,5,3,4,4,3,3,,,,,,,,4,5,4,3,4,3,3,2,4,对方技术能力突出，能够精准理解业务诉求，定制化方案落地效果良好。对接人员专业耐心，主动跟进项目进展,推进新项目/新任务时，可提前做好风险预判与预案，增强兜底能力。,无,4.2,31,5,,产品与研发,项目管理,A
10020768,光储集团,地面光伏事业部,产品规划与市场部,产品上市部,,,执行层,协同方,10023097,4,5,5,4,5,5,4,5,4,4,5,5,,,,,,,,4,5,4,4,4,5,4,4,5,出色的表达能力，出色的拉通能力,无,无,4.2,31,5,,产品与研发,项目管理,A
10020768,光储集团,地面光伏事业部,产品规划与市场部,产品上市部,,,执行层,协同方,10009578,3,3,3,4,3,4,3,3,3,4,3,4,,,,,,,,3,3,4,4,4,5,5,5,5,诚恳务实，不推诿,跨部门沟通协作，可以再提升下,无,4.2,31,5,,产品与研发,项目管理,A
10020768,光储集团,地面光伏事业部,产品规划与市场部,产品上市部,,,执行层,协同方,10004845,4,4,5,4,4,4,4,4,4,3,4,3,,,,,,,,5,4,5,4,3,5,4,4,5,"1.有效传递并落实上级指示，行动力强
2. 积极主动，链接不同资源，确保目标达成
3.积极提供情绪价值，敢于发表自己的见解","1. 行动力强，但有时目标拆解不够细。建议进一步拆解目标并敢于授权，避免自己全程兜底
2. 业务理解可以更深——目前较多执行上级指令，建议多问“为什么这么做”，形成自己的业务判断及合理性",无,4.2,31,5,,产品与研发,项目管理,A
10020768,光储集团,地面光伏事业部,产品规划与市场部,产品上市部,,,执行层,协同方,10002961,4,5,5,4,4,4,4,4,4,4,4,5,,,,,,,,4,4,4,4,4,5,5,5,5,沟通协调能力强,作为上市负责人，需统筹考虑产品上市整体节奏，清晰传递，拉通需求,思考角度需考虑全局，而非仅站在自身业务本身，增加协同性，尤其是行业趋势在融合和场景化背景下，更需要协同,4.2,31,5,,产品与研发,项目管理,A
10020768,光储集团,地面光伏事业部,产品规划与市场部,产品上市部,,,执行层,下级,10045889,5,5,5,5,5,5,5,5,5,5,5,5,5,5,5,5,5,5,5,5,5,5,5,5,5,5,5,5,能倾听下属声音，遇到难解决的问题 都主动去帮助解决；非常好,暂无,暂无,4.2,31,5,,产品与研发,项目管理,A
10020768,光储集团,地面光伏事业部,产品规划与市场部,产品上市部,,,执行层,下级,10040522,4,4,3,4,3,5,5,4,4,4,4,3,5,5,3,3,5,4,5,4,4,4,5,5,5,4,4,4,"1、善于精准研判下属综合特质，清晰梳理优劣势，针对性给出合理改进建议，有效赋能下属成长，助力团队能力整体提升。
2、具备主动学习意识，以身作则、率先垂范，积极接纳创新事物与全新工作模式，持续精进个人综合能力，自我驱动力强。",在承接部门内部工作需求时，前期预判与统筹意识有待加强。对需求的落地可行性、时间紧迫性及实际效用缺乏前置研判，偶有直接转交下属执行的情况，未提前做好需求梳理与甄别，易造成工作衔接低效，建议后续强化需求前置评估，提升整体工作推进质量。,无,4.2,31,5,,产品与研发,项目管理,A
10020768,光储集团,地面光伏事业部,产品规划与市场部,产品上市部,,,执行层,下级,10030429,5,5,4,5,5,5,5,5,4,5,5,4,4,5,4,5,4,5,5,5,5,5,4,5,5,5,5,5,任务传递高效,暂无,暂无,4.2,31,5,,产品与研发,项目管理,A
10020768,光储集团,地面光伏事业部,产品规划与市场部,产品上市部,,,执行层,下级,10026786,4,4,5,5,5,2,5,3,5,5,5,5,5,5,4,3,3,4,4,4,3,4,5,5,5,4,5,5,"1、跨部门沟通能力强，能够和相关部门达成良好的合作关系
2、积极倾听下属意见，结合现状分析，给出正确的指引",无,无,4.2,31,5,,产品与研发,项目管理,A
10020768,光储集团,地面光伏事业部,产品规划与市场部,产品上市部,,,执行层,下级,10024502,4,4,4,4,5,4,4,4,5,4,4,4,5,5,4,4,4,4,4,5,4,4,4,4,4,4,4,5,"1、主动学习更多的新事物、新知识
2、做事积极主动，不坐以待毙",有创新思维，有想法，主动积极去处理各项事情,无,4.2,31,5,,产品与研发,项目管理,A
10020768,光储集团,地面光伏事业部,产品规划与市场部,产品上市部,,,执行层,上级,10001852,4,4,4,4,5,5,5,4,5,5,5,5,5,4,4,5,4,5,5,4,4,4,4,4,4,5,5,5,个人学习能力、跨部门沟通协调能力,多熟悉产品规划的背景和价值,无,4.2,31,5,,产品与研发,项目管理,A
10020397,光储集团,营销体系,海外战略大客户中心&中东非大区,海外战略大客户中心,大客户一部,,执行层,自己,10020397,5,5,5,5,5,4,5,5,5,5,5,5,4,4,5,5,5,4,5,5,5,5,4,5,5,5,5,5,大项目管理能力、客户关系管理能力、较强的责任心,高层客户关系管理能力、政府关系公关能力,加强项目融资、财务等综合能力,4.3,35,5,,营销,商务销售,B+
10020397,光储集团,营销体系,海外战略大客户中心&中东非大区,海外战略大客户中心,大客户一部,,执行层,协同方,10046758,3,4,5,4,3,4,5,5,3,5,5,5,,,,,,,,4,5,5,5,5,4,5,5,5,积极主动，以客户满意作为目标,更多与周边部门互动，沟通求助,无,4.3,35,5,,营销,商务销售,B+
10020397,光储集团,营销体系,海外战略大客户中心&中东非大区,海外战略大客户中心,大客户一部,,执行层,协同方,10027742,3,3,3,3,3,3,4,4,5,5,5,5,,,,,,,,4,4,3,3,2,4,4,5,4,我从来没有和任文学一起做过任何项目,我从来没有和任文学一起做过任何项目,我从来没有和任文学一起做过任何项目,4.3,35,5,,营销,商务销售,B+
10020397,光储集团,营销体系,海外战略大客户中心&中东非大区,海外战略大客户中心,大客户一部,,执行层,协同方,10023996,4,4,4,3,4,4,4,4,4,5,4,4,,,,,,,,4,4,4,4,4,4,4,4,4,高效执行力与专业的项目管理能力、客户关系维护能力。,加强对行业及市场的洞察并增强创新能力,加强团队管理，将优秀的项目管理能力授予团队,4.3,35,5,,营销,商务销售,B+
10020397,光储集团,营销体系,海外战略大客户中心&中东非大区,海外战略大客户中心,大客户一部,,执行层,协同方,10022643,5,5,5,5,5,5,5,5,5,5,5,5,,,,,,,,5,5,5,5,5,5,5,5,5,业务能力扎实，协调沟通也顺畅，综合能力极强,暂无,暂无,4.3,35,5,,营销,商务销售,B+
10020397,光储集团,营销体系,海外战略大客户中心&中东非大区,海外战略大客户中心,大客户一部,,执行层,协同方,10021093,,,,,,,,,,,,,,,,,,,,,,,,,,,,,,,,4.3,35,5,,营销,商务销售,B+
10020397,光储集团,营销体系,海外战略大客户中心&中东非大区,海外战略大客户中心,大客户一部,,执行层,协同方,10019751,5,4,4,5,5,4,5,5,5,4,4,4,,,,,,,,4,4,5,4,4,4,5,5,4,工作认真、遇到需要协同的问题会积极主动参与,协同跨部门客户关系运作,无,4.3,35,5,,营销,商务销售,B+
10020397,光储集团,营销体系,海外战略大客户中心&中东非大区,海外战略大客户中心,大客户一部,,执行层,协同方,10019410,5,5,5,4,4,5,5,4,5,4,5,5,,,,,,,,5,4,5,5,5,4,5,5,5,"Great at multi team project management.
Excellent at work with regional team.
Very supportive while sharing internal customer information for oska and regional info calibration.","Hire resources that has lots of contacts in regional gov entities.
Focus on strategic partnerships. Push for exclusivity agreements.",Excellent by all means. Really like working together,4.3,35,5,,营销,商务销售,B+
10020397,光储集团,营销体系,海外战略大客户中心&中东非大区,海外战略大客户中心,大客户一部,,执行层,协同方,10017832,4,4,4,4,4,3,4,4,3,3,4,4,,,,,,,,5,5,5,5,5,4,5,5,5,亲和力强，思路清晰,果断,无,4.3,35,5,,营销,商务销售,B+
10020397,光储集团,营销体系,海外战略大客户中心&中东非大区,海外战略大客户中心,大客户一部,,执行层,协同方,10017421,4,4,4,3,3,4,4,4,4,4,4,4,,,,,,,,4,4,4,4,4,4,4,5,5,擅于学习；身先士卒,进一步提高领导力,无,4.3,35,5,,营销,商务销售,B+
10020397,光储集团,营销体系,海外战略大客户中心&中东非大区,海外战略大客户中心,大客户一部,,执行层,协同方,10017392,,,,,,,,,,,,,,,,,,,,,,,,,,,,,,,,4.3,35,5,,营销,商务销售,B+
10020397,光储集团,营销体系,海外战略大客户中心&中东非大区,海外战略大客户中心,大客户一部,,执行层,协同方,10015782,4,4,3,5,4,4,5,5,4,5,4,4,,,,,,,,5,2,5,5,5,4,4,5,5,"To ensure we achieve our shared goals effectively, it is critical that the Commercial Team maintains full transparency with the Technical Solutions Team.
Recently, there has been a tendency to withhold information, which creates misunderstandings, delays, and inefficiencies. This lack of openness negatively impacts project execution and our ability to deliver optimal results.","I would like to bring to your attention a critical operational challenge we are facing due to prolonged resource allocation timelines.
The current process for resource replacement is taking more than six months, which is unacceptable in our industry where timely customer support is a key differentiator. These delays are directly impacting our ability to do so.",NIL,4.3,35,5,,营销,商务销售,B+
10020397,光储集团,营销体系,海外战略大客户中心&中东非大区,海外战略大客户中心,大客户一部,,执行层,协同方,10014896,4,4,4,4,4,4,4,4,4,4,3,4,,,,,,,,4,3,4,4,3,4,4,4,5,。,。,。,4.3,35,5,,营销,商务销售,B+
10020397,光储集团,营销体系,海外战略大客户中心&中东非大区,海外战略大客户中心,大客户一部,,执行层,协同方,10014446,,,,,,,,,,,,,,,,,,,,,,,,,,,,,,,,4.3,35,5,,营销,商务销售,B+
10020397,光储集团,营销体系,海外战略大客户中心&中东非大区,海外战略大客户中心,大客户一部,,执行层,协同方,10014376,5,4,3,4,4,4,3,4,5,4,4,5,,,,,,,,3,4,5,4,4,5,5,3,4,"- Cooperation between regional and OSKA team  
- Melting the cultural barrier between all departments","- Respect the hierarchy especially with the overseas employee 
- More collaborative attitude and creative thinking toward the customer needs and stop thinking as seperate islands (services, R&D department)
- Trust in the sales and front office feedback information
- avoid the automatic rejection for any change or new idea, or new requests without logic reasons or real analysis for the case",More respect and consideration for overseas team and considering hierarchy ,4.3,35,5,,营销,商务销售,B+
10020397,光储集团,营销体系,海外战略大客户中心&中东非大区,海外战略大客户中心,大客户一部,,执行层,协同方,10014375,,,,,,,,,,,,,,,,,,,,,,,,,,,,,,,,4.3,35,5,,营销,商务销售,B+
10020397,光储集团,营销体系,海外战略大客户中心&中东非大区,海外战略大客户中心,大客户一部,,执行层,协同方,10010892,5,5,5,5,4,4,5,3,4,4,4,4,,,,,,,,5,4,5,5,4,5,4,4,4,对于事情总是有自己独到的见解,团队管理可以有进一步的提升,无意见,4.3,35,5,,营销,商务销售,B+
10020397,光储集团,营销体系,海外战略大客户中心&中东非大区,海外战略大客户中心,大客户一部,,执行层,协同方,10006552,4,5,4,4,3,4,4,4,4,4,5,4,,,,,,,,4,4,4,3,3,4,4,4,4,学习能力、工作态度,大局观、团队管理,无,4.3,35,5,,营销,商务销售,B+
10020397,光储集团,营销体系,海外战略大客户中心&中东非大区,海外战略大客户中心,大客户一部,,执行层,协同方,10005139,4,4,4,4,4,5,5,5,4,4,5,5,,,,,,,,4,5,4,3,5,3,5,5,5,积极创新工作思路，压力之下坚持不懈,内部协作多想办法，提升下属能力,优化团队架构,4.3,35,5,,营销,商务销售,B+
10020397,光储集团,营销体系,海外战略大客户中心&中东非大区,海外战略大客户中心,大客户一部,,执行层,下级,10046905,5,5,5,5,5,5,5,5,5,5,5,5,5,5,5,5,5,5,5,5,5,5,5,5,5,5,5,5,"1. 全局观洞察工作和客户管理
2. 做到以客户需求为导向，对客户信息把握能力较强
3. 工作细致入微，能够在细节上把握真知",暂无,无,4.3,35,5,,营销,商务销售,B+
10020397,光储集团,营销体系,海外战略大客户中心&中东非大区,海外战略大客户中心,大客户一部,,执行层,下级,10036154,,,,,,,,,,,,,,,,,,,,,,,,,,,,,,,,4.3,35,5,,营销,商务销售,B+
10020397,光储集团,营销体系,海外战略大客户中心&中东非大区,海外战略大客户中心,大客户一部,,执行层,下级,10035703,5,5,4,5,5,5,5,5,5,5,5,4,3,3,4,5,5,5,5,5,5,4,5,4,4,4,5,5,1.Strong customer relationship management and stakeholder engagement. 2. Effective coordination and project follow-up 3. Calm and solution-oriented leadership style,Structured feedback and development guidance,Technical training related to PV and BESS twice a month so that even sales can handle and respond to atleast 75% of the technical queries.,4.3,35,5,,营销,商务销售,B+
10020397,光储集团,营销体系,海外战略大客户中心&中东非大区,海外战略大客户中心,大客户一部,,执行层,下级,10028639,5,5,5,5,5,4,5,5,4,5,5,5,5,4,5,5,5,5,5,4,5,5,5,5,5,4,5,5,"1. 具备出色的战略性项目管理思维；
2. 善于资源调动，在项目中调动多方补位。",暂无,暂无,4.3,35,5,,营销,商务销售,B+
10020397,光储集团,营销体系,海外战略大客户中心&中东非大区,海外战略大客户中心,大客户一部,,执行层,下级,10010047,,,,,,,,,,,,,,,,,,,,,,,,,,,,,,,,4.3,35,5,,营销,商务销售,B+
10020397,光储集团,营销体系,海外战略大客户中心&中东非大区,海外战略大客户中心,大客户一部,,执行层,上级,10009056,3,4,4,4,3,3,4,3,4,5,4,4,3,3,4,4,4,3,4,4,4,4,3,4,4,4,4,4,努力尽职,理性，创新,无,4.3,35,5,,营销,商务销售,B+
10019620,AIDC电源事业部,市场部,,,,,执行层,自己,10019620,5,5,5,5,5,5,5,5,5,5,5,5,5,4,5,5,5,5,5,5,5,5,4,5,5,5,5,5,深刻理解业务发展战略，积极创新，拥抱协同，高效推进各项工作落地。恪尽职守，以身作则，传递公司价值观。,暂无,暂无,4.5,43,8,,营销,市场,A
10019620,AIDC电源事业部,市场部,,,,,执行层,协同方,10046151,4,5,5,5,5,5,5,5,5,4,4,4,,,,,,,,4,5,5,5,5,5,5,5,5,专业度高，能够快速建立团队和组织,加强数据中心行业的专业知识和资源积累,没有了,4.5,43,8,,营销,市场,A
10019620,AIDC电源事业部,市场部,,,,,执行层,协同方,10045188,5,5,5,5,5,5,5,5,5,5,5,5,,,,,,,,5,5,5,5,5,5,5,5,5,把响应客户需求作为首要任务，积极倾听，快速响应内外部客户的需求,无,无,4.5,43,8,,营销,市场,A
10019620,AIDC电源事业部,市场部,,,,,执行层,协同方,10044732,4,4,4,4,4,4,5,5,5,5,4,4,,,,,,,,4,5,5,5,4,5,5,5,5,横向拉通,打通对各任务环节的整体把握能力,无,4.5,43,8,,营销,市场,A
10019620,AIDC电源事业部,市场部,,,,,执行层,协同方,10043458,4,5,3,4,4,3,3,4,4,4,4,3,,,,,,,,5,5,4,3,4,3,4,4,4,团队建设速度快，提前做好业务准备；熟悉公司内部流程，善于拉通内部资源。,可以带领团队进一步熟悉行业，提升团队能力；和数据中心行业媒体资源强化联系，逐步积累行业资源。,NA,4.5,43,8,,营销,市场,A
10019620,AIDC电源事业部,市场部,,,,,执行层,协同方,10040375,3,4,4,5,2,2,3,2,4,3,4,3,,,,,,,,4,4,4,4,4,4,3,4,4,"帮助产品线进行行业调研，在事业部内提供了助力，有格局
能够积极汇报，拉通，信息透明度高",无,无,4.5,43,8,,营销,市场,A
10019620,AIDC电源事业部,市场部,,,,,执行层,协同方,10019162,4,3,3,3,3,4,3,3,3,3,4,3,,,,,,,,3,4,4,3,3,3,4,4,5,"良好的团队氛围建设；
优秀的市场marking管理；
",横向部门协作的积极性管理：建议协作职权进一步明确共识；,无,4.5,43,8,,营销,市场,A
10019620,AIDC电源事业部,市场部,,,,,执行层,协同方,10009578,4,4,3,4,3,4,4,4,4,4,4,4,,,,,,,,3,3,4,4,4,4,5,5,5,善于倾听,跨部门沟通协作，可以再开放些,无,4.5,43,8,,营销,市场,A
10019620,AIDC电源事业部,市场部,,,,,执行层,协同方,10004925,4,4,4,4,5,4,4,4,4,4,4,5,,,,,,,,3,4,4,4,4,4,4,4,5,心态开放，乐于学习，能够很好得应用经验并结合在手业务做拓展。,创新突破的维度可以再更加强化一些，遇到困难时更加坚定得采取创新思维，进行直面和推进。,新业务开拓期肯定千头万绪，做好总体盘点和节奏规划会很有帮助。,4.5,43,8,,营销,市场,A
10019620,AIDC电源事业部,市场部,,,,,执行层,协同方,10001008,4,4,5,4,4,4,4,4,5,5,4,4,,,,,,,,4,4,4,4,5,5,4,4,3,积极进行团队协作,无,无,4.5,43,8,,营销,市场,A
10019620,AIDC电源事业部,市场部,,,,,执行层,下级,10047662,4,4,4,4,4,4,4,4,5,5,5,5,4,4,4,3,3,4,5,5,5,5,3,4,4,5,5,5,跨部门快速拉通资源、严格的规章管理、提升团队凝聚力,暂无法提供客观有效建议（短期内未建立充分识别）,暂无,4.5,43,8,,营销,市场,A
10007026,光储集团,营销体系,中国大区,国内销售中心,华东大区（江/浙/沪/皖）,,执行层,上级,10001811,4,4,4,4,4,3,3,3,4,5,5,5,4,4,3,4,4,5,4,4,3,5,3,4,5,5,5,5,性格上敢于改变自己，在客户端的韧性强，迎难而上。,性格上有棱角，这方面在客户处需要注意适当调整。,大区光伏副总监并非区域经理，需要树立高度，对整个大区光伏负责。,10.2,36,13,2/13/2026,营销,商务销售,A
10007026,光储集团,营销体系,中国大区,国内销售中心,华东大区（江/浙/沪/皖）,,执行层,上级,10008067,4,4,5,5,5,4,5,5,4,5,4,5,4,4,5,5,5,4,5,4,5,5,4,5,4,5,4,5,开拓创新的销售渠道，能整合资源,工作的细致度，团队建设等方面需要更高要求,戒骄戒躁,10.2,36,13,2/13/2026,营销,商务销售,A
10007026,光储集团,营销体系,中国大区,国内销售中心,华东大区（江/浙/沪/皖）,,执行层,下级,10008008,5,5,5,5,5,4,5,5,5,5,5,5,5,5,5,5,5,5,5,5,5,5,5,4,5,4,5,5,无,无,无,10.2,36,13,2/13/2026,营销,商务销售,A
10007026,光储集团,营销体系,中国大区,国内销售中心,华东大区（江/浙/沪/皖）,,执行层,下级,10024599,,,,,,,,,,,,,,,,,,,,,,,,,,,,,,,,10.2,36,13,2/13/2026,营销,商务销售,A
10007026,光储集团,营销体系,中国大区,国内销售中心,华东大区（江/浙/沪/皖）,,执行层,下级,10029681,5,5,5,5,5,5,4,5,5,5,5,5,5,5,4,5,5,5,5,5,5,5,5,4,5,5,4,5,1.业务经验丰富；2.洞察能力敏锐。,暂无,暂无,10.2,36,13,2/13/2026,营销,商务销售,A
10007026,光储集团,营销体系,中国大区,国内销售中心,华东大区（江/浙/沪/皖）,,执行层,下级,10030128,3,3,3,2,2,2,3,3,3,3,2,3,3,4,3,3,2,3,3,3,3,3,3,2,4,3,2,3,暂无,暂无,暂无,10.2,36,13,2/13/2026,营销,商务销售,A
10007026,光储集团,营销体系,中国大区,国内销售中心,华东大区（江/浙/沪/皖）,,执行层,下级,10030153,4,4,4,4,4,3,3,3,3,4,3,4,4,4,4,4,4,4,4,4,3,3,4,4,3,4,3,3,无,无,无,10.2,36,13,2/13/2026,营销,商务销售,A
10007026,光储集团,营销体系,中国大区,国内销售中心,华东大区（江/浙/沪/皖）,,执行层,下级,10035087,5,5,5,5,5,5,5,5,5,5,5,5,5,5,5,5,5,5,5,5,5,5,5,5,5,5,5,5,对新人下属友好，扁平化管理，工作作风结果导向,暂无,暂无,10.2,36,13,2/13/2026,营销,商务销售,A
10007026,光储集团,营销体系,中国大区,国内销售中心,华东大区（江/浙/沪/皖）,,执行层,下级,10040398,5,5,5,5,5,5,5,5,5,5,5,5,5,5,5,5,5,5,5,5,5,5,5,5,5,5,5,5,思路清晰，勤奋,关系资源，跨部门协调,无,10.2,36,13,2/13/2026,营销,商务销售,A
10007026,光储集团,营销体系,中国大区,国内销售中心,华东大区（江/浙/沪/皖）,,执行层,协同方,10001489,3,4,3,4,3,3,3,4,3,3,4,5,,,,,,,,4,4,3,3,4,3,3,4,3,处理问题的思路很清晰，能够快速响应客户的需求。做事坦诚能够影响他人，主动识别并完成任务。,需要发挥跨部门影响力，推进复杂问题的解决。日常工作中，需积极采取新措施和尝试新方法，持续提升工作效率,暂无,10.2,36,13,2/13/2026,营销,商务销售,A
10007026,光储集团,营销体系,中国大区,国内销售中心,华东大区（江/浙/沪/皖）,,执行层,协同方,10007008,4,3,4,3,3,3,4,4,4,5,5,5,,,,,,,,4,5,5,5,5,5,4,5,5,严格要求自己，以身作则。,无,无,10.2,36,13,2/13/2026,营销,商务销售,A
10007026,光储集团,营销体系,中国大区,国内销售中心,华东大区（江/浙/沪/皖）,,执行层,协同方,10008004,4,4,4,4,5,4,4,4,4,4,5,4,,,,,,,,5,4,5,4,4,5,4,4,5,顾全大局，优先考虑团队目标，而非个人得失,加强主动分享工作技巧、工具模板和避坑经验。,无,10.2,36,13,2/13/2026,营销,商务销售,A
10007026,光储集团,营销体系,中国大区,国内销售中心,华东大区（江/浙/沪/皖）,,执行层,协同方,10026852,5,5,5,5,5,4,3,4,5,3,4,5,,,,,,,,4,5,4,4,5,4,5,4,5,1.主动承担模糊边界任务 2.系统性复盘与知识沉淀 3.在压力下保持冷静与建设性反馈,跨职能协作中的柔性沟通 在复杂场景中的果断决策能力,暂无,10.2,36,13,2/13/2026,营销,商务销售,A
10007026,光储集团,营销体系,中国大区,国内销售中心,华东大区（江/浙/沪/皖）,,执行层,自己,10007026,4,5,4,3,4,5,4,4,5,5,5,4,4,4,5,4,4,4,4,4,5,5,4,5,4,4,5,5,以结果为导向，实事求是反馈问题,无,无,10.2,36,13,2/13/2026,营销,商务销售,A
10019620,AIDC电源事业部,市场部,,,,,执行层,下级,10047419,5,4,4,4,4,4,4,5,5,5,4,4,4,4,5,5,5,5,4,5,5,4,5,5,5,5,5,5,"1. 问题导向
2. 快速反应
3. 统筹全局",无,无,4.5,43,8,,营销,市场,A
10019620,AIDC电源事业部,市场部,,,,,执行层,下级,10047391,4,4,5,5,4,4,5,4,5,5,5,5,4,5,4,5,4,5,4,5,4,5,4,5,4,4,5,5,"1.团队领导力
2.专业技能和行业知识
3.工作态度",可增加员工培训、职业发展交流频次,暂无,4.5,43,8,,营销,市场,A
10019620,AIDC电源事业部,市场部,,,,,执行层,下级,10047158,4,4,3,3,3,3,3,3,3,3,3,3,3,4,3,3,4,3,3,3,3,3,3,4,4,5,3,3,无,做事目的不清晰，没有重点,无,4.5,43,8,,营销,市场,A
10019620,AIDC电源事业部,市场部,,,,,执行层,下级,10047134,5,5,5,5,5,5,4,4,5,5,5,4,5,4,5,4,5,5,5,5,4,5,5,5,5,4,5,5,"1、帮助新员工快速了解阳光业务
2、带员工快速与各部门建联，能够少走很多新人弯路，提高工作效率",暂时想不到,暂无,4.5,43,8,,营销,市场,A
10019620,AIDC电源事业部,市场部,,,,,执行层,下级,10046791,4,4,3,4,3,3,4,4,5,4,4,4,2,3,3,2,2,3,4,3,2,3,3,2,2,5,5,5,严格执行合规、对工作态度非常积极,团队人员组建、分工以及工作安排等方面,无,4.5,43,8,,营销,市场,A
10019620,AIDC电源事业部,市场部,,,,,执行层,下级,10030677,4,5,5,4,4,5,5,4,3,4,4,3,3,3,4,4,4,5,5,5,4,4,5,4,4,4,5,4,鼓励员工创新，主动识别风险，,暂无,识别不同员工的差异性需求，针对性给予支持与指导,4.5,43,8,,营销,市场,A
10019620,AIDC电源事业部,市场部,,,,,执行层,上级,10044357,3,4,4,3,3,3,4,4,4,3,4,4,3,3,4,4,4,4,4,5,4,5,5,5,4,5,5,5,有清晰的计划性，按照战略目标和时间节奏有效且紧凑的推动工作进展,学习AIDC专业知识，更深入的了解事业部产品；提高团队内容塑造的能力,进入AI技术，提高内容生产效率,4.5,43,8,,营销,市场,A
10019447,光储集团,储能事业部,产品经营中心,中大型工商业储能产品部,,,执行层,自己,10019447,5,5,4,4,4,5,5,5,4,4,5,5,4,5,4,3,4,4,5,5,4,4,3,4,5,5,5,5,市场理解深刻，洞察能力强，执行力强,组织文化与部门管理的融合，kpi的牵引工作需加强,无,4.5,38,0,,产品与研发,结构,A
10019447,光储集团,储能事业部,产品经营中心,中大型工商业储能产品部,,,执行层,协同方,10004028,4,5,5,5,4,4,4,4,4,5,3,4,,,,,,,,3,4,4,3,5,3,4,4,5,管理有很强的系统思维。,专业技能待提升。,业务之前的协同不足，加强前期市场洞察的联动。,4.5,38,0,,产品与研发,结构,A
10019447,光储集团,储能事业部,产品经营中心,中大型工商业储能产品部,,,执行层,协同方,10023794,,,,,,,,,,,,,,,,,,,,,,,,,,,,,,,,4.5,38,0,,产品与研发,结构,A
10019447,光储集团,储能事业部,产品经营中心,中大型工商业储能产品部,,,执行层,协同方,10011959,5,3,4,3,3,3,3,3,4,4,5,5,,,,,,,,4,3,5,3,3,4,4,5,5,理解业务战略并洞察本领域的内外部环境，挖掘业务增长的机会点。,细化产品使用场景及产品竞争策略，聚焦产品竞争力的提升,无,4.5,38,0,,产品与研发,结构,A
10019447,光储集团,储能事业部,产品经营中心,中大型工商业储能产品部,,,执行层,协同方,10018912,5,5,3,3,3,3,4,3,4,4,5,3,,,,,,,,2,5,4,5,3,5,5,4,5,深度思考、考虑外部环境,多与外部沟通,多与外部沟通,4.5,38,0,,产品与研发,结构,A
10019447,光储集团,储能事业部,产品经营中心,中大型工商业储能产品部,,,执行层,协同方,10013696,4,5,4,4,4,5,4,4,5,5,4,5,,,,,,,,4,4,4,4,5,5,5,5,5,管理有序,更加关注区域业务的宏观情况，更多的参与战略制定,无,4.5,38,0,,产品与研发,结构,A
10019447,光储集团,储能事业部,产品经营中心,中大型工商业储能产品部,,,执行层,协同方,10017791,4,4,5,4,5,5,5,5,4,5,4,4,,,,,,,,4,4,4,5,4,5,5,5,5,沟通、领导力、洞察力,创新,\,4.5,38,0,,产品与研发,结构,A
10019447,光储集团,储能事业部,产品经营中心,中大型工商业储能产品部,,,执行层,协同方,10015878,5,5,5,4,4,4,5,5,4,5,4,4,,,,,,,,4,5,4,5,5,5,5,5,4,身先士卒，经常在一线协同，善于解决困难工作；,一线作业较多，团队建设稍显不够，希望未来能够多强化管理创新思考,业务能力优秀，但是部门间交流较少，希望后续可能让大家多了解其业务，能够助力更好的协同；,4.5,38,0,,产品与研发,结构,A
10019447,光储集团,储能事业部,产品经营中心,中大型工商业储能产品部,,,执行层,协同方,10016721,4,3,4,3,4,4,4,4,5,5,5,4,,,,,,,,4,4,5,4,4,4,5,5,5,团队管理；外部关系,内部影响力；推动力,无,4.5,38,0,,产品与研发,结构,A
10019447,光储集团,储能事业部,产品经营中心,中大型工商业储能产品部,,,执行层,协同方,10013049,4,4,4,4,4,3,3,3,3,4,5,4,,,,,,,,3,4,4,4,4,4,4,4,4,工商业市场需求识别准确,暂无,暂无,4.5,38,0,,产品与研发,结构,A
10019447,光储集团,储能事业部,产品经营中心,中大型工商业储能产品部,,,执行层,协同方,10022546,4,4,4,4,4,4,4,4,4,4,4,4,,,,,,,,4,4,4,4,5,5,5,5,5,抗压能力强,暂无建议,暂无,4.5,38,0,,产品与研发,结构,A
10019447,光储集团,储能事业部,产品经营中心,中大型工商业储能产品部,,,执行层,协同方,10022840,5,5,5,5,5,4,5,5,5,5,4,5,,,,,,,,4,5,5,5,5,5,5,4,5,"乐于协作配合，主动支持上下游、兄弟部门工作
团队带教能力强，善于授权赋能，培养下属、梯队建设到位","细节把控还有提升空间，偶有工作复盘不及时、闭环不到位
过程管控偏多、授权不够，对下属工作容错和激励方式单一",推进工作标准化、流程化建设，把成熟做法固化为制度，提升可复制性,4.5,38,0,,产品与研发,结构,A
10019447,光储集团,储能事业部,产品经营中心,中大型工商业储能产品部,,,执行层,协同方,10003244,5,4,5,4,4,5,5,4,4,5,5,4,,,,,,,,4,4,5,4,4,4,5,4,4,统筹能力强，团队凝聚力高,无,无,4.5,38,0,,产品与研发,结构,A
10019447,光储集团,储能事业部,产品经营中心,中大型工商业储能产品部,,,执行层,协同方,10001873,4,4,4,5,5,4,4,5,4,5,4,5,,,,,,,,4,5,5,4,4,4,5,5,4,无,无,无,4.5,38,0,,产品与研发,结构,A
10019447,光储集团,储能事业部,产品经营中心,中大型工商业储能产品部,,,执行层,协同方,10000924,,,,,,,,,,,,,,,,,,,,,,,,,,,,,,,,4.5,38,0,,产品与研发,结构,A
10019447,光储集团,储能事业部,产品经营中心,中大型工商业储能产品部,,,执行层,下级,10045079,5,5,5,5,4,4,5,5,5,5,5,4,5,5,5,5,5,4,5,5,5,4,5,5,5,5,5,5,"1. 统筹能力强，目标清晰
面对多项目并行、海外业务繁杂的情况，能合理拆解工作任务、统筹分工，同步把控项目进度与关键节点，带领团队高效推进落地。
2. 专业扎实，乐于赋能下属
行业技术与业务经验深厚，遇到疑难问题可及时提供专业指导；耐心解答工作疑问，主动分享业务逻辑与项目经验，帮助团队快速成长。
3. 处事沉稳，责任心强
面对突发问题与外部对接矛盾时，冷静协调各方资源、高效解决问题；做事严谨负责，注重合规与风险把控，为团队工作做好兜底保障。","1. 工作节奏与节奏统筹
建议后续可合理平衡紧急工作与长线规划的衔接，定期同步阶段性工作重点，便于团队更好统筹个人工作，提升整体协作效率。
2. 团队培养赋能
建议后续可增加常态化的工作复盘与经验分享，结合业务场景给予更多方向上的指导，助力团队整体专业能力稳步提升","工作思路清晰、责任心强，业务能力突出，日常能够高效统筹各项工作，遇事决策果断，主动为团队协调内外部资源、分担压力。
待人包容亲和，沟通耐心，愿意倾听下属想法，遇到问题能够及时给予指导和支持，工作中以身作则、严谨务实。后续也希望在日常工作中，能适当多同步团队长期规划与发展方向，进一步提升团队协同默契，共同高效推进各项业务落地。",4.5,38,0,,产品与研发,结构,A
10019447,光储集团,储能事业部,产品经营中心,中大型工商业储能产品部,,,执行层,下级,10042379,5,5,4,5,4,5,4,5,4,5,5,5,5,5,5,4,5,5,5,5,4,5,4,5,5,4,5,5,"①经常性关注下属的工作状态和成长，在关键问题上给予支持；
②处理问题思路清晰，果断有方向，能够为下属树立好的榜样","①希望能更好地统筹部门的发展，带领部门走向更高的台阶
②希望能协助部门成员的个人发展，帮助更清晰的工作目标和发展目标",暂无,4.5,38,0,,产品与研发,结构,A
10019447,光储集团,储能事业部,产品经营中心,中大型工商业储能产品部,,,执行层,下级,10036286,5,5,5,5,5,5,5,5,5,5,4,4,5,5,5,5,5,5,5,5,5,5,5,5,5,5,5,5,"一针见血的洞察力，如同团队的方向指引灯
面对复杂的市场竞争和技术路线分歧，总能从大量信息中快速提炼出本质矛盾，直接指出“我们真正应该打赢的是哪一仗”。他对行业趋势、客户隐性需求、技术成熟度拐点有着超前的判断力，让团队在迷茫中始终保持清晰的方向，避免在次要问题上消耗资源。
积极推动AI对产品经理团队的赋能作用
率先引入AI工具辅助产品经理进行需求分析、竞品跟踪、技术文献梳理等日常工作，显著提升了团队的信息处理效率和决策质量。他不仅关注AI在产品本身的应用，更重视用AI武装产品经理自身的能力，让团队能更快地从数据中发现机会、验证假设，将更多精力投入到高价值的创造性工作中。",一针见血的判断力，我们非常佩服，但目前更多依赖他个人经验。未来可以把他在关键产品决策中的思考框架、信息抓取逻辑、权衡标准等沉淀下来，形成团队可复用的知识资产。挑选两三个有代表性的产品定版或路线切换案例，请他亲自拆解当时的输入信息、判断依据和取舍原则，整理成内部案例库。这不仅能加速产品经理的成长，也能让他的经验放大到整个部门。,技术趋势和产品定义上的前瞻性非常突出。建议他更多参与行业峰会、技术论坛或专业媒体访谈，将我们在储能产品智能化、AI赋能等方面的实践和思考对外输出。这不仅能提升他个人的行业地位，也能为公司带来更多优质的合作伙伴和客户信任。,4.5,38,0,,产品与研发,结构,A
10019447,光储集团,储能事业部,产品经营中心,中大型工商业储能产品部,,,执行层,下级,10036175,,,,,,,,,,,,,,,,,,,,,,,,,,,,,,,,4.5,38,0,,产品与研发,结构,A
10019447,光储集团,储能事业部,产品经营中心,中大型工商业储能产品部,,,执行层,下级,10035944,3,3,3,2,2,1,4,2,1,3,3,3,2,2,3,1,2,1,1,4,3,3,2,3,1,4,5,4,"1、对于项目和业务方面，可以多维度思考利弊。
2、做事干练，可以按照时间节点排布业务流程。
3、工作作风好，不接受任何烟酒茶物等。","1、加强人才梯队培养
对部门员工按新人、骨干、后备管理分层分类，一人一策制定专属培养计划。
2、强化员工沟通、提升团队粘性
常态化一对一沟通，交流项目进展、工作近况及个人心得。
定期组织部门内部交流和轻团建，拉近同事距离、增强团队归属感。
3、公平划分工作区域与任务
清晰划定各人工作责任区域，按能力、工作量均衡分配任务。
量化日常工作负荷，实行基础任务轮岗，杜绝忙闲不均、分工不公。",增加部门团建，加强各部门凝聚力。,4.5,38,0,,产品与研发,结构,A
10019447,光储集团,储能事业部,产品经营中心,中大型工商业储能产品部,,,执行层,下级,10033076,4,4,4,3,3,3,4,4,3,4,4,4,3,3,4,4,4,4,3,3,3,4,4,4,4,4,4,4,"1.能协调好跟其他部门的关系；
2.能统筹好部门内部氛围；
3.能梳理事情轻重缓急。","1.帮下级解决资源问题；
2.帮下级创造非职权影响力；
",无,4.5,38,0,,产品与研发,结构,A
10019447,光储集团,储能事业部,产品经营中心,中大型工商业储能产品部,,,执行层,下级,10032191,,,,,,,,,,,,,,,,,,,,,,,,,,,,,,,,4.5,38,0,,产品与研发,结构,A
10007225,制造体系,亚太工厂,泰国公司,钣金加工,,,执行层,上级,10001464,4,5,4,4,5,4,5,5,4,5,4,4,5,4,5,5,5,5,5,5,5,5,5,5,5,5,5,5,快速适应能力,加强沟通能力,无,10.2,43,5,,质量,质量控制(QE)-制程QE,B+
10007225,制造体系,亚太工厂,泰国公司,钣金加工,,,执行层,下级,10022118,5,5,5,4,5,5,5,5,4,4,5,5,5,4,5,5,5,5,5,5,4,5,5,5,5,4,4,5,"1.战略决策清晰：面对新建机加厂海外项目搭建等相对复杂挑战，能快速明确核心目标与优先级，做出关键决策，有效推动制程标准化和质量体系落地，为团队指明了方向，展现了大局观和精准的判断力；
2.协同能力突出：在推动海外项目协调资源过程中，主动对齐各方需求、化解协作障碍，关怀外派员工工作生活方方面面，为团队后续跨区域协作积累宝贵经验，是我们学习的好榜样。","对团队成员的个性化成长可以更加细化：可以结合部分员工的岗位以及对公司使命、愿景、价值观的了解程度，提供更针对性的成长指导和机会，实现员工与公司共同成长。
",在工厂管理上的专业能力，一直是我们团队的重要支撑。后续我们将继续紧跟方向，全力配合推动各项工作，也希望能得到专业的指导，为工厂的质量体系建设和机加工业务发展贡献我们更多的力量。,10.2,43,5,,质量,质量控制(QE)-制程QE,B+
10007225,制造体系,亚太工厂,泰国公司,钣金加工,,,执行层,下级,10042371,5,4,4,4,3,4,3,3,4,4,3,3,3,3,4,3,4,3,3,4,4,5,5,5,5,4,4,4,"Attentiveness, thoughtful analysis before taking action, and maintaining neutrality, which is highly respectable",/,/,10.2,43,5,,质量,质量控制(QE)-制程QE,B+
10007225,制造体系,亚太工厂,泰国公司,钣金加工,,,执行层,下级,10043317,5,4,5,4,5,5,5,4,5,4,5,5,5,4,4,5,4,4,5,5,5,5,4,5,5,5,5,4,"1.Very good drive the company equity culture to team.
2.Alway open mind to listening team member suggestion and support team meet company target.",May spend more time to distribute information from top management to team member.,no,10.2,43,5,,质量,质量控制(QE)-制程QE,B+
10007225,制造体系,亚太工厂,泰国公司,钣金加工,,,执行层,下级,10044310,5,5,5,5,5,5,5,4,4,5,4,5,5,5,5,5,5,5,5,5,4,5,5,5,5,5,4,5,"1. Demonstrates strong leadership skills and effectively manages the team while coordinating well with other departments, contributing to the successful achievement of work objectives.
2. Shows a high level of responsibility, pays close attention to detail, and is able to resolve problems promptly and appropriately.","1. Should further encourage team participation in improving workplace safety and 5S activities in order to continuously build a strong and positive working culture.
2. There are still some employees who may perceive that workplace safety has not yet been emphasized consistently enough by management. For example, some forklift operators drive at excessive speeds within the factory area, and when Safety personnel provide warnings, they may respond with inappropriate behavior or comment that management has not expressed concern regarding the issue. It is recommended to strengthen management involvement and communication regarding safety expectations to reinforce that workplace safety is a shared priority at all levels of the organization.",-,10.2,43,5,,质量,质量控制(QE)-制程QE,B+
10007225,制造体系,亚太工厂,泰国公司,钣金加工,,,执行层,下级,10044605,5,5,5,5,4,5,5,5,5,5,5,5,4,4,5,5,5,5,5,5,5,5,5,5,5,5,4,4,"A leader who prioritizes on-site work, is proactive in solving problems that arise on the job, and maintains work efficiency.
Listens to, recognizes employees' issues, and is open to different cultures.
Sets a good example to earn the respect and admiration of employees.",No suggestions.,You can warn or express dissatisfaction with employees who make mistakes.,10.2,43,5,,质量,质量控制(QE)-制程QE,B+
10007225,制造体系,亚太工厂,泰国公司,钣金加工,,,执行层,协同方,10000717,4,4,4,4,4,5,5,5,4,4,5,5,,,,,,,,4,4,4,4,4,4,4,5,5,能很好的团队协同，有很好的运营思维,跨部门平时多沟通交流，促进团队成长,无,10.2,43,5,,质量,质量控制(QE)-制程QE,B+
10007225,制造体系,亚太工厂,泰国公司,钣金加工,,,执行层,协同方,10006060,3,3,3,3,3,4,4,4,3,3,3,3,,,,,,,,3,3,4,3,4,3,4,4,4,较好的幽默能力,改善工作方法，跳出 “完成任务” 的思维，主动思考工作背后的目标与价值，定期梳理工作中的痛点与改进点，主动向团队提出优化建议，培养主人翁意识。,学习更多钣金知识,10.2,43,5,,质量,质量控制(QE)-制程QE,B+
10007225,制造体系,亚太工厂,泰国公司,钣金加工,,,执行层,协同方,10009345,5,5,5,4,4,4,5,4,5,5,4,5,,,,,,,,4,4,5,5,5,5,5,5,5,"1、丰富的管理与专业技能，有效管理团队达成绩效目标
2、快速响应需求，适应新环境做出正确决策
3、优秀的跨文化管理沟通能力","1、兼听则明，循证决策
2、业务创新，勇于突破",无,10.2,43,5,,质量,质量控制(QE)-制程QE,B+
10007225,制造体系,亚太工厂,泰国公司,钣金加工,,,执行层,协同方,10011385,3,4,3,2,4,3,4,4,4,4,4,4,,,,,,,,4,4,4,4,4,5,4,5,4,/,/,/,10.2,43,5,,质量,质量控制(QE)-制程QE,B+
10007225,制造体系,亚太工厂,泰国公司,钣金加工,,,执行层,协同方,10012089,3,3,3,4,3,4,4,4,3,4,4,3,,,,,,,,4,4,4,4,4,4,4,4,4,对公司忠诚度高,内部管理能力需提升,无,10.2,43,5,,质量,质量控制(QE)-制程QE,B+
10007225,制造体系,亚太工厂,泰国公司,钣金加工,,,执行层,协同方,10014629,4,5,4,4,4,5,5,5,5,5,4,4,,,,,,,,4,5,5,5,5,5,4,5,5,"1.处理问题能力强，可以独立负责一个分厂的运营，维持运转
2.专业能力强，工艺知识扎实","1.虽长期在海外，但是语言能力仍有提高空间
2.日常信息应注意拉通，生产信息有变化应及时告知相关部门
",暂无,10.2,43,5,,质量,质量控制(QE)-制程QE,B+
10007225,制造体系,亚太工厂,泰国公司,钣金加工,,,执行层,协同方,10015545,4,4,3,3,3,5,3,4,3,3,4,4,,,,,,,,3,2,4,4,4,3,5,4,5,"1.心态沉稳，不骄不躁
2.沟通协调能力强，发挥润滑剂的作用","1.可以有更多的考虑，起到引领作用
2.较真性可以更强些",格局观更高的向前冲,10.2,43,5,,质量,质量控制(QE)-制程QE,B+
10007225,制造体系,亚太工厂,泰国公司,钣金加工,,,执行层,协同方,10026778,4,4,4,4,4,4,5,4,4,4,4,4,,,,,,,,4,4,4,3,5,4,4,5,5,成本意识较强,团队整体执行力和纪律性有待进一步加强。,没有,10.2,43,5,,质量,质量控制(QE)-制程QE,B+
10007225,制造体系,亚太工厂,泰国公司,钣金加工,,,执行层,协同方,10029724,4,5,5,5,4,4,5,3,3,4,4,4,,,,,,,,4,3,5,3,4,3,4,4,4,公正务实，高效率,无,无,10.2,43,5,,质量,质量控制(QE)-制程QE,B+
10007225,制造体系,亚太工厂,泰国公司,钣金加工,,,执行层,协同方,10040212,3,4,4,4,4,4,4,4,4,4,4,4,,,,,,,,4,4,5,4,5,5,4,5,5,"1.执行力强
2.能融入泰国文化","1. 创新思考
2. 全局思考",无,10.2,43,5,,质量,质量控制(QE)-制程QE,B+
10007225,制造体系,亚太工厂,泰国公司,钣金加工,,,执行层,自己,10007225,4,4,4,4,3,4,4,4,3,4,5,3,3,4,4,4,4,4,3,5,4,5,5,5,5,5,5,5,"1、积极的学习新知识，并将学到的东西用到工作中去，带着团队一起成长；
2、采用谦逊管理的方式，提升团队的信任及创造力；","1、语言方面的学习还要继续加强；
2、对于智能化和数字化要不断的成长；",暂无,10.2,43,5,,质量,质量控制(QE)-制程QE,B+
10019447,光储集团,储能事业部,产品经营中心,中大型工商业储能产品部,,,执行层,下级,10028596,5,5,5,5,4,4,5,5,5,5,5,4,5,5,5,5,5,4,4,5,5,5,4,4,5,5,4,5,对每个员工耐心，制定合理的目标和发展路标；对待下属无距离感,工作汇报次数太多，可以适当减少,好领导,4.5,38,0,,产品与研发,结构,A
10019447,光储集团,储能事业部,产品经营中心,中大型工商业储能产品部,,,执行层,下级,10019396,5,5,5,5,5,5,5,5,4,5,4,5,5,5,5,4,5,5,5,5,5,5,5,5,4,5,5,5,职业，客观，会照顾下属情绪,希望可以适当让下面人承担更多责任,暂无,4.5,38,0,,产品与研发,结构,A
10019447,光储集团,储能事业部,产品经营中心,中大型工商业储能产品部,,,执行层,上级,10009176,5,5,4,3,3,5,5,3,5,5,5,5,3,3,5,4,4,4,4,4,4,5,4,5,5,4,5,5,强共情，善于与人达成一致意见。,果敢的决断能力。,暂无,4.5,38,0,,产品与研发,结构,A
10019166,光储集团,营销体系,中国大区,国内销售中心,华北大区（京/津/冀/晋/鲁）,,执行层,自己,10019166,5,5,5,4,5,5,4,5,5,5,4,5,5,4,5,5,5,5,5,4,5,5,5,5,5,5,5,5,无,无,无,4.6,33,5,2/13/2026,营销,商务销售,A
10019166,光储集团,营销体系,中国大区,国内销售中心,华北大区（京/津/冀/晋/鲁）,,执行层,协同方,10027080,5,5,5,5,4,5,4,5,5,5,5,5,,,,,,,,4,5,5,5,5,5,5,5,5,"1.遇事沉着冷静，能精准梳理事件中的人物关系和关键节点，事件闭环效率极高；
2.沟通引导力很强，和他人交流过程中可以占据主动，引导他人接受他的观点；","1.商务层面继续深耕，培养出更多像自身一样优秀的商务精英；
",无,4.6,33,5,2/13/2026,营销,商务销售,A
10019166,光储集团,营销体系,中国大区,国内销售中心,华北大区（京/津/冀/晋/鲁）,,执行层,协同方,10013859,5,5,5,4,5,5,5,5,5,4,5,5,,,,,,,,5,5,4,5,5,5,5,5,5,协同配合度高，对接外部项目时沟通清晰、资料输出规范，配合交付质量高。,专业理解力强，能够快速吃透光储项目招标规则，精准输出技术应答、合规资料。,建议持续深耕大基地招投标业务，强化跨部门联动，进一步提升综合项目操盘能力。,4.6,33,5,2/13/2026,营销,商务销售,A
10019166,光储集团,营销体系,中国大区,国内销售中心,华北大区（京/津/冀/晋/鲁）,,执行层,协同方,10007008,4,3,4,3,3,3,4,4,4,5,5,5,,,,,,,,4,5,5,5,5,5,4,5,5,严格要求自己，以身作则。,无,无,4.6,33,5,2/13/2026,营销,商务销售,A
10019166,光储集团,营销体系,中国大区,国内销售中心,华北大区（京/津/冀/晋/鲁）,,执行层,协同方,10006653,,,,,,,,,,,,,,,,,,,,,,,,,,,,,,,,4.6,33,5,2/13/2026,营销,商务销售,A
10019166,光储集团,营销体系,中国大区,国内销售中心,华北大区（京/津/冀/晋/鲁）,,执行层,下级,10011399,5,5,5,4,4,5,3,3,4,4,5,5,4,4,5,5,5,4,5,5,5,5,5,5,4,4,5,5,"1.积极拓展能源局以及电网关系，开拓更多合作模式
2.关系层面覆盖广，可以在项目各阶段做到一定支撑",暂无,暂无,4.6,33,5,2/13/2026,营销,商务销售,A
10019166,光储集团,营销体系,中国大区,国内销售中心,华北大区（京/津/冀/晋/鲁）,,执行层,下级,10010438,5,5,5,5,5,5,4,4,5,5,4,4,4,5,4,5,4,5,4,5,4,5,4,5,4,5,4,5,1持续的自我学习能力  2.突破壁垒，杜绝舒适圈的革新能力,此项无,此项无,4.6,33,5,2/13/2026,营销,商务销售,A
10019166,光储集团,营销体系,中国大区,国内销售中心,华北大区（京/津/冀/晋/鲁）,,执行层,下级,10009791,3,3,3,3,3,4,3,3,4,4,4,4,3,3,3,3,2,2,3,3,4,2,3,2,4,2,2,2,不断拓展客户资源，建立多层次社会关系,挖掘价值点，加强价值营销,加强价值营销，合规经营,4.6,33,5,2/13/2026,营销,商务销售,A
10019166,光储集团,营销体系,中国大区,国内销售中心,华北大区（京/津/冀/晋/鲁）,,执行层,下级,10005393,4,4,4,4,4,3,4,3,4,5,5,3,4,4,4,4,4,4,4,5,5,4,5,5,5,5,5,5,暂无,暂无,暂无,4.6,33,5,2/13/2026,营销,商务销售,A
10019166,光储集团,营销体系,中国大区,国内销售中心,华北大区（京/津/冀/晋/鲁）,,执行层,上级,10001811,4,5,4,5,5,4,3,4,5,5,5,5,4,4,4,4,5,5,4,4,4,5,3,4,5,5,5,5,开发能力强，敢于创新，在客户端投入的精力足，勤奋。,从区域经理到大区总的跨越绝非单单在级别上，团队管理上的办法也要持续创新，调整在客户和团队管理上的时间分配。,暂无,4.6,33,5,2/13/2026,营销,商务销售,A
10019166,光储集团,营销体系,中国大区,国内销售中心,华北大区（京/津/冀/晋/鲁）,,执行层,上级,10000936,4,4,4,5,5,4,5,5,4,5,5,5,5,4,4,5,5,5,4,5,5,4,4,5,5,5,4,5,整体能力都不错，有闯劲,在区域项目管理上还要加强，另外还是要加强学习,区域管理能力,4.6,33,5,2/13/2026,营销,商务销售,A
10019166,光储集团,营销体系,中国大区,国内销售中心,华北大区（京/津/冀/晋/鲁）,,执行层,上级,10000802,4,5,5,4,4,4,5,5,4,5,5,5,4,4,4,4,5,5,5,4,4,4,5,4,5,4,5,5,整合资源能力，大项目运作能力,团队领导力，日常经营能力,暂无,4.6,33,5,2/13/2026,营销,商务销售,A
10019090,光储集团,充电事业部,产品中心,研发中心,软件平台,欧标研发组,执行层,自己,10019090,3,4,4,5,5,3,4,4,4,3,4,2,4,3,3,3,3,4,3,5,4,3,4,4,4,3,4,4,"1. 文档表达方案和想法，积累技术资产
2. 坦诚沟通，主动暴露问题和风险","1. 多和市场前端沟通，了解新需求，洞察新趋势
2. 建立人才梯队，合理分配任务",统合综效，利用好部门资源,4.8,32,17,,产品与研发,嵌入式软件,B+
10019090,光储集团,充电事业部,产品中心,研发中心,软件平台,欧标研发组,执行层,协同方,10046398,4,4,4,4,4,3,5,4,3,5,5,3,,,,,,,,4,4,5,3,4,5,4,5,5,处事不惊,暂无,暂无,4.8,32,17,,产品与研发,嵌入式软件,B+
10019090,光储集团,充电事业部,产品中心,研发中心,软件平台,欧标研发组,执行层,协同方,10046103,5,5,4,4,3,3,4,3,3,4,3,3,,,,,,,,4,4,4,3,4,3,4,5,5,"工作以身作则；
做事严谨认真；","关注和学习友商的技术和竞争力；
应用新工具提高效率；",无,4.8,32,17,,产品与研发,嵌入式软件,B+
10019090,光储集团,充电事业部,产品中心,研发中心,软件平台,欧标研发组,执行层,协同方,10030740,5,4,5,4,4,3,4,4,4,4,4,3,,,,,,,,3,3,4,3,4,4,5,4,4,Team integrity. High moral standard. Work smart and high dedication from every team member. Very deep understanding of all the technicalities.,Be more assertive with the other teams for key decision making moment to push back on nuissance process.,Spend more time with each team member to assest their struggles.,4.8,32,17,,产品与研发,嵌入式软件,B+
10019090,光储集团,充电事业部,产品中心,研发中心,软件平台,欧标研发组,执行层,协同方,10029638,4,4,3,4,5,4,4,4,4,5,5,4,,,,,,,,4,5,5,5,4,4,4,5,5,"在过程中合理规划人力、时间、预算等各项资源，及时跟进落地情况，不断推动结果达成
帮助内外部客户解决问题，确保最终的产品或服务让客户满意","需梳理重点工作目标和资源现状，平衡效益和风险
主动识别和记录业务管理中遇到的问题和挑战，提前知会和规避风险",项目管理缺乏梳理和管控，需针对具体项目时间节点和优先级进线管控,4.8,32,17,,产品与研发,嵌入式软件,B+
10019090,光储集团,充电事业部,产品中心,研发中心,软件平台,欧标研发组,执行层,协同方,10026789,3,3,3,4,3,2,4,2,3,5,3,3,,,,,,,,2,3,3,4,3,2,4,5,5,1、对产品各个软件功能模块、整体系统架构认识比较深入，能更快的解决定位问题,需要更多的主动分享经验，帮助团队成员成长,"1、协助内部成员成长，让下面有能独挡一面的人；
2、加强软件内部部门协作，共同分享、共同成长；",4.8,32,17,,产品与研发,嵌入式软件,B+
10019090,光储集团,充电事业部,产品中心,研发中心,软件平台,欧标研发组,执行层,协同方,10026770,3,3,4,4,3,4,4,4,3,4,5,4,,,,,,,,3,4,4,3,4,4,4,5,5,"1、经常全力以赴完成任务
2、以满足客户需求为准",1、建议培养可以执行日常项目事务的人员，自己更多处理软件架构方面的事宜,暂无,4.8,32,17,,产品与研发,嵌入式软件,B+
10019090,光储集团,充电事业部,产品中心,研发中心,软件平台,欧标研发组,执行层,协同方,10025120,2,2,3,3,3,2,4,4,4,4,4,3,,,,,,,,3,3,4,3,4,3,4,4,3,遇到事情不慌张、理性分析,交集少，不了解,交集少，不了解,4.8,32,17,,产品与研发,嵌入式软件,B+
10019090,光储集团,充电事业部,产品中心,研发中心,软件平台,欧标研发组,执行层,协同方,10022367,4,4,4,4,5,5,4,4,5,4,5,4,,,,,,,,5,3,4,4,4,4,4,3,5,积极导入新技术,无,无,4.8,32,17,,产品与研发,嵌入式软件,B+
10007333,阳光水面光伏,品管/服务/测试,品管部,,,,执行层,上级,10006073,4,5,4,4,4,4,3,3,5,5,5,4,3,4,5,4,3,4,4,5,5,4,3,3,4,5,4,4,1.工作积极主动2，能够从组织需要进行思考优化改善3，品管业务专业性强,1，加强守护质量底线的原则性2，迅速提升品管团队整体水平尤其是注塑件管理水平,无,10.1,33,6,,质量,质量检验(QC主管),B+
10007333,阳光水面光伏,品管/服务/测试,品管部,,,,执行层,下级,10010476,4,5,5,4,4,5,5,4,5,5,5,4,4,5,4,4,4,4,4,5,5,4,4,5,4,5,5,5,"直抓问题点，行事果断，目标清晰
","1.结合部门现状提前预判风险，提升决策前瞻性；
2.优化跨部门协作模式，减少沟通成本，提升工作能效。",建议多开展团队交流活动，了解和掌握基层人员的工作想法和困难点，给与鼓励和协助，提升团队凝聚力。,10.1,33,6,,质量,质量检验(QC主管),B+
10007333,阳光水面光伏,品管/服务/测试,品管部,,,,执行层,下级,10010823,5,5,5,5,5,4,4,5,5,5,5,4,5,5,5,4,5,5,4,5,5,4,5,4,5,5,5,5,"1.在团推凝聚力方面比较强；
2.客端异常问题处理上，思路清晰",无,无,10.1,33,6,,质量,质量检验(QC主管),B+
10007333,阳光水面光伏,品管/服务/测试,品管部,,,,执行层,下级,10012434,4,4,5,5,4,4,5,5,5,4,5,4,3,4,5,4,5,5,5,5,5,4,4,5,5,5,4,4,执行力很强，遭遇困境也积极向上，思虑周全,为下属争取利益,无,10.1,33,6,,质量,质量检验(QC主管),B+
10007333,阳光水面光伏,品管/服务/测试,品管部,,,,执行层,下级,10012435,4,4,4,3,3,4,4,4,3,4,5,4,3,4,4,3,3,4,3,4,4,5,4,4,4,5,5,4,"1. 工作认真负责，执行力强，遇事主动担当、高效履职。
2. 善于团结协作，乐于助人，积极配合同事完成团队工作。
3. 勤于学习提升，善于总结反思，进取意识强、成长迅速。","1. 整体统筹规划：安排工作建议先整体统筹，规划好框架，下属人员有工作方向与内容细化。
2.创新改进：部门管理主动带头改革创新，提升效率。",优化部门人才梯队，培养多能复合人才，部门内部人员可以互为Back/Up，提升能效。,10.1,33,6,,质量,质量检验(QC主管),B+
10007333,阳光水面光伏,品管/服务/测试,品管部,,,,执行层,下级,10018729,4,5,5,5,5,5,5,4,4,5,5,4,5,5,4,5,5,4,5,5,5,5,5,4,5,5,5,5,1、工作有韧性；2、正面困难，勇于承担，不推诿，敢于担责；,1、扁平管理，预留时间用于长远部门战略布局研究的创新；2、进一步强化团队人才梯队建设；,无,10.1,33,6,,质量,质量检验(QC主管),B+
10007333,阳光水面光伏,品管/服务/测试,品管部,,,,执行层,协同方,10000559,3,4,3,4,3,3,3,3,3,5,3,4,,,,,,,,3,4,5,3,4,3,5,4,5,"严谨溯源质量问题，客观公正划分责任
主动联动供需复盘，务实把控产品品质",从事后产品测试异常转向事前工艺、来料、源头风险预判，建立常态化品质预防机制，减少异常返工,无,10.1,33,6,,质量,质量检验(QC主管),B+
10007333,阳光水面光伏,品管/服务/测试,品管部,,,,执行层,协同方,10007336,3,3,3,4,5,4,4,4,4,4,3,3,,,,,,,,3,4,4,4,5,4,5,5,5,内部沟通顺畅,部门管理待提高,无,10.1,33,6,,质量,质量检验(QC主管),B+
10007333,阳光水面光伏,品管/服务/测试,品管部,,,,执行层,协同方,10009455,4,4,4,4,4,4,4,4,4,4,5,5,,,,,,,,4,5,4,3,4,4,4,4,4,积极主动、责任担当,提高团队协同能力，前置策划质量活动、规避业务风险,建立弹性的质量管理体系与流程，匹配水面业务发展,10.1,33,6,,质量,质量检验(QC主管),B+
10007333,阳光水面光伏,品管/服务/测试,品管部,,,,执行层,协同方,10010556,3,3,3,3,3,3,3,3,3,3,3,3,,,,,,,,3,3,3,3,3,3,3,3,3,积极主动,加强部门专业能力建设,无,10.1,33,6,,质量,质量检验(QC主管),B+
10007333,阳光水面光伏,品管/服务/测试,品管部,,,,执行层,协同方,10013097,3,4,4,3,4,4,3,4,4,3,4,4,,,,,,,,4,5,3,4,4,4,5,3,4,做事积极,客观公正的把好质量关,无,10.1,33,6,,质量,质量检验(QC主管),B+
10007333,阳光水面光伏,品管/服务/测试,品管部,,,,执行层,协同方,10019716,4,4,4,4,4,4,3,3,4,4,4,3,,,,,,,,4,4,4,3,4,3,4,4,4,"1-有一定的抗压能力，坚持工作原则；
2-愿意接受外部意见并执行；",加强下属员工赋能，提升部门整体战斗力；坚持原则的基础上，提升内部组织变革的勇气；,无,10.1,33,6,,质量,质量检验(QC主管),B+
10007333,阳光水面光伏,品管/服务/测试,品管部,,,,执行层,自己,10007333,5,5,5,5,5,4,5,4,5,5,5,4,5,4,5,5,5,4,5,4,5,5,5,5,4,5,5,5,"1、实事求是，坦诚直率，不虚假应对，用事实和数据说话；
2、保持空杯心态，敢于接受批评，勇于自我变革；","1、提升思想，创新管理模式，善用AI工具；
2、提高语言能力",无,10.1,33,6,,质量,质量检验(QC主管),B+
10007335,风能事业部,产品中心,产品管理组,,,,执行层,上级,10000336,4,4,5,5,4,4,4,3,4,5,5,5,3,4,5,4,4,4,5,5,5,5,4,5,5,5,5,5,"1、工作积极主动，能迎难而上，以目标为导向，推进工作任务达成；
2、承压能力强，不屈不挠。","1、积极主动之余，需要增强同理心和换位思考，注重方式方法，以提升解决问题的效率；
2、面对明确的工作目标，在协同方面需要加强深入思考和挖掘，规划设计高效的流程，提升工作效率，规避简单重复的低效方法。",拓展沟通协同的思路和方法，关注他人感受。,10.1,40,9,,产品与研发,产品,B+
10007335,风能事业部,产品中心,产品管理组,,,,执行层,下级,10012231,5,5,4,5,4,4,4,4,4,5,4,4,5,5,4,4,4,4,4,4,5,4,5,4,5,4,4,4,有问题时能快速响应，积极推动解决。勇于承担责任,无,无,10.1,40,9,,产品与研发,产品,B+
10007335,风能事业部,产品中心,产品管理组,,,,执行层,协同方,10000989,4,4,4,4,5,3,3,4,5,4,4,4,,,,,,,,4,5,4,4,5,4,4,5,4,坚持目标导向，积极进行流程创新来适配业务发展,创新的新流程需要简化，易懂，容易接受；,对产品管理组后续的职责，发展进行规划，关注人才培养,10.1,40,9,,产品与研发,产品,B+
10007335,风能事业部,产品中心,产品管理组,,,,执行层,协同方,10009744,5,5,5,5,5,4,4,4,5,5,5,4,,,,,,,,5,5,5,4,4,4,5,5,5,"1、积极主动
2、认真负责
3、沟通、协调能力强",有时候过于希望采用制度化和流程化来处理问题和解决问题,无,10.1,40,9,,产品与研发,产品,B+
10007335,风能事业部,产品中心,产品管理组,,,,执行层,协同方,10009870,3,4,3,4,4,4,3,3,4,4,4,4,,,,,,,,4,3,3,4,4,3,4,4,4,"1、做为研发、生产、运营各部门的桥梁，纵观大局，可以很好的协调各部门，保证产品交付
2、执行力强、能够积极主动推进项目问题解决
3、对于产品交付，能从自己的管理视觉，制定合理化方案，固化流程",可以组织内部员工适当学习产品知识，了解产品基本功能， 更好服务于产品交付,无,10.1,40,9,,产品与研发,产品,B+
10007335,风能事业部,产品中心,产品管理组,,,,执行层,协同方,10011485,4,4,4,5,4,4,3,3,5,5,4,4,,,,,,,,4,3,5,4,3,4,4,5,4,"1、在产品转换到订单交付过程中 跨部门协调沟通能力强 团队组织统筹较为优秀
2、自身专业知识扎实 擅长运用管理及数字化工具 高效推进项目管理工作
3、持续保持积极向上的工作及情绪状态","经验成果转化为可运用机制的思考
","希望不要过于依赖产品管理团队而弱化项目经理的角色担当
注意团队成员的稳定性",10.1,40,9,,产品与研发,产品,B+
10007335,风能事业部,产品中心,产品管理组,,,,执行层,协同方,10013868,4,4,4,4,3,3,3,4,4,4,4,3,,,,,,,,4,4,4,3,4,4,4,4,5,积极主动，用于承担；,注意情绪管理；结合项目推动进度，不过于激进,无,10.1,40,9,,产品与研发,产品,B+
10007335,风能事业部,产品中心,产品管理组,,,,执行层,协同方,10028251,4,4,5,4,4,3,2,2,3,5,5,4,,,,,,,,4,5,4,2,3,3,3,3,4,"结果导向；
标准化流程建立；
充满干劲！！！","听取多方意见
适当给予下属或跨部门一些话语权",无,10.1,40,9,,产品与研发,产品,B+
10007335,风能事业部,产品中心,产品管理组,,,,执行层,自己,10007335,4,5,5,5,5,5,4,4,5,4,5,5,3,4,5,5,4,5,5,5,5,5,4,5,5,4,4,5,做事情认真负责，产品交付过程出问题后会第一时间深度参与协调，如海外3.3--950项目 明阳MCD项目，顺利完成交付；,"1/产品需要进一步熟悉提高个人知识；
2/多学团队管理知识，针对团队赋能，提高团队的战斗力
",持续提升,10.1,40,9,,产品与研发,产品,B+
10019090,光储集团,充电事业部,产品中心,研发中心,软件平台,欧标研发组,执行层,协同方,10019754,,,,,,,,,,,,,,,,,,,,,,,,,,,,,,,,4.8,32,17,,产品与研发,嵌入式软件,B+
10019090,光储集团,充电事业部,产品中心,研发中心,软件平台,欧标研发组,执行层,协同方,10016786,4,5,4,4,5,4,5,5,4,5,4,4,,,,,,,,5,4,5,4,4,4,4,4,5,与前端沟通较好，能及时了解市场端信息。,无,无,4.8,32,17,,产品与研发,嵌入式软件,B+
10019090,光储集团,充电事业部,产品中心,研发中心,软件平台,欧标研发组,执行层,协同方,10016309,4,4,3,3,4,3,3,4,4,4,4,4,,,,,,,,4,4,4,4,4,3,4,4,4,重构代码,深入代码；以技术角度驱动管理,暂无,4.8,32,17,,产品与研发,嵌入式软件,B+
10019090,光储集团,充电事业部,产品中心,研发中心,软件平台,欧标研发组,执行层,协同方,10009774,5,5,5,4,5,5,5,5,4,5,5,5,,,,,,,,5,4,5,5,5,5,5,5,5,处理整桩问题积极的态度与耐心值得学习,无,无,4.8,32,17,,产品与研发,嵌入式软件,B+
10019090,光储集团,充电事业部,产品中心,研发中心,软件平台,欧标研发组,执行层,下级,10047023,4,4,4,4,4,4,5,4,4,5,4,4,5,4,4,5,5,4,4,5,5,4,4,4,5,4,4,5,无,无,无,4.8,32,17,,产品与研发,嵌入式软件,B+
10019090,光储集团,充电事业部,产品中心,研发中心,软件平台,欧标研发组,执行层,下级,10046423,5,5,5,4,4,3,5,4,5,5,4,3,4,5,5,5,4,3,3,5,5,5,3,5,5,5,5,5,"1.积极帮助组员解决各种技术问题
2.主动加班提高工作效率和质量","1. 给组员自身表现和工作质量相关的更多的反馈
2. 跟组员有更多工作之外的互动",无,4.8,32,17,,产品与研发,嵌入式软件,B+
10019090,光储集团,充电事业部,产品中心,研发中心,软件平台,欧标研发组,执行层,下级,10046224,5,5,5,5,5,4,5,5,5,5,5,5,5,5,4,4,4,4,4,5,4,5,5,5,5,5,5,5,耐心提供指导,无,无,4.8,32,17,,产品与研发,嵌入式软件,B+
10019090,光储集团,充电事业部,产品中心,研发中心,软件平台,欧标研发组,执行层,下级,10045693,,,,,,,,,,,,,,,,,,,,,,,,,,,,,,,,4.8,32,17,,产品与研发,嵌入式软件,B+
10019090,光储集团,充电事业部,产品中心,研发中心,软件平台,欧标研发组,执行层,下级,10037464,5,5,4,5,5,4,5,4,5,5,5,5,4,4,4,5,4,4,4,4,5,4,5,4,5,4,5,4,"（1）勇于担当--480E CAN升级故障偶发，能顶住压力完成代码重构，对于质量的把控十分严格；
（2）无论工作如何繁忙，仍能坚持学习，提升自己
","（1）在工作量和工作进度评估上可以保守点，毕竟意外实在太多
（2）提升团队学习氛围，推动新人快速成长",减少加班，保重身体,4.8,32,17,,产品与研发,嵌入式软件,B+
10019090,光储集团,充电事业部,产品中心,研发中心,软件平台,欧标研发组,执行层,下级,10029684,4,5,5,4,3,4,5,3,3,5,5,5,3,4,1,2,1,2,2,5,3,4,1,2,4,4,3,3,"1 - Task distribution management on short notice
2 - Listen the experts ideas for implementations.","1. Internal Communication & Inclusivity
 There is room to improve how internal communication is handled, particularly when considering diverse cultural perspectives. Instead of relying on information from a single source or informal channels, it would be beneficial to actively listen to a broader range of employees.
2. Employee Training & Development
Internal training opportunities could be further encouraged and expanded. Continuous learning is essential for both individual growth and overall team performance.
Suggestion: Introduce structured training programs, mentorship initiatives, and allocate dedicated time for employees to upskill.
3. Cross-Regional Collaboration (China & EU Teams)
Collaboration between China and EU teams could be strengthened, particularly from a technical knowledge-sharing perspective.
Suggestion: Organize joint technical workshops, regular knowledge-sharing sessions, and cross-team projects to improve alignment and collaboration.
5. Transparency in Company Direction
There is an opportunity to improve transparency regarding company plans and strategic direction.
Suggestion: Provide more frequent updates from leadership, such as quarterly briefings or written summaries, to keep employees informed and aligned.",none,4.8,32,17,,产品与研发,嵌入式软件,B+
10019090,光储集团,充电事业部,产品中心,研发中心,软件平台,欧标研发组,执行层,下级,10024952,5,5,5,5,5,3,5,4,5,5,5,5,4,4,3,4,5,5,3,5,5,5,5,5,5,5,5,5,始终以软件质量为第一目标,重视员工个人发展和奖励机制,无,4.8,32,17,,产品与研发,嵌入式软件,B+
10019090,光储集团,充电事业部,产品中心,研发中心,软件平台,欧标研发组,执行层,下级,10023745,5,5,4,4,5,5,5,4,4,5,5,5,4,4,5,4,4,5,5,5,4,4,4,5,5,5,5,5,积极主动承担职责，业务能力经验极为强悍。主动学习，积极寻求并扩展部门发展方向。,"1. 向团队赋能者转变，能将自身夯实的技术基础，体系化地传授给组员
2. 发展广度的扩展，将技术细节与行业发展结合，帮助部门进行方向性规划","1. 在国内领导集团中，扩大影响力，为我们争取更多的资源与重要性；
2. 在保持高强度业务产出的同时，建议要注意团队成员的工作节奏的调节",4.8,32,17,,产品与研发,嵌入式软件,B+
10019090,光储集团,充电事业部,产品中心,研发中心,软件平台,欧标研发组,执行层,下级,10022018,4,5,4,4,5,4,4,4,4,4,4,3,4,5,3,4,4,3,4,5,4,5,4,4,5,4,4,4,1.自驱力强 2.负责,1.工作规划 2.职业发展,无,4.8,32,17,,产品与研发,嵌入式软件,B+
10019090,光储集团,充电事业部,产品中心,研发中心,软件平台,欧标研发组,执行层,下级,10018587,2,2,3,4,5,3,4,5,3,4,5,4,2,2,2,1,2,2,2,4,3,3,2,4,5,3,5,3,"hard working, respect each member in the team",Motivate employees and provide them with opportunities for learning and advancement.,no,4.8,32,17,,产品与研发,嵌入式软件,B+
10019090,光储集团,充电事业部,产品中心,研发中心,软件平台,欧标研发组,执行层,上级,10013915,4,4,4,4,4,4,5,5,5,5,5,4,5,5,5,3,3,3,3,4,3,5,4,5,4,5,5,5,学习意愿和能力强，坦诚沟通，主动担责,适当增加一些与团队成员沟通的时间,个人工作，团队管理，个人生活平衡,4.8,32,17,,产品与研发,嵌入式软件,B+
10019028,光储集团,阳光户用储能公司,营销体系,产品策略中心,中国渠道经营策略部,,执行层,自己,10019028,4,5,4,4,4,4,3,3,4,5,5,5,4,5,4,4,4,4,4,5,4,5,4,4,4,5,5,5,客户导向，诚恳务实，拥抱变化,无,无,4.6,34,3,1/29/2026,营销,营销策略,A
10019028,光储集团,阳光户用储能公司,营销体系,产品策略中心,中国渠道经营策略部,,执行层,协同方,10023275,4,4,4,4,4,4,3,3,4,4,4,4,,,,,,,,4,4,4,4,4,4,4,4,4,积极洞察市场动态，保护公司利益。,提高渠道营销策略的转换率。,暂无,4.6,34,3,1/29/2026,营销,营销策略,A
10019028,光储集团,阳光户用储能公司,营销体系,产品策略中心,中国渠道经营策略部,,执行层,协同方,10019149,5,5,4,4,4,4,4,5,5,4,4,4,,,,,,,,4,4,4,3,4,4,3,5,5,"1、工作作风严谨细致，对细节把控到位
2、能力全面，从基层实际操作到业务管理，具备完胜任工作所必须的技能","1、提升国际视野，从看国内到走向海外，借鉴全球其它区域业务模式
2、对于细节的过多投入可能会影响对全局的把控，对业务分级以便合理分配精力",无,4.6,34,3,1/29/2026,营销,营销策略,A
10019028,光储集团,阳光户用储能公司,营销体系,产品策略中心,中国渠道经营策略部,,执行层,协同方,10010398,5,5,4,4,4,4,5,5,4,5,4,5,,,,,,,,4,5,4,5,4,5,4,5,5,"1、诚恳务实，真实反馈市场行情，协助产品开发
2、文档沉淀与知识共享：把“隐性经验”转化为“显性流程”","1、提升跨部门沟通的影响力，梳理个人IP
2、 从“任务执行者”向“战略思考者”转变",无,4.6,34,3,1/29/2026,营销,营销策略,A
10019028,光储集团,阳光户用储能公司,营销体系,产品策略中心,中国渠道经营策略部,,执行层,协同方,10010146,4,4,3,3,4,3,2,2,4,4,4,4,,,,,,,,4,4,5,3,3,3,4,4,5,政策制定能力突出；,产品技术能力提升,无,4.6,34,3,1/29/2026,营销,营销策略,A
10019028,光储集团,阳光户用储能公司,营销体系,产品策略中心,中国渠道经营策略部,,执行层,协同方,10006914,5,5,5,5,5,4,4,5,4,5,5,4,,,,,,,,4,4,5,4,5,4,5,5,5,1、工作积极主动，学习能力强；2、逻辑思维能力强,暂无,暂无,4.6,34,3,1/29/2026,营销,营销策略,A
10019028,光储集团,阳光户用储能公司,营销体系,产品策略中心,中国渠道经营策略部,,执行层,协同方,10006653,,,,,,,,,,,,,,,,,,,,,,,,,,,,,,,,4.6,34,3,1/29/2026,营销,营销策略,A
10019028,光储集团,阳光户用储能公司,营销体系,产品策略中心,中国渠道经营策略部,,执行层,协同方,10000914,4,4,4,4,4,4,4,4,4,5,4,4,,,,,,,,4,4,5,4,4,4,5,5,5,紧密与业务协同，赋能大区业务能力,暂无,暂无,4.6,34,3,1/29/2026,营销,营销策略,A
10019028,光储集团,阳光户用储能公司,营销体系,产品策略中心,中国渠道经营策略部,,执行层,下级,10034829,5,5,5,5,5,5,5,5,5,5,5,5,5,5,5,5,5,5,5,5,5,5,5,5,5,5,5,5,"对于渠道商返点政策的制定
对于渠道商客户管理",无,无,4.6,34,3,1/29/2026,营销,营销策略,A
10019028,光储集团,阳光户用储能公司,营销体系,产品策略中心,中国渠道经营策略部,,执行层,下级,10034796,5,5,5,5,5,5,5,5,5,5,5,5,5,5,5,5,5,5,5,5,5,5,5,5,5,5,5,5,大局意识强，执行能力强,管理能力持续提升,无,4.6,34,3,1/29/2026,营销,营销策略,A
10019028,光储集团,阳光户用储能公司,营销体系,产品策略中心,中国渠道经营策略部,,执行层,下级,10019268,4,4,5,4,5,5,4,4,5,5,5,5,4,5,4,5,5,5,5,5,4,5,5,5,4,5,5,5,"在项目遇到临时紧急任务时，该同事不推诿、不等待，主动牵头协调资源，解决问题。
在工作过程中，会引导多维度的思考和总结，看待事情程卓冷静。",暂无,合理分配精力，尽量避免被事情牵着走，多关注自身的提升。,4.6,34,3,1/29/2026,营销,营销策略,A
10019028,光储集团,阳光户用储能公司,营销体系,产品策略中心,中国渠道经营策略部,,执行层,下级,10017831,5,5,4,4,5,5,5,5,5,4,4,5,4,4,4,5,5,5,5,5,5,5,5,5,5,5,5,5,诚恳务实，踏实做事，需求有落地，反馈有回声,无,无,4.6,34,3,1/29/2026,营销,营销策略,A
10019028,光储集团,阳光户用储能公司,营销体系,产品策略中心,中国渠道经营策略部,,执行层,上级,10006913,4,5,4,5,5,4,4,4,5,5,5,5,5,4,5,5,5,4,5,5,5,5,4,5,5,5,5,5,善于思考并勇于尝试新模式；能够给予下属需要的帮助和指导,加强数字化、AI工具的学习和应用,暂无,4.6,34,3,1/29/2026,营销,营销策略,A
10018362,光储集团,营销体系,工商业储能经营中心,全球行销部,,,执行层,自己,10018362,5,5,5,5,4,3,4,4,4,4,4,4,3,2,3,4,4,5,4,4,4,4,3,4,4,4,4,5,客户与订单优先，做事响应快效率高，能够严守岗位要求,需要提升自驱力，将赛道业务与综合经营事项扛在身上,无,4.7,29,12,,营销,技术营销,B+
10018362,光储集团,营销体系,工商业储能经营中心,全球行销部,,,执行层,协同方,10028312,3,3,4,4,4,3,5,4,5,4,4,2,,,,,,,,3,5,4,3,4,3,3,5,5,积极拉通资源解决疑难杂症，处理到底,合作时间过短，不足以给出建议,无,4.7,29,12,,营销,技术营销,B+
10018362,光储集团,营销体系,工商业储能经营中心,全球行销部,,,执行层,协同方,10023559,5,5,5,5,5,5,4,5,4,4,4,5,,,,,,,,3,4,4,5,5,4,4,5,5,多部门协同能力强，可拉通解决复杂问题，思路灵活。,团队发展层面。,欠发达地区的实地考察。,4.7,29,12,,营销,技术营销,B+
10018362,光储集团,营销体系,工商业储能经营中心,全球行销部,,,执行层,协同方,10014933,4,4,4,4,3,3,3,3,3,3,4,2,,,,,,,,4,3,4,4,4,4,3,4,3,有悟性，能吃苦,亲身做一些欧洲的项目,亲身做一些欧洲的项目,4.7,29,12,,营销,技术营销,B+
10018362,光储集团,营销体系,工商业储能经营中心,全球行销部,,,执行层,协同方,10010291,3,3,4,3,3,4,4,5,3,4,5,4,,,,,,,,4,4,5,4,3,4,4,4,5,与本地团队的协同交流能力,对于前端的问题统筹反馈，还有对于本地化团队的赋能。,无,4.7,29,12,,营销,技术营销,B+
10018362,光储集团,营销体系,工商业储能经营中心,全球行销部,,,执行层,下级,10041882,5,5,5,5,4,5,5,5,5,5,5,5,5,5,5,5,5,5,5,5,5,5,5,5,5,5,5,5,"有求知欲
同时追求工作的过程和结果",无，蛮好的,无,4.7,29,12,,营销,技术营销,B+
10018362,光储集团,营销体系,工商业储能经营中心,全球行销部,,,执行层,下级,10032831,4,4,4,4,3,3,2,2,5,5,5,3,3,2,3,3,4,5,3,3,4,5,5,5,5,4,3,4,"1、做事果断，善于统筹协同资源，快速响应需求
2、抗压能力强",1、参与公司数字化项目，助力公司数字化变革，提高工作效率,无,4.7,29,12,,营销,技术营销,B+
10018362,光储集团,营销体系,工商业储能经营中心,全球行销部,,,执行层,下级,10031742,5,4,4,5,5,5,5,4,5,5,5,5,4,5,5,4,4,3,4,5,4,5,4,5,5,4,5,5,"1. 执行力强，对待项目自驱力及灵活推进相关各方
2. 凝聚力，可团结下属、充分发挥部门影响力向外辐射","1. 多方拉通，对客户输出统一口径
2. 参与输出策略打法，统一管理输出、参与产品上市等策略信息",暂无,4.7,29,12,,营销,技术营销,B+
10018362,光储集团,营销体系,工商业储能经营中心,全球行销部,,,执行层,下级,10028515,5,4,5,4,5,4,5,4,5,4,5,4,5,4,5,4,5,4,5,4,5,4,5,4,5,4,5,4,"1、团队凝聚力强
2、机制拉通效率高
3、维护团队知识体系搭建",1、需尽快招人扩充团队规模，从而能够及时响应大区业务需求,非常优秀，暂无,4.7,29,12,,营销,技术营销,B+
10018362,光储集团,营销体系,工商业储能经营中心,全球行销部,,,执行层,下级,10025892,2,4,3,3,3,3,3,2,2,2,3,3,2,2,2,3,3,3,4,3,3,4,2,3,2,4,3,4,沟通能力极强，熟练跨部门拉通。,"1. 关注下属个人想法并充分尊重个体差异性。
2. 己所不欲 勿施于人",暂无,4.7,29,12,,营销,技术营销,B+
10018362,光储集团,营销体系,工商业储能经营中心,全球行销部,,,执行层,下级,10023707,5,5,5,5,5,5,4,4,3,5,5,5,5,5,5,4,4,4,4,4,4,4,4,4,4,5,5,5,/,/,/,4.7,29,12,,营销,技术营销,B+
10018362,光储集团,营销体系,工商业储能经营中心,全球行销部,,,执行层,下级,10023168,4,5,4,4,4,5,5,4,4,5,5,5,4,4,4,4,4,5,4,4,4,3,3,4,4,4,4,4,1、对产品技术的了解程度深，能快速定位问题来源；2、能积极帮助新人了解产品策略与技术方案，快速发展,1、目前各大区BESS项目信息相对独立、互通壁垒较高，信息共享存在滞后性。建议经文总建立常态化同步机制，定期组织内部信息拉通，强化跨区域项目经验与资源协同，提升整体工作效率。,暂无其他建议,4.7,29,12,,营销,技术营销,B+
10018362,光储集团,营销体系,工商业储能经营中心,全球行销部,,,执行层,下级,10004011,,,,,,,,,,,,,,,,,,,,,,,,,,,,,,,,4.7,29,12,,营销,技术营销,B+
10018362,光储集团,营销体系,工商业储能经营中心,全球行销部,,,执行层,上级,10009041,3,4,3,4,3,4,3,4,3,4,4,4,4,4,3,4,4,3,4,3,4,4,4,4,4,3,3,3,暂无,暂无,暂无,4.7,29,12,,营销,技术营销,B+
10017923,制造体系,总部交付中心,计划,储能计划部,,,执行层,自己,10017923,5,4,5,5,5,4,4,4,5,5,5,5,3,4,4,3,4,4,4,4,4,5,3,3,4,3,5,5,主动积极，责任心强,"系统思考能力待提升
自信心需要提升",持续高效的学习,4.8,38,2,2/2/2026,生产,计划物控,B+
10017923,制造体系,总部交付中心,计划,储能计划部,,,执行层,协同方,10001672,5,4,5,4,4,5,3,3,5,4,4,4,,,,,,,,5,5,4,4,4,4,4,5,5,1.问题拉通不分时间段，有问题就及时拉通  2.做事果断,1.计划部门人员可以躲到现场来看下。,强势一些,4.8,38,2,2/2/2026,生产,计划物控,B+
10017923,制造体系,总部交付中心,计划,储能计划部,,,执行层,协同方,10018470,3,4,4,3,4,3,3,3,4,4,3,3,,,,,,,,3,4,4,3,4,3,4,4,4,"1、针对风险应对分析较全面
2、关键任务时间节点把握准确
3、部门内业务把握准确，执行力强","1、对未来的分析与判断缺少全方位的分析与调研
2、涉及跨多部门信息处理与推导决策需进一步全面分析",无,4.8,38,2,2/2/2026,生产,计划物控,B+
10017923,制造体系,总部交付中心,计划,储能计划部,,,执行层,协同方,10014863,5,4,4,3,3,4,3,3,4,4,5,5,,,,,,,,4,4,5,4,4,3,4,5,5,"1.按时组织计划复盘，及时告知计划需求与风险
2.主动拉通过程的异常，推动异常解决，及时完成交付",无,无,4.8,38,2,2/2/2026,生产,计划物控,B+
10017923,制造体系,总部交付中心,计划,储能计划部,,,执行层,协同方,10015276,5,4,5,4,5,4,4,5,5,4,5,4,,,,,,,,4,5,5,5,4,5,5,5,5,关心下属及团队氛围建设，团队和谐共处，跨部门沟通配合高效；,/,/,4.8,38,2,2/2/2026,生产,计划物控,B+
10017923,制造体系,总部交付中心,计划,储能计划部,,,执行层,协同方,10027745,4,5,5,4,4,4,4,3,5,5,5,5,,,,,,,,4,5,4,4,5,5,4,4,4,沟通协调能力出色,需要关注其他部门诉求并促进达成,更进一步关注日计划排产与达成,4.8,38,2,2/2/2026,生产,计划物控,B+
10017923,制造体系,总部交付中心,计划,储能计划部,,,执行层,协同方,10000140,4,4,4,4,4,4,4,4,5,4,4,5,,,,,,,,4,4,4,5,4,5,4,4,5,-,-,-,4.8,38,2,2/2/2026,生产,计划物控,B+
10017923,制造体系,总部交付中心,计划,储能计划部,,,执行层,下级,10035795,5,5,5,4,4,5,5,4,5,4,5,5,5,4,5,5,4,5,5,4,5,5,5,5,4,5,5,5,以公司战略为导向，注重部门团队合作和文化建设。,无,无,4.8,38,2,2/2/2026,生产,计划物控,B+
10017923,制造体系,总部交付中心,计划,储能计划部,,,执行层,下级,10035140,5,5,5,5,5,5,4,5,5,5,4,5,5,5,4,5,5,4,5,5,5,4,5,5,5,5,4,5,"言行一致，一丝不苟，令人信服；
工作效率高，轻松拿捏关键问题；
逻辑缜密，全面覆盖细节问题。
","针对下属个人能力和特长，针对性制定差异化成长路径；
新项目加急突击，处于被动，建议贯彻计划刚性。",暂无,4.8,38,2,2/2/2026,生产,计划物控,B+
10017923,制造体系,总部交付中心,计划,储能计划部,,,执行层,下级,10027472,,,,,,,,,,,,,,,,,,,,,,,,,,,,,,,,4.8,38,2,2/2/2026,生产,计划物控,B+
10017923,制造体系,总部交付中心,计划,储能计划部,,,执行层,下级,10024490,5,5,5,4,4,5,5,4,5,4,5,4,5,5,4,5,5,5,5,4,5,5,5,5,5,4,5,5,"1.工作责任心强，遇事主动担当、统筹协调到位。
2.专业能力突出，善于解决重难点问题，指导下属耐心细致。
3.作风务实严谨，做事高效靠谱，团队表率作用强。","统筹规划：可加强长远工作预判，提前布局任务节点，减少临时突击。
沟通授权：可适当下放工作权限，多培养下属独立处理问题的能力。
创新突破：在常规工作基础上多尝试新思路、新方法，提升工作提质增效。",无,4.8,38,2,2/2/2026,生产,计划物控,B+
10017923,制造体系,总部交付中心,计划,储能计划部,,,执行层,下级,10020780,4,4,5,4,5,5,4,4,5,5,5,5,4,5,4,4,4,4,4,5,4,5,5,5,5,5,4,5,"1、可以听取下属意见，并共同讨论
2、在合理的工作权责中可以授权
3、性格大方，坦诚交流","1、作为计划部门负责人，可以发现部门间工作堵点，并在部门经理角度推动问题沟通的不断优化
2、在数字化及AI方面需要提升，可以让部门在这些方面有些方向，重点在先推动部门内部工作各项流程的清晰，不存在盲点，在数据流和信息流上做AI方面赋能",上面已经写出,4.8,38,2,2/2/2026,生产,计划物控,B+
10017923,制造体系,总部交付中心,计划,储能计划部,,,执行层,下级,10001317,5,5,5,5,5,5,4,4,4,4,4,4,3,4,4,3,4,3,4,3,4,4,3,4,5,4,5,5,"制定部门目标并细分到具体事项落地执行
遇到问题需要升级处理或者组会处理时会第一时间组织处理",具体实操业务类可减少，提升部门管理水平，及跨部门联动协调,/,4.8,38,2,2/2/2026,生产,计划物控,B+
10017923,制造体系,总部交付中心,计划,储能计划部,,,执行层,上级,10000673,5,5,4,5,5,4,4,5,5,5,5,5,4,5,5,4,5,5,4,4,5,5,5,5,5,5,5,5,组织分析能力,/,/,4.8,38,2,2/2/2026,生产,计划物控,B+
10017873,仁卓智能科技,产品技术中心,,,,,执行层,自己,10017873,4,5,5,4,4,4,4,4,4,5,5,4,4,5,5,5,5,5,4,5,5,5,3,4,5,5,5,5,"1.保持开放心态，打破部门墙，做好协同和支持；
2.主动意识，无人负责我负责，有人负责我配合；",走出当前环境，深入挖掘进行业务创新,不要畏首畏尾,4.8,43,8,,,,
10017873,仁卓智能科技,产品技术中心,,,,,执行层,协同方,10045560,2,2,3,2,2,3,2,2,3,2,2,2,,,,,,,,2,3,2,3,3,2,3,4,4,技术功底扎实,无,无,4.8,43,8,,,,
10017873,仁卓智能科技,产品技术中心,,,,,执行层,协同方,10042906,4,4,4,4,3,3,3,3,3,4,3,3,,,,,,,,3,3,4,4,4,4,3,3,3,推进产品设计优化,对设计缺陷进行优化,暂无,4.8,43,8,,,,
10017873,仁卓智能科技,产品技术中心,,,,,执行层,协同方,10031943,3,3,3,4,4,3,4,3,4,3,3,3,,,,,,,,4,4,4,2,4,3,5,3,5,1、具备较强的专业能力,1、需要提升担当意识，能够积极面对问题；2、提升工作的主观能动性；,无,4.8,43,8,,,,
10017873,仁卓智能科技,产品技术中心,,,,,执行层,协同方,10030258,5,5,5,5,5,5,4,4,4,5,5,5,,,,,,,,5,5,4,4,5,5,5,5,5,跨部门合作和公司文化意识,主动意识和大局意识,无,4.8,43,8,,,,
10017873,仁卓智能科技,产品技术中心,,,,,执行层,协同方,10030208,3,3,3,4,4,4,3,3,2,4,4,2,,,,,,,,3,3,4,3,2,3,3,3,5,研发属于开创性业务，需要多维度思考,多走出去看看新产品研发思路,静下心来，专心研发,4.8,43,8,,,,
10017873,仁卓智能科技,产品技术中心,,,,,执行层,协同方,10029063,1,2,2,1,1,3,2,4,1,3,1,3,,,,,,,,1,3,4,3,3,3,3,1,3,无,无,无,4.8,43,8,,,,
10017873,仁卓智能科技,产品技术中心,,,,,执行层,协同方,10023138,4,5,4,4,3,2,2,2,2,3,3,3,,,,,,,,3,4,4,4,4,4,4,4,4,无,无,无,4.8,43,8,,,,
10017873,仁卓智能科技,产品技术中心,,,,,执行层,协同方,10023080,5,5,4,5,5,5,4,3,5,5,5,5,,,,,,,,5,4,5,5,5,5,5,5,5,1、主动对接业务、生产、市场部门，协同完成产品迭代与技术落地；2、统筹知识产权、技术专利、技术标准管理，维护技术壁垒。,理解产品、市场，让研发产出直接对齐运营目标,无,4.8,43,8,,,,
10017873,仁卓智能科技,产品技术中心,,,,,执行层,协同方,10023028,2,4,3,2,3,4,2,2,2,2,3,3,,,,,,,,3,2,3,3,3,2,4,1,1,沉着冷静,站在企业思维考虑业务发展，思想转变,暂无,4.8,43,8,,,,
10017873,仁卓智能科技,产品技术中心,,,,,执行层,协同方,10021017,4,3,3,3,3,4,4,4,3,4,3,4,,,,,,,,3,4,4,3,4,3,3,4,4,细致，谨慎,增加管理能力,多多聆听下属建议,4.8,43,8,,,,
10017873,仁卓智能科技,产品技术中心,,,,,执行层,协同方,10020936,4,4,4,4,4,3,3,3,4,4,4,4,,,,,,,,3,4,4,4,4,4,5,5,5,"1、善于提问，对属下工作通过不断提问的方式确保正确；
2、重视研发，认识企业第一价值在创想价值。",1、建议继续开发在外部客户拓展与沟通方面。,多倾听不常发言人的发言，往往会有意想不到的收获。,4.8,43,8,,,,
10017873,仁卓智能科技,产品技术中心,,,,,执行层,协同方,10011679,4,5,5,3,3,4,5,5,3,5,5,4,,,,,,,,4,5,5,4,5,5,5,5,5,暂无,暂无,暂无,4.8,43,8,,,,
10017873,仁卓智能科技,产品技术中心,,,,,执行层,下级,10033266,4,4,4,5,4,4,5,4,4,4,5,4,5,5,5,4,4,4,4,5,5,5,4,4,4,4,4,5,"面对难题沉稳应对，善于思考复盘，能高效解决实际问题







被评估人在工作中展现出哪些创新能力？
如何培养和提升工作责任心？
分享一些高效解决实际问题的方法
","创新突破意识
建议：日常工作多总结优化思路，尝试新思路提升工作效率。",主动拓宽业务认知边界，多涉猎关联领域知识，综合能力稳步提升,4.8,43,8,,,,
10017873,仁卓智能科技,产品技术中心,,,,,执行层,下级,10032362,5,5,5,5,5,5,5,5,5,5,5,5,5,5,5,5,5,5,5,5,5,5,5,5,5,5,5,5,无,无,无,4.8,43,8,,,,
10017873,仁卓智能科技,产品技术中心,,,,,执行层,下级,10028523,4,3,4,4,3,3,4,4,4,5,5,5,4,4,4,3,3,3,4,3,4,5,5,5,5,5,5,5,无,无,无,4.8,43,8,,,,
10017873,仁卓智能科技,产品技术中心,,,,,执行层,下级,10025546,,,,,,,,,,,,,,,,,,,,,,,,,,,,,,,,4.8,43,8,,,,
10007708,光储集团,营销体系,直销经营中心,海外直销,欧洲经营策略部,,执行层,上级,10000751,4,4,5,4,5,4,5,3,3,5,5,5,4,4,4,4,4,5,4,5,5,5,5,5,5,4,5,5,主动积极协同,跨文化对接与管理意识,无,10.1,39,4,,营销,营销策略,B+
10007708,光储集团,营销体系,直销经营中心,海外直销,欧洲经营策略部,,执行层,上级,10011549,,,,,,,,,,,,,,,,,,,,,,,,,,,,,,,,10.1,39,4,,营销,营销策略,B+
10007708,光储集团,营销体系,直销经营中心,海外直销,欧洲经营策略部,,执行层,下级,10015243,5,4,5,4,5,4,5,4,5,4,5,4,5,4,5,4,5,4,5,4,5,4,5,4,5,4,5,4,树立道德高线，严守纪律底线; 杜绝官僚主义作风，不拉帮结派，不搞权力斗争，不任人唯亲，不默认、纵容下属的任何迎合和奉承行为,自觉维护团结，能够顾全大局，多帮助多补位;,深刻理解公司文化内涵，以身作则，积极践行并主动传播文化价值观，保持其日常行为与价值观导向高度一致,10.1,39,4,,营销,营销策略,B+
10007708,光储集团,营销体系,直销经营中心,海外直销,欧洲经营策略部,,执行层,下级,10019520,5,5,5,5,5,4,4,4,4,4,4,5,5,5,5,5,5,5,4,5,4,4,5,4,5,5,4,5,积极努力，主动学习，擅于在复杂环境中缕清流程，突破协作难点,暂无,暂无,10.1,39,4,,营销,营销策略,B+
10007708,光储集团,营销体系,直销经营中心,海外直销,欧洲经营策略部,,执行层,协同方,10001852,5,5,4,4,5,5,4,4,5,5,4,4,,,,,,,,5,4,4,5,4,5,4,5,4,无,无,无,10.1,39,4,,营销,营销策略,B+
10007708,光储集团,营销体系,直销经营中心,海外直销,欧洲经营策略部,,执行层,协同方,10007913,4,4,4,4,4,4,5,4,4,4,4,5,,,,,,,,5,4,4,4,4,4,5,5,5,结果导向,组织发展,无,10.1,39,4,,营销,营销策略,B+
10007708,光储集团,营销体系,直销经营中心,海外直销,欧洲经营策略部,,执行层,协同方,10013248,5,5,4,5,5,4,5,5,5,5,5,4,,,,,,,,5,5,5,5,5,5,5,5,5,"1.目标导向明确，大局意识强：在跨部门协作中始终以整体业务目标为核心，不局限于部门边界，主动配合运营端推进落地，遇到卡点时能积极协调资源、共同解决问题，有效推动了业务目标达成。

2.责任心强，攻坚意识突出：面对复杂业务挑战不推诿、不退缩，能主动牵头梳理问题、协调资源，推动难点事项落地，是团队的核心攻坚力量。","1.可进一步提升业务规划的前瞻性
目前在短期业务落地方面表现突出，建议后续可以更多从公司整体战略视角出发，思考业务的长期发展方向，提前布局市场变化和业务迭代，进一步提升工作规划的前瞻性。

2. 可加强团队能力建设的系统性
个人业务能力扎实，建议后续可以进一步完善团队梯队建设，搭建更系统的带教与培养机制，帮助团队成员共同成长，持续提升团队整体战斗力。",建议在带领团队攻坚的同时，进一步完善欧洲营销团队的能力建设与流程沉淀，通过标准化的方法和体系化的培养，持续放大团队作战效能，更好地支撑区域业务规模化发展。,10.1,39,4,,营销,营销策略,B+
10007708,光储集团,营销体系,直销经营中心,海外直销,欧洲经营策略部,,执行层,协同方,10017380,4,4,4,3,3,3,4,3,3,4,4,4,,,,,,,,3,4,4,3,4,4,5,4,4,专业能力强,开放交流,无,10.1,39,4,,营销,营销策略,B+
10007708,光储集团,营销体系,直销经营中心,海外直销,欧洲经营策略部,,执行层,协同方,10017791,4,5,5,4,4,4,5,5,4,5,4,4,,,,,,,,4,4,4,5,4,4,5,5,5,敬业、沟通,创新,\,10.1,39,4,,营销,营销策略,B+
10007708,光储集团,营销体系,直销经营中心,海外直销,欧洲经营策略部,,执行层,协同方,10022546,3,4,4,4,3,3,4,4,4,4,4,4,,,,,,,,4,4,4,4,5,5,5,5,5,推动力强，有干劲,决策方向判断力，下属管控力,暂无,10.1,39,4,,营销,营销策略,B+
10007708,光储集团,营销体系,直销经营中心,海外直销,欧洲经营策略部,,执行层,自己,10007708,5,5,5,5,5,5,4,4,5,5,5,5,4,3,5,5,5,5,5,4,4,5,5,5,5,5,5,5,坦诚，务实，认真,向上沟通，语言，跨文化交流,与下属沟通倾听能力还要加强,10.1,39,4,,营销,营销策略,B+
10017873,仁卓智能科技,产品技术中心,,,,,执行层,下级,10020865,4,5,5,4,4,3,4,4,4,5,5,5,4,3,4,3,3,3,3,4,4,4,3,3,3,4,4,4,无,无,无,4.8,43,8,,,,
10017873,仁卓智能科技,产品技术中心,,,,,执行层,下级,10020616,5,5,4,5,5,4,5,4,5,5,5,5,4,5,5,5,5,5,4,5,5,5,5,5,4,4,5,5,1.做事谨慎，对待产品和技术要求百分百的不会出错；2.能够系统化的思考，多方面考虑和实践公司战略的达成需要的各方工作的协调；,1.言语上的说话艺术有待改善，现有的沟通方式，让下属容易产生距离感；2.希望需要领导出面的时候就需要挺身而出，为下属争取正当的利益；,1.建议在行业发展趋势和研究方向上不吝啬地给与指导；2.在下派任务时，能够耐心的说明一下任务的意图，好让下属更好的执行；,4.8,43,8,,,,
10017873,仁卓智能科技,产品技术中心,,,,,执行层,下级,10020527,2,2,2,2,1,1,2,3,3,3,5,2,1,2,2,1,1,1,1,1,2,4,3,3,3,4,1,3,心态好，守公司规矩,多想想领导者应该干什么,无,4.8,43,8,,,,
10017873,仁卓智能科技,产品技术中心,,,,,执行层,下级,10015326,5,5,5,5,5,5,4,4,5,5,4,5,4,5,4,4,4,4,4,5,5,5,5,4,4,4,4,5,做事严谨，一丝不苟,暂无,无,4.8,43,8,,,,
10017873,仁卓智能科技,产品技术中心,,,,,执行层,上级,10025953,3,3,3,2,2,3,3,2,3,3,4,4,3,4,3,3,3,3,3,3,4,3,3,4,4,4,4,4,谨慎，厌恶犯错，因此有些过于谨小慎微,相比三年前在过于谨慎这方面已经有所改善，要知道研发很难避免错误，每次错误都是成功的找到了一条无法达到目标的道路。,多搜集竞争对手的技术动向，多与上级领导沟通，不一定要做正式报告，可以简单进行讨论再决定是否要进行对应行动或响应。,4.8,43,8,,,,
10017824,光储集团,充电事业部,销售运营部,,,,执行层,自己,10017824,5,5,5,5,4,5,4,4,5,4,5,4,5,5,5,4,3,3,5,4,5,5,5,5,5,4,5,5,"1、能够以身作则，抓大放小，带动团队积极性；
2、勤恳务实，以成就客户为目标，推动各项工作高效达成；
3、有较强的责任心和补位意识，主动承接更多边界不清晰的工作","1、要有更多的授权，鼓励员工大胆尝试，适度容错；
2、加强自身学习，补充更多最新的外贸专业知识；
3、提升外语口语交际能力",时间管理能力继续加强，投入更多的时间和精力到第二象限工作中去,4.8,39,3,,营销,销售运营,A
10017824,光储集团,充电事业部,销售运营部,,,,执行层,协同方,10046425,4,5,4,5,4,5,4,5,4,5,4,5,,,,,,,,4,5,4,5,4,5,4,5,4,工作认真负责，沟通能力强，专业性强。,无,无,4.8,39,3,,营销,销售运营,A
10017824,光储集团,充电事业部,销售运营部,,,,执行层,协同方,10044107,3,4,4,5,4,4,4,4,4,5,5,3,,,,,,,,4,4,4,4,4,4,4,4,5,主动性强，积极思考跨部门问题,加强产品销售预测收集,滚动预测及备料,4.8,39,3,,营销,销售运营,A
10017824,光储集团,充电事业部,销售运营部,,,,执行层,协同方,10043707,4,4,4,4,4,4,4,4,4,4,4,4,,,,,,,,4,4,4,4,4,4,4,4,4,Na,Na,Na,4.8,39,3,,营销,销售运营,A
10017824,光储集团,充电事业部,销售运营部,,,,执行层,协同方,10032691,3,3,3,3,3,3,3,3,3,3,3,3,,,,,,,,3,3,4,3,3,3,3,3,3,主动积极寻找问题解决，善于沟通,团队管理力，企业文化学习,"无
",4.8,39,3,,营销,销售运营,A
10017824,光储集团,充电事业部,销售运营部,,,,执行层,协同方,10025164,5,5,4,4,4,4,4,4,3,4,4,4,,,,,,,,4,4,5,4,3,3,5,4,5,"工作态度认真负责，执行力强，能够高质量推进各项任务。
善于倾听下属意见，沟通顺畅，能充分调动团队积极性。
以结果为导向，目标清晰，推动工作落实到位","在文化学习方面仍有提升空间，可进一步加强对相关文化与业务背景的理解；
需持续加强部门间的信息传递与沟通协同，提升跨部门联动效率；
建议保持更加开放的合作心态，主动推动资源共享与协同共赢",无,4.8,39,3,,营销,销售运营,A
10017824,光储集团,充电事业部,销售运营部,,,,执行层,协同方,10023350,4,4,4,4,4,4,4,4,4,4,4,4,,,,,,,,4,4,4,4,4,4,4,4,4,工作较为负责，行为果敢，敢于发表观点，形成内部伙伴共同探讨/共同提升的良好氛围,建议增加传绑带，分享经验，培养团队的同时，促进自我持续提升,暂无,4.8,39,3,,营销,销售运营,A
10017824,光储集团,充电事业部,销售运营部,,,,执行层,协同方,10019124,5,5,5,5,5,5,5,5,5,5,5,5,,,,,,,,5,5,5,5,5,4,5,5,5,灵活，高效，,更多互动与沟通,暂无,4.8,39,3,,营销,销售运营,A
10017824,光储集团,充电事业部,销售运营部,,,,执行层,协同方,10013572,4,4,5,5,5,4,5,4,5,5,5,5,,,,,,,,4,5,5,4,5,5,5,5,5,"1、执行力强
2、数据整理思路清晰",暂无,暂无,4.8,39,3,,营销,销售运营,A
10017824,光储集团,充电事业部,销售运营部,,,,执行层,协同方,10000367,5,5,4,5,4,4,5,5,5,5,4,4,,,,,,,,5,5,5,4,5,4,5,5,5,"1、以目标为导向，协同各部门，满足客户需求
2、工作严谨负责，注重细节","1、前后端信息共享，制定可持续需求计划
2、根据业务需求，建立安全库存，减少紧急订单",无,4.8,39,3,,营销,销售运营,A
10017824,光储集团,充电事业部,销售运营部,,,,执行层,下级,10026408,4,4,4,4,4,3,3,4,4,4,4,4,4,4,4,4,4,4,4,4,4,4,4,4,4,4,4,4,敬业,无,无,4.8,39,3,,营销,销售运营,A
10017824,光储集团,充电事业部,销售运营部,,,,执行层,下级,10016725,4,5,5,5,4,5,4,4,5,5,5,5,5,5,4,4,4,5,4,4,4,4,4,4,5,4,5,5,汇报及表格处理能力强；内部及跨部门沟通高效；主动学习意识及能力强。,无,无,4.8,39,3,,营销,销售运营,A
10017824,光储集团,充电事业部,销售运营部,,,,执行层,下级,10000742,4,5,5,5,5,5,5,5,5,4,4,5,5,5,5,5,4,5,5,4,5,4,5,5,4,5,4,4,"1、跨部门沟通协作能力强，遇到问题率先积极主动牵头解决，敢于担当。
2、上传下达，工作执行力强，目标明确、注重目标结果和闭环管理、推动团队提质增效。",日常工作方式可适当灵活多元化，多倾听，可适度放权赋能、减少过程干预，激发团队主观能动性。,\,4.8,39,3,,营销,销售运营,A
10017824,光储集团,充电事业部,销售运营部,,,,执行层,上级,10001894,3,4,4,4,4,5,3,3,5,4,4,4,3,3,5,4,4,5,5,4,4,4,5,5,4,5,5,5,非常有主人翁意识，责任心强，具有超强的抗压能力,增强全球化的视野,无,4.8,39,3,,营销,销售运营,A
10017489,阳光水面光伏,品管/服务/测试,工程服务部,客户服务部,,,执行层,自己,10017489,4,5,5,5,5,5,4,4,5,5,5,5,4,4,5,5,5,5,5,4,4,5,5,4,5,5,5,5,尊重员工个人想法，估计个人发表对问题的看法,语言能力有提升空间,合理的安排各个工程师的任务，工作量要平均分配,4.9,34,5,,营销,服务-服务策略,B+
10017489,阳光水面光伏,品管/服务/测试,工程服务部,客户服务部,,,执行层,协同方,10040170,4,5,3,5,4,2,3,2,3,4,4,3,,,,,,,,4,3,3,3,3,4,1,4,5,"1. One of our Indian customers raised a similar issue. He strongly supported the customer’s request, keeping our company’s reputation in mind.
2.He coordinated with the internal R&D and Supply Chain teams, and the issue was successfully resolved.",We need to provide a response to the customer with the support of the internal teams. The service team should take a strong and timely decision once all necessary inputs and clarifications are received.,"We appreciate that a good working relationship has been maintained. However, we would like to suggest improving communication skills, as we are occasionally facing difficulties in understanding, especially when translating instructions or orders. Clearer communication will help avoid misunderstandings and improve overall coordination.",4.9,34,5,,营销,服务-服务策略,B+
10017489,阳光水面光伏,品管/服务/测试,工程服务部,客户服务部,,,执行层,协同方,10020874,4,4,4,4,4,5,4,4,5,4,3,4,,,,,,,,4,4,5,4,5,4,5,5,5,反馈及时，工作认真,英语水平有待提升，海外项目无法提供有效支撑,同上,4.9,34,5,,营销,服务-服务策略,B+
10017489,阳光水面光伏,品管/服务/测试,工程服务部,客户服务部,,,执行层,协同方,10019716,3,3,3,3,3,3,3,3,3,4,4,3,,,,,,,,3,2,4,3,3,3,3,4,4,比较务实，有一定的抗压能力,加强知识沉淀和内部赋能，提升部门整体能力，可以更好承接客户服务工作；从被动服务向主动服务转变，加强主动规划和思考,无,4.9,34,5,,营销,服务-服务策略,B+
10017489,阳光水面光伏,品管/服务/测试,工程服务部,客户服务部,,,执行层,协同方,10012747,5,5,5,4,4,4,5,5,5,5,5,4,,,,,,,,5,4,5,5,5,5,5,4,5,积极主动，敢于承担,协调沟通,无,4.9,34,5,,营销,服务-服务策略,B+
10017489,阳光水面光伏,品管/服务/测试,工程服务部,客户服务部,,,执行层,协同方,10010556,3,3,3,3,3,3,3,3,3,3,3,3,,,,,,,,3,3,3,3,3,3,3,3,3,积极主动,加强现场问题解决能力,无,4.9,34,5,,营销,服务-服务策略,B+
10017489,阳光水面光伏,品管/服务/测试,工程服务部,客户服务部,,,执行层,协同方,10010020,4,4,4,4,4,4,4,4,5,4,5,4,,,,,,,,4,4,4,4,4,4,4,4,4,认真仔细,主动,暂无,4.9,34,5,,营销,服务-服务策略,B+
10017489,阳光水面光伏,品管/服务/测试,工程服务部,客户服务部,,,执行层,协同方,10009958,2,2,2,3,3,3,3,3,4,4,4,3,,,,,,,,3,4,4,4,4,4,4,5,5,"对内对外待人谦逊；
态度积极，推动解决问题；",加强对业务需求的理解,暂无,4.9,34,5,,营销,服务-服务策略,B+
10017489,阳光水面光伏,品管/服务/测试,工程服务部,客户服务部,,,执行层,协同方,10009303,3,4,4,4,4,4,5,5,4,5,4,4,,,,,,,,4,3,4,4,4,3,4,4,4,及时反馈售后问题,售后问题的追根溯源，帮助公司改善产品和服务,无,4.9,34,5,,营销,服务-服务策略,B+
10017489,阳光水面光伏,品管/服务/测试,工程服务部,客户服务部,,,执行层,协同方,10007333,3,4,4,5,5,4,4,5,5,5,5,5,,,,,,,,4,5,5,5,5,4,4,5,5,"做事认真，遇事主动
",积极担当,无,4.9,34,5,,营销,服务-服务策略,B+
10017489,阳光水面光伏,品管/服务/测试,工程服务部,客户服务部,,,执行层,下级,10043116,3,2,3,2,2,1,2,3,3,5,4,3,1,1,2,2,1,1,2,3,3,2,3,2,1,3,3,5,国内项目经验丰富、能够跨部门沟通,多参与国外业务的售后工作、加强外语学习、增强管理意识,增加和下级的双向沟通，合理规划下级的工作分配；以身作则，践行阳光价值观；,4.9,34,5,,营销,服务-服务策略,B+
10017489,阳光水面光伏,品管/服务/测试,工程服务部,客户服务部,,,执行层,下级,10029155,3,4,4,3,4,3,5,4,5,5,4,4,4,4,4,3,5,4,5,4,4,4,3,4,5,5,5,4,无,无,无,4.9,34,5,,营销,服务-服务策略,B+
10017489,阳光水面光伏,品管/服务/测试,工程服务部,客户服务部,,,执行层,下级,10028109,4,5,5,4,4,4,5,4,5,5,5,5,4,4,5,5,5,5,5,4,5,5,4,4,5,5,5,5,"1、在项目出现复杂或紧急问题时，能够主动承担责任，快速组织资源推动解决，保障项目整体进度。
2、在多项目并行情况下，能够给出清晰的优先级判断和方向指引，帮助团队高效开展工作。
3、在工作之余积极组织团队活动，增强团队凝聚力，营造良好的协作氛围。","1、建议进一步提升项目统筹与资源分配能力，根据不同项目阶段及复杂程度，合理平衡工程师任务量，提升团队整体效率与响应速度。
2、建议加强跨区域沟通与协同能力，提升英文及多文化环境下的问题处理效率，提升整体服务水平。",建议在现有良好管理基础上，进一步加强经验总结与方法论沉淀，将成熟的项目管理及问题处理经验形成标准化输出，赋能团队成员成长。,4.9,34,5,,营销,服务-服务策略,B+
10017489,阳光水面光伏,品管/服务/测试,工程服务部,客户服务部,,,执行层,下级,10023147,4,4,4,4,4,4,4,5,4,5,5,5,4,4,4,5,5,5,5,5,5,5,5,5,4,4,4,5,"1、做事细心，对项目细节把控到位，能及时发现潜在问题并修正。
2、公平公正，对待团队成员一视同仁，分配任务时能兼顾个人优势",对团队成员的个性化关注可进一步提升，建议定期和成员做 1v1 沟通，了解大家的工作难点和成长诉求。,后续可以多组织一些团队复盘和经验沉淀的分享会，把优秀的项目经验固化下来，帮助团队整体提升专业能力。,4.9,34,5,,营销,服务-服务策略,B+
10017489,阳光水面光伏,品管/服务/测试,工程服务部,客户服务部,,,执行层,上级,10006073,4,3,4,3,4,4,3,4,5,5,4,5,3,4,3,4,4,4,5,4,4,5,3,4,5,5,4,4,1，善于和客户沟通2，遇到突发售后问题有自己成熟的处理方式3，团队气氛维护融洽,1，提升部门系统性规划能力2，文字功底急需提升,无,4.9,34,5,,营销,服务-服务策略,B+
10017371,光储集团,阳光户用储能公司,营销体系,产品策略中心,欧洲渠道经营策略部,,执行层,自己,10017371,4,5,5,4,4,5,5,4,4,4,4,4,4,3,4,4,5,4,4,4,4,4,4,5,5,5,5,5,包容开放，以身作则,加强说服力,面对多变的外界，保持好内在秩序,4.9,33,4,2/13/2026,营销,技术营销,A
10017371,光储集团,阳光户用储能公司,营销体系,产品策略中心,欧洲渠道经营策略部,,执行层,协同方,10023275,4,3,4,4,3,4,4,3,3,3,3,4,,,,,,,,3,3,4,4,4,4,4,4,4,在渠道商策略管理中，坚持合规要求，没有合法有效的书面文件不返利。,及时推动区域渠道商选、任、育、留，加强与合作伙伴的关系。,加强区域同事工作绩效的管控。,4.9,33,4,2/13/2026,营销,技术营销,A
10017371,光储集团,阳光户用储能公司,营销体系,产品策略中心,欧洲渠道经营策略部,,执行层,协同方,10021542,4,3,3,4,4,4,4,4,3,4,4,4,,,,,,,,3,3,4,3,4,4,4,4,5,有充分的跨部门协作精神,更加果断的做出决策,无,4.9,33,4,2/13/2026,营销,技术营销,A
10017371,光储集团,阳光户用储能公司,营销体系,产品策略中心,欧洲渠道经营策略部,,执行层,协同方,10019028,5,4,5,4,5,5,5,4,5,5,5,5,,,,,,,,5,4,5,5,5,5,5,5,5,客户导向、诚恳务实、开放创新,无,无,4.9,33,4,2/13/2026,营销,技术营销,A
10017371,光储集团,阳光户用储能公司,营销体系,产品策略中心,欧洲渠道经营策略部,,执行层,协同方,10010146,4,4,3,3,3,3,4,3,3,4,4,3,,,,,,,,3,3,5,3,3,3,4,4,5,英语语言能力比较突出；,处理事情的方式方法需要提升；,无,4.9,33,4,2/13/2026,营销,技术营销,A
10017371,光储集团,阳光户用储能公司,营销体系,产品策略中心,欧洲渠道经营策略部,,执行层,协同方,10009767,3,4,3,4,3,3,5,5,4,4,5,4,,,,,,,,3,4,3,5,4,3,4,4,4,无,无,无,4.9,33,4,2/13/2026,营销,技术营销,A
10017371,光储集团,阳光户用储能公司,营销体系,产品策略中心,欧洲渠道经营策略部,,执行层,协同方,10007788,5,4,4,4,3,4,4,4,4,4,4,4,,,,,,,,5,4,5,4,5,4,4,4,5,主动参与欧洲安装商拜访，并在会议上积极提问；积极融入欧洲渠道团队，主动和团队成员构建沟通桥梁。,多看多听，进一步去了解欧洲渠道全貌后再想策略。,加油。,4.9,33,4,2/13/2026,营销,技术营销,A
10017371,光储集团,阳光户用储能公司,营销体系,产品策略中心,欧洲渠道经营策略部,,执行层,协同方,10000914,3,4,4,3,4,3,5,3,4,5,3,3,,,,,,,,4,4,5,4,4,4,5,5,5,无论是主动还是被动需要参与的，业务协同非常给力,暂无,暂无,4.9,33,4,2/13/2026,营销,技术营销,A
10017371,光储集团,阳光户用储能公司,营销体系,产品策略中心,欧洲渠道经营策略部,,执行层,下级,10034666,4,5,5,5,5,5,5,4,4,5,5,5,5,5,4,4,4,5,5,4,4,5,5,5,5,5,5,5,"具备良好的责任心与敬业态度，日常工作认真负责。
团队协作意识优秀，面对繁杂工作能保持良好状态。",常规工作处理熟练，面对突发、复杂问题时，独立判断和问题解决很高效，执行执行力强，但在一些流程优化上可再突破一点点。,管理方式温柔并且务实，愿意耐心指导工作难点，主动给予支持与方向指引。,4.9,33,4,2/13/2026,营销,技术营销,A
10017371,光储集团,阳光户用储能公司,营销体系,产品策略中心,欧洲渠道经营策略部,,执行层,下级,10022878,3,3,2,1,3,2,4,2,3,3,3,2,2,1,3,2,1,2,3,2,3,4,3,3,4,2,3,4,对工作问题比较较真严谨，对问题的探究总会多问很多个为什么，最终对一个问题的理解有多方面的深度，对正确的解决问题有很好的帮助,管理团队可以给予员工更多的信任，能够做到公平公正,暂无,4.9,33,4,2/13/2026,营销,技术营销,A
10017371,光储集团,阳光户用储能公司,营销体系,产品策略中心,欧洲渠道经营策略部,,执行层,下级,10019748,5,5,5,5,5,5,5,4,5,5,5,5,5,5,4,5,5,5,5,5,5,5,5,5,5,5,5,5,做事严谨科学，虚心学习新业务新流程,可以更外向，更积极和部门成员定期沟通,欧洲业务复杂，静下心来可以成长更多,4.9,33,4,2/13/2026,营销,技术营销,A
10017371,光储集团,阳光户用储能公司,营销体系,产品策略中心,欧洲渠道经营策略部,,执行层,下级,10018698,5,5,5,5,5,5,5,5,4,5,5,5,5,5,5,4,5,5,5,5,5,5,5,5,5,5,5,5,"跨部门协作
在推动低压户储上市项目中，主动拉通内外三个团队，建立每周同步机制，提前识别风险并推动解决，建议其他同事学习他‘先画流程图再分工’的工作方法。

目标拆解与执行
面对季度冲刺目标，能快速将模糊任务拆解为可落地的关键动作，并给团队成员明确的时间节点和验收标准，值得借鉴其‘倒排工期+每周例会’的节奏把控能力。",在信息不完全时，可保持目前采用的“70%信息量即可决策，后续快速纠偏”的原则，先小范围试点或分阶段推进，而非等待所有条件成熟后再行动。建议每周主动设置2-3个需在有限信息下做决定的场景，训练快速判断能力。,暂无其他建议,4.9,33,4,2/13/2026,营销,技术营销,A
10017371,光储集团,阳光户用储能公司,营销体系,产品策略中心,欧洲渠道经营策略部,,执行层,上级,10006913,4,5,4,4,4,5,5,5,4,5,5,4,4,5,5,5,5,4,5,5,5,5,4,5,5,5,5,5,敢于提出业务问题，敢于说真话，善于思考并寻找合适路径解决问题,领导力需要提升，特别是带团队一起成功方面，要多赋能下属，获得团队成功,暂无,4.9,33,4,2/13/2026,营销,技术营销,A
10017245,光储集团,充电事业部,国内销售部,华东区(皖/沪/浙/苏/赣/鲁),,,执行层,自己,10017245,5,4,5,5,5,4,4,5,5,5,5,5,5,4,5,4,5,5,5,4,5,5,5,5,5,5,4,5,1、具备甲方思维。2、自信。,无,无,4.9,35,8,,营销,商务销售,A
10017245,光储集团,充电事业部,国内销售部,华东区(皖/沪/浙/苏/赣/鲁),,,执行层,协同方,10044353,4,4,5,4,4,5,4,4,5,5,5,5,,,,,,,,5,5,5,5,5,5,5,4,5,以客户为中心,方法论,无,4.9,35,8,,营销,商务销售,A
10017245,光储集团,充电事业部,国内销售部,华东区(皖/沪/浙/苏/赣/鲁),,,执行层,协同方,10044107,3,4,4,4,3,4,4,4,4,5,5,4,,,,,,,,4,4,4,4,4,4,4,4,5,客户导向,加强产品学习,确切了解客户诉求,4.9,35,8,,营销,商务销售,A
10017245,光储集团,充电事业部,国内销售部,华东区(皖/沪/浙/苏/赣/鲁),,,执行层,协同方,10043213,3,3,3,3,4,4,4,3,4,4,3,4,,,,,,,,3,4,5,4,4,4,4,4,4,组织变更，未产生过多工作交集,组织变更，未产生过多工作交集,组织变更，未产生过多工作交集,4.9,35,8,,营销,商务销售,A
10007851,财务中心,成本管理部,,,,,执行层,上级,10017821,4,4,4,3,5,4,4,5,5,4,4,5,4,5,4,5,4,4,5,5,5,5,4,5,5,5,5,5,"1、在海外工作多年，能够将总部战略与本地实践有效结合，并推动落地，有较好的跨文化沟通与协作能力；
2、敢于接受挑战，迎难而上，工作有韧性，执行能力强。","1、新团队融合阶段，对内要凝聚共识，对外要跨领域、跨部门多维度沟通协调，领导力还要进一步提升；
2、正在从参与者/执行者向引领者转变，需持续强化总结复盘与前瞻规划能力，提升对工作方向的主动设计和把控。",无,9.9,34,2,,财务,成本管理,B+
10007851,财务中心,成本管理部,,,,,执行层,下级,10001908,,,,,,,,,,,,,,,,,,,,,,,,,,,,,,,,9.9,34,2,,财务,成本管理,B+
10007851,财务中心,成本管理部,,,,,执行层,下级,10007177,4,5,4,4,4,4,5,5,4,4,4,4,4,4,3,4,4,3,4,5,5,4,3,4,3,4,4,5,"听取下属意见和建议
合理授权",海外业务还需要给予更多指导,无,9.9,34,2,,财务,成本管理,B+
10007851,财务中心,成本管理部,,,,,执行层,协同方,10000363,4,4,3,3,4,4,5,4,3,4,4,4,,,,,,,,4,3,4,4,4,4,5,4,4,专业知识丰富，并能够融入工作中,加强对业务的理解并寻找更为贴近业务、服务业务的方法。,无,9.9,34,2,,财务,成本管理,B+
10007851,财务中心,成本管理部,,,,,执行层,协同方,10000690,3,3,3,3,3,2,3,2,2,2,3,2,,,,,,,,2,3,2,2,2,2,4,3,4,无,无,无,9.9,34,2,,财务,成本管理,B+
10007851,财务中心,成本管理部,,,,,执行层,协同方,10001319,3,3,4,4,4,4,5,4,4,4,4,3,,,,,,,,4,4,5,4,5,4,5,5,5,/,/,/,9.9,34,2,,财务,成本管理,B+
10007851,财务中心,成本管理部,,,,,执行层,协同方,10001464,5,5,5,5,4,4,5,5,5,5,5,4,,,,,,,,5,5,5,4,4,5,5,5,5,思维清晰有底线,无,无,9.9,34,2,,财务,成本管理,B+
10007851,财务中心,成本管理部,,,,,执行层,协同方,10007421,5,5,4,4,4,4,5,5,4,5,5,5,,,,,,,,5,5,5,4,5,5,5,5,5,务实谦虚、问题导向、积极主动,增强影响力、加强组织发展,暂无,9.9,34,2,,财务,成本管理,B+
10007851,财务中心,成本管理部,,,,,执行层,协同方,10015668,3,4,4,3,4,3,4,4,4,3,3,3,,,,,,,,3,3,4,4,4,4,5,4,5,"积极进取，开拓创新、用勇于担当
",集团成本管理，跨国工厂设立等,进一步扩大国际化视野，实施成本领先战略,9.9,34,2,,财务,成本管理,B+
10007851,财务中心,成本管理部,,,,,执行层,协同方,10015695,4,4,4,3,5,4,5,3,3,4,4,4,,,,,,,,5,3,5,4,4,3,5,5,5,丰富的海外工作经验,主动拉通资源，解决相应问题,无,9.9,34,2,,财务,成本管理,B+
10007851,财务中心,成本管理部,,,,,执行层,协同方,10028102,4,4,4,4,4,4,4,4,4,4,4,4,,,,,,,,4,4,5,4,4,4,4,4,5,无,无,无,9.9,34,2,,财务,成本管理,B+
10007851,财务中心,成本管理部,,,,,执行层,协同方,10045494,4,4,4,5,5,4,5,5,5,5,5,5,,,,,,,,4,4,5,5,5,5,5,5,5,"1、积极推动业财融合
2、成人成己
3、能够积极主动推动问题闭环",无,无,9.9,34,2,,财务,成本管理,B+
10007851,财务中心,成本管理部,,,,,执行层,自己,10007851,4,4,4,4,4,3,4,3,4,4,4,4,2,4,4,3,4,4,4,3,4,4,4,4,4,4,5,5,"积极协调各方资源，高效推动解决业务诉求。

",快速熟悉国内工厂生产业务,暂无,9.9,34,2,,财务,成本管理,B+
10017245,光储集团,充电事业部,国内销售部,华东区(皖/沪/浙/苏/赣/鲁),,,执行层,协同方,10041712,4,4,4,5,4,5,5,5,4,4,4,4,,,,,,,,3,4,3,4,3,3,4,4,3,无,无,无,4.9,35,8,,营销,商务销售,A
10017245,光储集团,充电事业部,国内销售部,华东区(皖/沪/浙/苏/赣/鲁),,,执行层,协同方,10037538,5,4,4,5,4,5,4,4,5,4,5,5,,,,,,,,5,5,4,4,4,5,4,5,4,经营性思维，系统思维强，有担当。,加强管理能力,无,4.9,35,8,,营销,商务销售,A
10017245,光储集团,充电事业部,国内销售部,华东区(皖/沪/浙/苏/赣/鲁),,,执行层,协同方,10034647,5,5,5,5,5,5,5,5,5,5,5,5,,,,,,,,5,5,5,5,5,5,5,5,5,.,.,.,4.9,35,8,,营销,商务销售,A
10017245,光储集团,充电事业部,国内销售部,华东区(皖/沪/浙/苏/赣/鲁),,,执行层,协同方,10020583,5,4,4,5,5,3,5,5,5,5,5,5,,,,,,,,4,5,5,4,4,5,4,4,5,"1、安徽城投、公交客户资源丰富，能持续发展区域大客户；
2、以客户需求为先，关键场景能以身作则成就客户。","1、销售需求对接阶段，尽量明确客户需求后传递，减少发货后货不对版的情况；
2、与客户售后需求方面的对接，建议先与内部确认后回复，避免过度承诺。",暂无,4.9,35,8,,营销,商务销售,A
10017245,光储集团,充电事业部,国内销售部,华东区(皖/沪/浙/苏/赣/鲁),,,执行层,协同方,10014051,4,5,5,3,4,3,5,5,5,5,5,5,,,,,,,,4,4,5,5,5,5,5,5,5,以用户视角驱动创新改进,有时候要学会闭嘴，避免让别人反感，尤其在客户端，多让客户讲,该争取的要替手下争取,4.9,35,8,,营销,商务销售,A
10017245,光储集团,充电事业部,国内销售部,华东区(皖/沪/浙/苏/赣/鲁),,,执行层,协同方,10017824,4,5,3,4,5,4,5,5,4,5,4,3,,,,,,,,3,3,5,5,3,4,5,4,5,"以业绩为导向，勤恳务实，能够以身作则，起到很好的带头作用；
学习能力较强，团队管理水平稳步提升；
勤于思考和钻研，对产品定义和市场信息有较好的反馈","提高主观能动性，及时传递市场需求，并推进快速落地；
加强销售项目及客户的风险评估预判",建立经营意识和长期主义，坚持做难而正确的事！,4.9,35,8,,营销,商务销售,A
10017245,光储集团,充电事业部,国内销售部,华东区(皖/沪/浙/苏/赣/鲁),,,执行层,协同方,10011707,4,4,3,3,3,3,1,2,3,3,3,4,,,,,,,,3,3,4,4,4,4,5,5,5,工作认真负责，在样板站这个事情上一跟到底,做大做强安徽市场份额,无,4.9,35,8,,营销,商务销售,A
10017245,光储集团,充电事业部,国内销售部,华东区(皖/沪/浙/苏/赣/鲁),,,执行层,协同方,10000638,5,5,4,4,4,4,5,5,4,4,5,5,,,,,,,,5,4,4,4,5,5,5,5,5,无,无,无,4.9,35,8,,营销,商务销售,A
10017245,光储集团,充电事业部,国内销售部,华东区(皖/沪/浙/苏/赣/鲁),,,执行层,下级,10047485,5,4,4,4,4,4,3,5,5,5,4,4,3,3,4,4,4,4,4,5,4,4,4,5,5,5,5,5,1、对客户提出的问题第一时间解决，把负面影响做到最小.2、注意团队培养，对弱势的方面进行带教帮扶。,1、精细化管理，建议要求下属对重要客户管理做到精细，过程数据积累留痕,暂无,4.9,35,8,,营销,商务销售,A
10017245,光储集团,充电事业部,国内销售部,华东区(皖/沪/浙/苏/赣/鲁),,,执行层,下级,10043841,5,2,2,2,2,2,1,1,2,2,3,2,2,2,2,2,2,2,2,2,2,2,2,2,2,2,1,2,1、积极2、乐观3、乐学,耐心、格局、眼光,格局、管理,4.9,35,8,,营销,商务销售,A
10017245,光储集团,充电事业部,国内销售部,华东区(皖/沪/浙/苏/赣/鲁),,,执行层,下级,10040382,5,5,5,4,4,5,3,4,3,4,5,4,4,4,4,4,3,5,4,5,4,5,5,4,5,5,4,5,"1、公司价值观践行者，对客户认真负责，严守公司底线的同时，又能为客户灵活解决问题。
2、对待下属，关心客户需求，及时解决客户问题，对接高层及时沟通，行程闭环。","1、针对大客户需求问题回访沟通，需要政企客户协助对接，形成高层互信。
2、针对发货特殊需求客户，期望拉通各部门积极对接能快速闭环。",暂无,4.9,35,8,,营销,商务销售,A
10017245,光储集团,充电事业部,国内销售部,华东区(皖/沪/浙/苏/赣/鲁),,,执行层,下级,10033446,5,5,5,5,5,4,4,4,4,5,4,5,4,4,4,5,5,5,5,5,5,5,4,4,4,4,4,5,"1.业务能力强，客户沟通能力强。
2.执行力强，统筹能力强","1.政企客户在合作沟通过程中，要结合客户习惯、性格，改变对应交流的方式。
",无,4.9,35,8,,营销,商务销售,A
10017245,光储集团,充电事业部,国内销售部,华东区(皖/沪/浙/苏/赣/鲁),,,执行层,下级,10025376,5,4,5,4,5,4,4,5,5,5,5,5,4,4,4,4,4,5,4,5,4,5,5,5,4,4,5,5,1、与客户沟通可以精准的抓住客户的需求，迅速拉近客户关系，及时解决客户困难；2、十分勤奋，几乎不安排休息时间，工作日拜访政企大客户，周末拜访中间人或私人客户。,"1、从“超级个体”向“团队教练”转变；每月花30分钟审视一次待办清单，将“只有我能做”和“其实下属可以做”的事项分开，并逐步移交后者。
2、提升战略思维；建议每季度组织一次非工作场景的战略研讨会，只讨论方向、资源配置和能力缺口，不讨论具体执行细节。",暂无,4.9,35,8,,营销,商务销售,A
10017245,光储集团,充电事业部,国内销售部,华东区(皖/沪/浙/苏/赣/鲁),,,执行层,下级,10015011,5,5,5,5,5,5,4,4,5,5,5,5,5,5,4,5,4,5,5,5,5,5,5,5,5,5,5,5,"1.积极响应客户需求，成就客户；
2.部门区域之间关系协调，共同发展；
3.顾全大局，坦诚相待；",无,无,4.9,35,8,,营销,商务销售,A
10017245,光储集团,充电事业部,国内销售部,华东区(皖/沪/浙/苏/赣/鲁),,,执行层,下级,10014957,5,5,5,5,5,4,4,5,4,5,4,5,4,4,5,5,5,5,5,4,4,4,5,5,5,5,5,4,诚恳务实，成就客户,讲师,咱无,4.9,35,8,,营销,商务销售,A
10017245,光储集团,充电事业部,国内销售部,华东区(皖/沪/浙/苏/赣/鲁),,,执行层,上级,10046425,4,4,4,4,4,4,3,4,3,4,4,3,3,4,4,5,4,4,4,5,5,5,4,4,5,5,3,3,工作踏实，风险控制意识强，行业经验丰富,需要加强大客户拓展能力和团队管理能力,无,4.9,35,8,,营销,商务销售,A
10017158,制造体系,制造技术中心,自动化,自动化平台部,,,执行层,自己,10017158,5,5,5,5,5,4,4,4,5,5,5,5,5,5,5,5,5,4,4,4,5,5,5,5,5,5,5,5,"1、对新兴事物保持高度敏感度，能够快速理解并推动落地转化，形成实际价值；
2、在复杂与高压环境下具备稳定的情绪管理与决策能力，既能把控方向，又能有效凝聚团队；
3、在跨部门协同中主动承担关键责任，统筹推进问题解决，提升整体协同效率与结果质量。","1、在自动化技术研究与应用方面，可进一步从“项目交付驱动”向“技术体系驱动”转变，强化关键技术的长期沉淀与复用机制建设，系统性推进自动化标准在更大范围内的统一与落地；
2、在新兴技术及综合解决方案上，可提升从0到1的创新牵引能力，避免停留在已有方案优化层面，加强对行业趋势的前瞻判断，形成具备引领性的系统级解决思路；
3、在多技术项目并行与复杂环境下，可进一步提升战略聚焦与取舍能力，强化关键路径识别与资源配置的精准度，减少非核心事务牵制，推动整体效率与结果质量的最优解。",建议在持续夯实技术与项目能力的基础上，进一步强化全局视角与长期规划能力，逐步从“解决问题”向“定义问题、引领方向”转变；同时加强对团队能力梯队的建设与复制，提升组织整体作战能力与可持续发展水平。,5,32,8,,生产,自动化,A
10017158,制造体系,制造技术中心,自动化,自动化平台部,,,执行层,协同方,10033370,5,5,5,4,5,5,5,5,5,4,5,5,,,,,,,,4,4,4,3,4,5,5,5,5,创新强,无,无,5,32,8,,生产,自动化,A
10017158,制造体系,制造技术中心,自动化,自动化平台部,,,执行层,协同方,10011377,4,5,4,4,4,5,4,4,4,4,4,4,,,,,,,,5,5,5,5,5,5,5,5,5,暂无,暂无,暂无,5,32,8,,生产,自动化,A
10007906,光储集团,营销体系,直销经营中心,国内直销,国内经营策略部,国内行销部,执行层,上级,10009508,3,3,3,3,4,4,3,3,4,5,4,5,4,3,3,5,4,4,5,4,4,5,5,4,4,5,5,5,"1、深耕区域业务多年，行业与技术经验扎实，专业水平高
2、工作严谨负责，行事稳重，区域日常运营和风险把控到位","1、市场开拓主动性偏弱，偏向维护现有客户。建议：主动挖掘区域潜在客户与新机会
2、管理方式偏温和，对团队成员的短板指正不够直接。建议：加强一对一工作沟通，客观指出问题，做好团队督导。",主动承担和经营区域非本职工作事情,9.9,36,4,,营销,营销策略,B+
10007906,光储集团,营销体系,直销经营中心,国内直销,国内经营策略部,国内行销部,执行层,下级,10018557,5,5,5,5,5,5,4,5,5,5,5,5,4,4,5,5,5,5,4,5,5,5,5,5,5,5,5,5,"1. 业务功底深厚、经验丰富，面对复杂难点问题时，总能精准剖析核心症结，给出切实可行的解决方案；
2. 始终保持严谨认真、踏实务实的工作作风，面对重难点、高压力工作主动担当、迎难而上，不推诿、不敷衍。",日常多侧重工作安排与结果推进，常态化双向交流可以进一步加强。建议增加常态化沟通，多倾听团队想法与建议，进一步拉近团队协作氛围。,暂无,9.9,36,4,,营销,营销策略,B+
10007906,光储集团,营销体系,直销经营中心,国内直销,国内经营策略部,国内行销部,执行层,下级,10019112,5,5,5,5,4,4,4,5,5,5,5,4,4,4,5,5,5,5,5,4,5,4,4,5,4,5,5,5,"1.业务能力强，新能源方面的知识面广。
2.常与下属了解各个项目的最新情况，为下属提供相应的指导意见及执行方向。","加强AI方面的学习。
",无,9.9,36,4,,营销,营销策略,B+
10007906,光储集团,营销体系,直销经营中心,国内直销,国内经营策略部,国内行销部,执行层,下级,10023807,3,4,5,4,4,4,3,4,5,4,4,5,3,3,5,5,4,4,4,4,5,4,5,5,4,4,5,5,"1、临场发挥能力强，随时以最从容的状态应对突发状况。
2、积极与客户互动，面对客户的诉求全面分析客户的痛点与需求点。","1、提升新能源全面知识，拓展到氢能，风电等。
2、主动举办协调一些市场活动，提高市场影响力。",作为区域管理者，需要多组织区域内部或跨区域的交流活动。提高区域之间的互动,9.9,36,4,,营销,营销策略,B+
10007906,光储集团,营销体系,直销经营中心,国内直销,国内经营策略部,国内行销部,执行层,下级,10025864,5,5,5,5,4,4,5,5,4,5,5,5,4,4,5,5,5,4,5,4,5,5,4,4,5,5,4,4,"1、准确判断事情是否具备可行性，比如投标项目，重大非标是否能够在后期谈判中闭环；
2、能够准确判断问题的症结点，比如在推动项目过程中，各部门相互扯皮，能否精准把握各部门应该履行的职责。","公司全球化发展，可适当提高语言能力；
",暂无,9.9,36,4,,营销,营销策略,B+
10007906,光储集团,营销体系,直销经营中心,国内直销,国内经营策略部,国内行销部,执行层,下级,10033348,5,5,5,4,5,4,4,5,5,5,5,5,5,4,5,5,5,5,4,5,5,5,4,5,5,5,4,5,"1、营销型技术风格，在与客户交谈过程中不仅展现专业的技术能力，也能在沟通中引导客户交谈节奏
2、对区域内未接触过场景，会积极拉通家里各部门协调，不断攻坚问题难点",对区域内共性问题，多推动线下内部交流,暂无,9.9,36,4,,营销,营销策略,B+
10007906,光储集团,营销体系,直销经营中心,国内直销,国内经营策略部,国内行销部,执行层,下级,10036528,5,5,5,5,5,5,5,5,5,5,5,5,5,5,5,5,5,5,5,5,5,5,5,5,5,5,5,5,坦诚精神、言出必行、公开透明、给予团队很好的学习氛围,无,无,9.9,36,4,,营销,营销策略,B+
10007906,光储集团,营销体系,直销经营中心,国内直销,国内经营策略部,国内行销部,执行层,协同方,10001208,4,4,4,3,3,3,4,4,4,4,4,3,,,,,,,,3,4,4,4,4,3,4,4,4,无,无,无,9.9,36,4,,营销,营销策略,B+
10007906,光储集团,营销体系,直销经营中心,国内直销,国内经营策略部,国内行销部,执行层,协同方,10012376,5,5,4,5,4,5,5,4,5,5,5,5,,,,,,,,5,5,4,5,5,5,5,5,5,专业能力扎实，执行力优秀,可优化工作节奏与优先级管理，提升做事效率,暂无,9.9,36,4,,营销,营销策略,B+
10007906,光储集团,营销体系,直销经营中心,国内直销,国内经营策略部,国内行销部,执行层,协同方,10017582,5,5,4,4,4,5,3,4,5,5,5,5,,,,,,,,5,4,5,4,5,5,4,4,4,对方技术能力突出，能够精准理解业务诉求，定制化方案落地效果良好。对接人员专业耐心，主动跟进项目进展,推进新项目/新任务时，可提前做好风险预判与预案，增强兜底能力。,无,9.9,36,4,,营销,营销策略,B+
10007906,光储集团,营销体系,直销经营中心,国内直销,国内经营策略部,国内行销部,执行层,协同方,10022318,5,5,4,5,4,5,5,5,4,5,5,5,,,,,,,,5,4,5,5,5,5,5,4,5,响应总部需求及时，工作态度积极。,无,无,9.9,36,4,,营销,营销策略,B+
10007906,光储集团,营销体系,直销经营中心,国内直销,国内经营策略部,国内行销部,执行层,自己,10007906,4,4,4,4,4,4,4,4,3,5,5,5,5,4,3,5,3,5,5,5,5,5,5,5,5,5,5,5,责任心强，执行力突出；积极协作，团队意识良好,统筹规划与多任务管理能力有待提升，主动沟通与跨部门协同意识有待提升,无,9.9,36,4,,营销,营销策略,B+
10007913,光储集团,营销体系,欧洲大区,地面光伏业务部,,,执行层,上级,10000751,5,5,5,5,5,5,5,4,5,5,5,5,4,4,5,5,4,5,5,5,5,5,5,5,5,5,5,5,海外工作文化适应性强，主动补位意识强,系统性组织建设思维,无,9.8,37,4,,营销,商务销售,A
10007913,光储集团,营销体系,欧洲大区,地面光伏业务部,,,执行层,下级,10014615,,,,,,,,,,,,,,,,,,,,,,,,,,,,,,,,9.8,37,4,,营销,商务销售,A
10007913,光储集团,营销体系,欧洲大区,地面光伏业务部,,,执行层,下级,10032574,5,5,5,5,5,5,4,5,5,5,5,5,4,5,5,4,4,4,4,4,4,4,4,4,5,4,5,4,具备很强的战略前瞻思维，积累了大量的业务实践经验，往往在事件发生初时就能洞察后续发展、演化方向，加上对各部门及组织资源有深刻的理解，能够带领团队打开业务突破口，制定高效的团队策略，并将策略落地到具体、可执行的动作上,现在欧洲内部与总部的协同仍然有许多卡点，欧洲部分区域的执行力较弱，服务、解决方案、营销策略、光伏储能产品线等支持部门仍然存在定位不清晰、协同低效等问题，希望领导可以进一步延伸横向影响力，改善总部以及欧洲的组织健康度,建议持续锻炼英语口语，积累一些商务场合及各活动发言的英语话术,9.8,37,4,,营销,商务销售,A
10007913,光储集团,营销体系,欧洲大区,地面光伏业务部,,,执行层,协同方,10009084,4,5,4,4,3,5,5,4,4,5,4,5,,,,,,,,4,4,4,4,4,5,4,5,4,able to communicate effectively and with respect across departments and regions,-,-,9.8,37,4,,营销,商务销售,A
10007913,光储集团,营销体系,欧洲大区,地面光伏业务部,,,执行层,协同方,10009470,3,3,4,3,3,4,5,4,4,5,4,5,,,,,,,,5,4,5,4,4,4,5,5,5,"Cross regional cooperation, quick decision making","Work more closely with local teams, broader support in other areas not just the pricing",Think bigger and do more tasks,9.8,37,4,,营销,商务销售,A
10007913,光储集团,营销体系,欧洲大区,地面光伏业务部,,,执行层,协同方,10009767,4,5,4,4,4,4,4,5,5,5,5,4,,,,,,,,5,4,4,5,5,5,5,5,4,沟通能力，内部拉通能力强,无,无,9.8,37,4,,营销,商务销售,A
10007913,光储集团,营销体系,欧洲大区,地面光伏业务部,,,执行层,协同方,10011549,,,,,,,,,,,,,,,,,,,,,,,,,,,,,,,,9.8,37,4,,营销,商务销售,A
10007913,光储集团,营销体系,欧洲大区,地面光伏业务部,,,执行层,协同方,10013582,3,3,3,2,2,3,1,3,1,2,2,3,,,,,,,,2,3,3,2,4,2,2,3,2,No comments,Need to learn to be more localised working in EU,No comments,9.8,37,4,,营销,商务销售,A
10007913,光储集团,营销体系,欧洲大区,地面光伏业务部,,,执行层,协同方,10014933,3,2,2,2,2,2,2,2,2,2,2,2,,,,,,,,2,2,3,2,3,3,3,2,3,"对公司比较了解
擅于利用自己的优势——谦卑使得万年船",加强执行力，切实做成几件事情,加强执行力，切实做成几件事情,9.8,37,4,,营销,商务销售,A
10007913,光储集团,营销体系,欧洲大区,地面光伏业务部,,,执行层,协同方,10015242,5,5,5,4,4,4,5,5,4,5,5,5,,,,,,,,5,5,4,4,5,4,4,4,5,"Cross-Regional and Cross-Functional Collaboration
Global Strategy for Team Management",NA,NA,9.8,37,4,,营销,商务销售,A
10007913,光储集团,营销体系,欧洲大区,地面光伏业务部,,,执行层,协同方,10015667,4,4,4,3,4,3,3,5,4,5,5,5,,,,,,,,3,3,5,3,4,5,3,3,5,Dynamic on his role ,understand better Europe,N/A,9.8,37,4,,营销,商务销售,A
10007913,光储集团,营销体系,欧洲大区,地面光伏业务部,,,执行层,协同方,10015954,2,3,4,3,1,2,2,2,3,4,4,3,,,,,,,,4,2,3,2,4,2,4,4,3,态度谦和，遵从纪律,增加业务理解力，更多参与一线,和本地团队更多融合,9.8,37,4,,营销,商务销售,A
10007913,光储集团,营销体系,欧洲大区,地面光伏业务部,,,执行层,协同方,10017380,3,3,2,2,1,2,3,2,2,2,2,4,,,,,,,,2,2,4,2,4,2,5,4,4,工作经验丰富,开放交流,无,9.8,37,4,,营销,商务销售,A
10007913,光储集团,营销体系,欧洲大区,地面光伏业务部,,,执行层,协同方,10024939,4,5,4,4,4,4,4,3,5,5,5,5,,,,,,,,4,4,5,4,5,5,4,5,5,NA,NA,NA,9.8,37,4,,营销,商务销售,A
10007913,光储集团,营销体系,欧洲大区,地面光伏业务部,,,执行层,协同方,10031684,,,,,,,,,,,,,,,,,,,,,,,,,,,,,,,,9.8,37,4,,营销,商务销售,A
10007913,光储集团,营销体系,欧洲大区,地面光伏业务部,,,执行层,协同方,10033767,4,4,4,4,4,4,4,4,4,4,4,4,,,,,,,,4,4,4,4,4,4,4,4,4,倾听意见,无,无,9.8,37,4,,营销,商务销售,A
10007913,光储集团,营销体系,欧洲大区,地面光伏业务部,,,执行层,协同方,10040535,,,,,,,,,,,,,,,,,,,,,,,,,,,,,,,,9.8,37,4,,营销,商务销售,A
10007913,光储集团,营销体系,欧洲大区,地面光伏业务部,,,执行层,协同方,10043707,4,4,4,4,4,4,4,4,4,4,4,4,,,,,,,,4,4,4,4,4,4,4,4,4,NA,Na,Na,9.8,37,4,,营销,商务销售,A
10007913,光储集团,营销体系,欧洲大区,地面光伏业务部,,,执行层,自己,10007913,4,4,5,4,4,4,4,4,5,4,4,4,4,4,3,4,5,4,4,4,5,4,4,4,5,5,4,4,结果思维、目标导向,团队发展、组织文化,无,9.8,37,4,,营销,商务销售,A
10008004,光储集团,营销体系,直销经营中心,国内直销,国内经营策略部,国内行销部,执行层,上级,10009508,3,3,3,4,4,4,3,3,4,5,4,5,4,3,3,5,4,4,5,4,5,5,5,4,4,5,5,5,"1、擅长统筹区域整体工作，合理分配团队任务，业务与技术工作兼顾有序。
2、大局观良好，能配合公司整体战略开展区域工作，执行力与配合度俱佳。","1、技术深度有待加强，复杂技术问题独立攻坚能力不足。建议：利用空余时间深耕专业技术，主动参与技术研讨。
2、管理方式偏温和，对团队成员的短板指正不够直接。建议：加强一对一工作沟通，客观指出问题，做好团队督导。",暂无,16.9,41,9,,营销,营销策略,B
10008004,光储集团,营销体系,直销经营中心,国内直销,国内经营策略部,国内行销部,执行层,下级,10010268,4,5,4,5,4,5,5,4,5,5,4,4,5,5,5,4,5,4,5,5,5,4,4,5,5,5,5,5,"1、客户至上，对客户的需求非常重视并且及时跟踪闭环
2、组织管理能力优秀","1、可适当释放一部分管理精力参与到一线市场的工作中，提升对一线市场的敏感度
2、积极挖掘和争取内外部资源，勇于去承担更多的职责",无,16.9,41,9,,营销,营销策略,B
10008004,光储集团,营销体系,直销经营中心,国内直销,国内经营策略部,国内行销部,执行层,下级,10019261,5,5,5,4,5,5,4,5,5,5,5,5,4,4,5,5,5,5,5,5,5,5,5,5,5,4,5,5,"1、积极面对外部环境变化，既能提前发现潜在风险，又能抓住业务增长的机会。
2、公平公正，不搞小团体，始终保持简单直接的职场作风。",建议持续提升自身的国际化视野。,无。,16.9,41,9,,营销,营销策略,B
10008004,光储集团,营销体系,直销经营中心,国内直销,国内经营策略部,国内行销部,执行层,下级,10020889,5,5,4,5,4,5,4,5,5,5,5,4,4,4,5,5,5,4,5,4,5,4,4,5,4,4,5,5,"工作严谨务实，沟通协调条理清晰
关心员工身心状态，注重人文关怀
责任心强，主动担当执行力好","跨专业融合思考有待加强:建议加深电网、市场交易等关联专业学习，提升全维度方案研判能力。
工作主动前瞻性:建议加强对行业政策、项目推进节点的提前研判，主动前置规划工作安排，提升工作预判力和前置统筹能力。",建议进一步强化健康管理意识，合理调节工作节奏，注重劳逸结合，通过规律运动提升体能与身心抗压能力。,16.9,41,9,,营销,营销策略,B
10008004,光储集团,营销体系,直销经营中心,国内直销,国内经营策略部,国内行销部,执行层,下级,10026626,5,4,4,5,5,5,5,5,5,4,5,5,4,5,5,5,5,4,5,5,5,5,5,5,5,5,5,5,"能够对市场进行预判，并结合公司发展，对下属进行指导。
",/,/,16.9,41,9,,营销,营销策略,B
10008004,光储集团,营销体系,直销经营中心,国内直销,国内经营策略部,国内行销部,执行层,下级,10027725,5,5,5,5,5,5,4,5,5,5,5,5,5,5,5,5,5,5,5,5,5,5,5,5,5,5,5,5,"1、积极倾听部门成员的创新想法，建立激励机制，奖励成功实施创新想法的个人或团队，同时认可那些虽未成功但勇于尝试的创新行为
2、深刻理解公司文化内涵，以身作则，积极践行并主动传播文化价值观，保持其日常行为与价值观导向高度一致",暂无,暂无,16.9,41,9,,营销,营销策略,B
10008004,光储集团,营销体系,直销经营中心,国内直销,国内经营策略部,国内行销部,执行层,下级,10028487,5,5,5,5,5,4,5,5,5,5,5,5,5,5,4,5,5,5,5,5,5,5,5,5,5,5,5,5,"1、深刻理解公司文化内涵，以身作则，积极践行并主动传播文化价值观，保持其日常行为与价值观导向高度一致；
2、杜绝官僚主义作风，不拉帮结派，不搞权力斗争，不任人唯亲，不默认、纵容下属的任何迎合和奉承行为。","1、根据部门目标，制定部门内部及跨部门的工作流程和沟通协作机制，促进工作高效开展；
2、积极倾听部门成员的创新想法，建立激励机制，奖励成功实施创新想法的个人或团队，同时认可那些虽未成功但勇于尝试的创新行为。",对自我要求过于严格，偶尔需张弛有道。,16.9,41,9,,营销,营销策略,B
10008004,光储集团,营销体系,直销经营中心,国内直销,国内经营策略部,国内行销部,执行层,下级,10030633,4,4,5,4,4,5,4,5,4,5,5,5,4,4,4,4,4,4,4,4,4,4,4,4,4,4,5,4,"1、在与客户高层拜访交流过程中，以诚恳务实的态度解答客户专业问题，不夸大吹嘘，深受客户信任，且在交付过程中存在问题时与客户的交流也比较有水平，安抚客户情绪，话术经验指的学习。
2、在与商务同事的协同工作中同样可以比较好的做到引导商务进行营销工作，避免重复工作同时不会造成冲突，真正做到管理商务。
3、团队管理方面，对下属能够做到准确及时的纠正及引导，在解决特性问题时，能够帮助下属找到相关人员拉通解决问题。",1、在数字化工具创新应用方面需要提升，如：可考虑通过多维表格完成项目跟踪工作，开会讨论可采用类似飞阅会方式，提高效率。,无,16.9,41,9,,营销,营销策略,B
10008004,光储集团,营销体系,直销经营中心,国内直销,国内经营策略部,国内行销部,执行层,下级,10040360,4,4,5,5,5,4,5,4,5,5,5,5,5,5,4,5,4,5,4,5,5,5,5,5,5,5,5,5, 123,  123,  123,16.9,41,9,,营销,营销策略,B
10008004,光储集团,营销体系,直销经营中心,国内直销,国内经营策略部,国内行销部,执行层,下级,10043541,4,5,4,4,4,4,3,4,4,4,4,4,3,3,5,5,4,4,5,4,5,5,5,5,5,5,5,5,"1、主动关系新员工工作状况并给予关心；
2、对重点项目实时跟进，给予关注和指导；","1、面对当前国内困难的局面，多计划和规划新增长点；
2、增加区域间政策与市场信息的同步与联动；",注意身体健康,16.9,41,9,,营销,营销策略,B
10008004,光储集团,营销体系,直销经营中心,国内直销,国内经营策略部,国内行销部,执行层,协同方,10007906,3,4,3,4,3,3,4,3,4,5,5,5,,,,,,,,5,4,4,4,4,5,5,5,5,带人教人能力强，带出了很多优秀人员；积极协作，团队意识良好,主要学习，持续精进提升，增加全球化视野,无,16.9,41,9,,营销,营销策略,B
10008004,光储集团,营销体系,直销经营中心,国内直销,国内经营策略部,国内行销部,执行层,协同方,10008067,3,4,4,3,3,3,4,3,4,3,4,4,,,,,,,,3,4,4,4,4,4,3,3,4,比较善于拉通内部资源，解决业务遇到的 突发问题,内部关系方面需要多协同，少抱怨,持续做到以身作则，巩固营销铁三角配合,16.9,41,9,,营销,营销策略,B
10008004,光储集团,营销体系,直销经营中心,国内直销,国内经营策略部,国内行销部,执行层,协同方,10012376,5,5,4,5,4,5,5,4,5,5,5,5,,,,,,,,5,5,5,5,5,5,5,5,5,工作严谨细致，责任心强；,可突破固有工作思维，增加创新思考,暂无,16.9,41,9,,营销,营销策略,B
10008004,光储集团,营销体系,直销经营中心,国内直销,国内经营策略部,国内行销部,执行层,协同方,10017582,5,5,5,4,4,5,3,4,5,5,5,5,,,,,,,,5,4,4,4,5,5,4,4,4,对方技术能力突出，能够精准理解业务诉求，定制化方案落地效果良好。对接人员专业耐心，主动跟进项目进展,推进新项目/新任务时，可提前做好风险预判与预案，增强兜底能力。,无,16.9,41,9,,营销,营销策略,B
10008004,光储集团,营销体系,直销经营中心,国内直销,国内经营策略部,国内行销部,执行层,协同方,10022318,5,5,4,5,4,5,5,5,4,5,5,5,,,,,,,,5,4,5,5,5,5,5,4,5,技术实力过硬，管理能力卓越。,无,无,16.9,41,9,,营销,营销策略,B
10008004,光储集团,营销体系,直销经营中心,国内直销,国内经营策略部,国内行销部,执行层,自己,10008004,4,4,4,5,4,3,3,4,4,5,5,5,4,4,4,4,5,5,5,4,4,4,3,4,4,5,5,5,"1、善于激励，鼓舞士气
2、情绪稳定，抗压能力强
",在高压节点主动安抚情绪，及时肯定团队付出，提升团队安全感。,无,16.9,41,9,,营销,营销策略,B
10017158,制造体系,制造技术中心,自动化,自动化平台部,,,执行层,协同方,10009214,5,5,5,5,5,5,5,5,5,5,5,5,,,,,,,,5,5,5,5,5,5,5,5,5,态度谦逊低调，不计较个人得失，面对繁重工作能够任劳任怨、坚守岗位，敬业精神突出。,工作态度踏实、执行高效、基础技术扎实，具备良好的岗位素养和极大的成长潜力。后续可重点围绕技术攻坚、架构思维、项目统筹、业务赋能、经验创新沉淀五大核心方向持续提升，逐步从基础技术执行人员，成长为懂技术、懂业务、会设计、能统筹的复合型自动化技术骨干，为部门平台迭代、数字化赋能工作提供更强的支撑。,无,5,32,8,,生产,自动化,A
10017158,制造体系,制造技术中心,自动化,自动化平台部,,,执行层,协同方,10001344,4,4,5,4,4,4,4,3,4,4,5,5,,,,,,,,5,5,5,4,4,4,5,5,5,创新思维，总是有一些让人眼前一亮的创新。,无,"好的想法在实施后，要观注落地效果和后续改进。
敢于向别人挑战。",5,32,8,,生产,自动化,A
10017158,制造体系,制造技术中心,自动化,自动化平台部,,,执行层,下级,10043270,4,5,5,4,5,3,4,4,5,4,5,4,5,5,5,4,4,4,4,5,5,4,4,5,5,4,5,5,"1.作为新技术研究组的经理，结合自动化积极发掘并实施应用多项新技术，如动态仿真、磁悬浮技术、具身机器人、AR眼镜等；
2.身为管理层领导，为了统筹规划整个部门业务，规划了自动化的技术管理平台，大大减少了部门业务管理上的浪费，并在其他部门进行推广；
3.身为领导以身作则，事务繁忙，总是工作在第一线，且对整个制造技术中心的各部门项目均有了解，有问必能解答；","1.在安排工作后，能更主动为员工在该项目提供更多支持，如更多的项目资源；
2.给员工更多的学习发展空间；",暂时没有太多建议，领导当前在多方面考量来看，都是极好的，具备中层领导该有的一切素质。,5,32,8,,生产,自动化,A
10017158,制造体系,制造技术中心,自动化,自动化平台部,,,执行层,下级,10042875,4,4,3,4,4,4,3,3,4,3,4,3,4,3,4,4,3,4,4,4,3,4,4,3,4,4,4,4,"1.认真努力
2.流程清晰","1.交流有待提升，经常需要猜话里的意思
2.要提升耐心",多关注员工心理状态,5,32,8,,生产,自动化,A
10017158,制造体系,制造技术中心,自动化,自动化平台部,,,执行层,下级,10034502,5,5,5,5,5,5,4,4,4,4,4,5,5,4,5,4,5,4,5,4,5,4,5,4,5,4,5,4,"1.专业，每个项目都会仔细分析调研，作为领导应该精准掌控工作的大方向的能力，值得学习
2.领导和协调能力强，根据每个工程师擅长的领域合理安排工作",目前没有,优秀,5,32,8,,生产,自动化,A
10017158,制造体系,制造技术中心,自动化,自动化平台部,,,执行层,下级,10032740,4,5,4,4,4,5,5,4,4,4,4,4,5,5,4,4,4,5,5,4,5,5,4,4,5,4,4,4,"1、技术钻研与创新赋能意识突出：主动深耕 AI 视觉检测、数字化、自动化前沿技术，积极学习轻量化应用、云平台建模等工具能力，持续将 AI 与数字化方案落地到制造产线项目中，有效攻克技术瓶颈、提质增效，为部门智能化转型树立了标杆。
2、务实担当，项目攻坚执行力强：面对多工厂、多场景的复杂项目需求，严谨细致、迎难而上，保质保量完成多个重点任务，面对困难百折不挠，闭环落地能力极强，工作结果交付质量高。
","1、AI 技术深度与成果规模化转化
目前已具备扎实的 AI 基础与项目落地能力，后续进一步深耕工业 AI 算法优化、场景模型迭代等深层技术；同时将现有成熟的 AI 视觉检测、精益改善成果，提炼为标准化、可复制的成套解决方案，向全厂区、全业务场景快速推广，放大技术价值与降本增效收益。
2、专业影响力与复盘沉淀
建议定期系统性复盘标杆项目经验，形成专项案例、技术方法论沉淀；主动在公司、体系层面进行技术成果复盘与推广分享，提升跨体系、跨部门的技术影响力。",在做好现有项目的基础上，可以多分享行业前沿的智能化数字化发展方向，提前挖掘更多降本增效、提质创新的改进空间。,5,32,8,,生产,自动化,A
10017158,制造体系,制造技术中心,自动化,自动化平台部,,,执行层,下级,10023245,4,5,4,5,4,5,4,4,4,5,4,4,4,4,4,5,4,4,4,4,5,5,4,5,5,4,5,5,"1、积极推动自动化设备导入规范，大大提高对未知风险的判断
2、积极推动组织文化建设，大大提高团队凝聚力","1、多承接一些国外项目需求，为团队成员提供多样的学习和挑战机会
",多增加授权、激励、辅导等形式，挖掘员工潜力，带领部门持续打胜仗,5,32,8,,生产,自动化,A
10017158,制造体系,制造技术中心,自动化,自动化平台部,,,执行层,下级,10022737,5,5,5,4,5,5,4,4,5,5,4,4,4,4,5,5,4,5,5,4,5,5,4,5,5,5,5,5,"1.沟通协调能力强，思路清晰，可为下属解决工作中的问题，并指导工作方向，完成工作指标；
2.部门内营造良好的学习和工作氛围，结合部门需求与员工的发展意愿，能为团队成员提供多样的学习和挑战机会；
3.为人正直，待人亲和，利用自身经验领导团队前行，工作中为我们承担压力，拥有丰富的设备设计能力和产线改造经验，并利用自身经验交接工作，给出指导性意见；","1、国际化视野能力需加强，如国外设备需符合什么标准，学习后可内部宣贯；
2、数字化能力运用需加强学习和应用，项目和团队管理，多使用AI表格，定期推送；",针对部分我司自己改造项目，和供应商对比费用大幅减少，但是实际不计算降本费用，后续自制改造项目众多，需要和IE采购敲定，针对自制项目，降本如何提报和衡量；,5,32,8,,生产,自动化,A
10017158,制造体系,制造技术中心,自动化,自动化平台部,,,执行层,下级,10015151,5,5,5,5,4,4,5,4,4,5,5,5,4,4,5,5,5,5,5,4,5,4,4,5,5,4,5,5,"1、会引进新技术、新方法给团队学习；
2、做项目会主动承担更多，保证目标完成。",暂无,暂无,5,32,8,,生产,自动化,A
10017158,制造体系,制造技术中心,自动化,自动化平台部,,,执行层,上级,10020262,4,5,4,5,5,5,4,4,3,4,4,4,5,4,4,3,4,4,3,4,4,4,4,4,5,4,5,5,具有活力，对新事物例如AI、数字化等感兴趣，愿意付出努力去学习提升自己。,管理工作容易发散，需要聚焦主业务进行深挖，持续推进技术落地。,无,5,32,8,,生产,自动化,A
10017146,流程与数字化中心,数字化执行,财务系统部,,,,执行层,自己,10017146,4,5,4,4,3,5,5,4,4,5,4,4,4,5,5,5,5,4,5,4,5,5,4,5,5,5,5,5,"1、遵守公司价值观准则，严于律己，高标准交付工作成果；
2、遇到困难，主动担当，高效落实工作部署；","1、拓宽创新思路，提升创新能力；
2、提升英语的交流能力；
",加强AI学习，提升AI的应用能力。,5,41,11,12/4/2025,数智技术,数字化业务解决方案,A
10017146,流程与数字化中心,数字化执行,财务系统部,,,,执行层,协同方,10040535,,,,,,,,,,,,,,,,,,,,,,,,,,,,,,,,5,41,11,12/4/2025,数智技术,数字化业务解决方案,A
10017146,流程与数字化中心,数字化执行,财务系统部,,,,执行层,协同方,10036071,5,5,5,5,5,5,5,5,5,5,5,5,,,,,,,,5,5,5,5,5,5,5,5,5,工作勤勤恳恳，态度认真负责，为人诚恳务实,平衡工作与生活,无,5,41,11,12/4/2025,数智技术,数字化业务解决方案,A
10017146,流程与数字化中心,数字化执行,财务系统部,,,,执行层,协同方,10030481,4,4,4,4,4,4,4,4,4,5,5,4,,,,,,,,4,5,5,4,4,4,4,4,4,专业能力强，团队内部成员认可度较高,团队管理方法有提升空间,无,5,41,11,12/4/2025,数智技术,数字化业务解决方案,A
10017146,流程与数字化中心,数字化执行,财务系统部,,,,执行层,协同方,10024019,2,3,3,3,3,3,4,3,2,4,3,4,,,,,,,,4,4,3,3,5,4,4,4,4,"1.工作能力强，
2.专业性高，
3.学习的榜样",1.产品端到端，在财务领域助力，共同为数字化2.0奋斗,帮忙带领我们团队提高财务知识，同时在企业级BOM中协同作业,5,41,11,12/4/2025,数智技术,数字化业务解决方案,A
10017146,流程与数字化中心,数字化执行,财务系统部,,,,执行层,协同方,10012270,3,4,4,4,5,4,4,4,4,4,5,4,,,,,,,,3,4,4,4,4,4,5,4,5,"1. 在日常工作中积极探索优化方案，主动尝试新方法和新工具，持续提升工作效率与质量；
2. 主动协同内外部团队解决问题，注重结果导向，确保最终交付能够满足并提升客户满意度。",在信息化项目方面具备较强的推动能力，建议进一步从总部视角加强对海外区域本地信息化项目的统一管理与统筹参与，以提升整体协同效率和实施效果。,无,5,41,11,12/4/2025,数智技术,数字化业务解决方案,A
10008049,阳光水面光伏,国内/泰越新销售,业务拓展部,,,,执行层,上级,10009303,4,3,4,4,3,3,3,3,4,4,4,4,3,3,4,3,3,4,4,5,4,5,4,5,5,5,5,5,从不推卸责任，愿意主动承担有利于项目和公司的任务，成就客户,积极赋能下属，激发团队战斗力，注重策略和执行相结合,注意劳逸结合,14.2,47,2,,营销,商务销售,B+
10008049,阳光水面光伏,国内/泰越新销售,业务拓展部,,,,执行层,下级,10009250,5,5,5,5,5,5,5,5,5,5,5,5,4,4,5,5,5,4,5,5,5,5,4,5,5,5,5,5,"时刻冲在业务第一线，工作态度积极主动。
内外部资源联动能力非常强。
",暂无,暂无,14.2,47,2,,营销,商务销售,B+
10008049,阳光水面光伏,国内/泰越新销售,业务拓展部,,,,执行层,下级,10013739,5,5,5,5,5,4,4,4,5,4,5,4,5,5,4,5,4,5,4,5,4,5,4,5,4,5,4,5,高强度出差，客户关系强,暂无,暂无,14.2,47,2,,营销,商务销售,B+
10008049,阳光水面光伏,国内/泰越新销售,业务拓展部,,,,执行层,协同方,10009958,2,3,3,2,2,3,2,2,2,4,4,3,,,,,,,,4,4,4,4,3,4,4,3,5,"业内资源、集团内部资源广，积极拓宽信息渠道；
业务能力强；",可加强全局观，通盘考虑业务举措,心态平和，更开放,14.2,47,2,,营销,商务销售,B+
10008049,阳光水面光伏,国内/泰越新销售,业务拓展部,,,,执行层,协同方,10010020,4,4,4,4,4,4,4,4,5,4,5,4,,,,,,,,4,4,4,4,4,4,4,4,4,认真仔细,主动,暂无,14.2,47,2,,营销,商务销售,B+
10008049,阳光水面光伏,国内/泰越新销售,业务拓展部,,,,执行层,协同方,10010556,4,3,3,3,3,3,3,3,3,3,3,3,,,,,,,,3,3,3,3,3,3,3,3,3,积极主动,无,无,14.2,47,2,,营销,商务销售,B+
10008049,阳光水面光伏,国内/泰越新销售,业务拓展部,,,,执行层,协同方,10013097,5,4,4,4,4,4,4,5,5,5,5,4,,,,,,,,4,5,4,4,5,5,5,5,5,考虑事情周全,对技术的理解可以做更多努力,无,14.2,47,2,,营销,商务销售,B+
10008049,阳光水面光伏,国内/泰越新销售,业务拓展部,,,,执行层,协同方,10019716,4,4,4,4,3,3,3,3,4,4,4,4,,,,,,,,4,3,4,3,3,3,4,4,4,"1-较好的职业素养，可以和外部保持较好的沟通；
2-对人际关系敏感，能处理好横向部门之间的关系","加强经验技能沉淀，赋能销售团队；
加强下属员工赋能，帮助快速成长",无,14.2,47,2,,营销,商务销售,B+
10008049,阳光水面光伏,国内/泰越新销售,业务拓展部,,,,执行层,协同方,10020874,5,5,4,5,4,4,4,5,5,4,4,5,,,,,,,,4,4,5,4,5,4,5,5,5,大客户支持力度很大，有效弥补了商务短板,和商务部门配合紧密一些，增加沟通透明度，拉齐客户拜访结果,同上,14.2,47,2,,营销,商务销售,B+
10008049,阳光水面光伏,国内/泰越新销售,业务拓展部,,,,执行层,自己,10008049,5,5,5,5,5,5,5,5,5,5,5,5,4,4,5,5,5,5,5,5,5,5,5,5,5,5,5,5,在推进马来西亚项目时，能主动拆解复杂目标，制定清晰的时间节点，并带领团队及跨部门协同其他职能部门，为项目高效落地执行提供助力。,建议在项目初期增加“风险推演”环节，提前梳理项目的卡点并制定备用方案，减少被动的应对。,加强成果协同的复盘和经验沉淀，形成团队共享的知识文档，避免同类问题在不同项目中重复发生。,14.2,47,2,,营销,商务销售,B+
10017146,流程与数字化中心,数字化执行,财务系统部,,,,执行层,协同方,10007851,4,4,4,3,3,4,4,3,3,3,3,3,,,,,,,,4,4,5,5,5,5,5,5,5,积极响应业务诉求，出具解决方案并推动落地。,针对业务痛点问题可提供更多支持或协助寻求外部资源从根本上解决。,暂无,5,41,11,12/4/2025,数智技术,数字化业务解决方案,A
10017146,流程与数字化中心,数字化执行,财务系统部,,,,执行层,协同方,10007421,4,5,4,4,5,4,5,5,4,5,5,5,,,,,,,,4,4,4,4,5,5,5,5,5,客户思维、问题解决、协作性好,增强结果有效性导向,暂无,5,41,11,12/4/2025,数智技术,数字化业务解决方案,A
10017146,流程与数字化中心,数字化执行,财务系统部,,,,执行层,协同方,10000688,3,3,3,3,2,2,3,3,2,3,4,4,,,,,,,,3,3,4,2,3,3,3,4,4,"1、专业解决方案能力
2、汇报能力","1、团队管理
2、文化旗手",无,5,41,11,12/4/2025,数智技术,数字化业务解决方案,A
10017146,流程与数字化中心,数字化执行,财务系统部,,,,执行层,下级,10046403,3,5,5,4,4,5,5,4,4,5,5,5,5,5,3,5,4,3,3,3,4,5,3,4,5,5,5,5,能够以身作则，遵守公司企业文化,部门文化活动建设有需要提升的地方，列如每月员工生日会等促进部门成员可聚在一起互相交流的活动等。,无其他建议，是个很负责人的部门领导。,5,41,11,12/4/2025,数智技术,数字化业务解决方案,A
10017146,流程与数字化中心,数字化执行,财务系统部,,,,执行层,下级,10033214,3,4,4,3,4,4,3,4,4,4,4,4,3,5,4,4,4,4,4,3,3,4,4,4,4,4,4,4,职责分明，给出空间,向上推动能力,无,5,41,11,12/4/2025,数智技术,数字化业务解决方案,A
10017146,流程与数字化中心,数字化执行,财务系统部,,,,执行层,下级,10031535,5,5,5,5,5,5,5,5,5,5,5,5,5,5,5,5,5,4,5,5,5,5,5,5,5,5,5,5,"客户导向，勇于担当：对用户需求始终保持开放、尊重的态度，即使面对极具挑战的需求，也敢于承接并推动落地。遇到问题时坦诚沟通、有始有终，赢得了客户的深度信赖。

主动关注下属成长，资源支持到位：能敏锐察觉团队成员的资源瓶颈和支援需求，无需下属额外申请即可主动调配资源，帮助团队应对高风险、高复杂度的挑战。同时以身作则，鼓励学习并持续跟踪学习进度，推动知识沉淀。

团队氛围敏锐维护：能及时察觉团队成员的焦虑情绪或协作矛盾，主动进行沟通协调，保持团队和谐、高效的合作状态。","为下属提供更清晰的职业发展路径与晋升机会：目前团队成长氛围良好，下属工作积极性高、努力付出，希望领导能更主动地识别高潜力员工，明确晋升标准和职业发展通道，给予更多展示和晋升的机会。

进一步激发团队内部的知识共享与学习氛围：虽然领导已带头鼓励学习，但仍可推动建立更常态化的内部分享机制（如定期技术沙龙、案例复盘会），让每位成员都有机会输出自己擅长领域的知识，形成“人人分享、共同成长”的团队文化。",希望领导能继续保持对下属成长的关注与资源支持，同时适当增加一对一的职业发展对话频次，让团队成员更清晰地了解自己的优势、待提升点以及未来的成长路径。相信在您的带领下，团队会更有凝聚力和战斗力。,5,41,11,12/4/2025,数智技术,数字化业务解决方案,A
10017146,流程与数字化中心,数字化执行,财务系统部,,,,执行层,下级,10030799,4,4,5,4,5,4,5,4,3,4,4,4,5,5,4,4,4,4,4,5,4,5,4,5,4,4,3,4,"1、持续学习，不停的学习新的知识
2、做好组内沟通",与下属共享中心计划，为下属规划发展路线，并指出其工作上的不足之处,暂无,5,41,11,12/4/2025,数智技术,数字化业务解决方案,A
10017146,流程与数字化中心,数字化执行,财务系统部,,,,执行层,下级,10028448,,,,,,,,,,,,,,,,,,,,,,,,,,,,,,,,5,41,11,12/4/2025,数智技术,数字化业务解决方案,A
10017146,流程与数字化中心,数字化执行,财务系统部,,,,执行层,下级,10021344,,,,,,,,,,,,,,,,,,,,,,,,,,,,,,,,5,41,11,12/4/2025,数智技术,数字化业务解决方案,A
10017146,流程与数字化中心,数字化执行,财务系统部,,,,执行层,下级,10019224,3,4,4,3,4,5,5,3,4,4,3,4,3,5,3,3,3,3,3,4,4,4,3,4,4,5,5,5,"1、关键时候决策果断，面对突发问题快速响应和解决；
2、重视结果闭环，执行力强","1、需要进一步提长战略统筹与长远规则能力，强化全局视野；
2、可优化工作精力分配，提升重点工作聚焦与推进；",无,5,41,11,12/4/2025,数智技术,数字化业务解决方案,A
10017146,流程与数字化中心,数字化执行,财务系统部,,,,执行层,下级,10014406,5,5,5,5,5,5,4,4,5,4,4,5,5,5,5,5,5,5,4,5,5,4,4,5,4,5,4,5,"1.考虑事情全面
2.有条理，稳重",暂无,暂无,5,41,11,12/4/2025,数智技术,数字化业务解决方案,A
10017146,流程与数字化中心,数字化执行,财务系统部,,,,执行层,上级,10001609,5,4,5,5,4,4,5,5,5,5,5,5,4,5,5,5,5,4,5,4,5,5,4,5,5,5,5,5,"1、做事严谨，能深入到员工的各类工作当中，并协调资源解决问题
2、执行力强，安排的各项工作能按时按质完成
3、在跨部门工作上能主动承担","1、加强工作创新思考，特别在AI的场景应用
2、加强非财务领域的业务接触，加强跨领域的影响力",暂无,5,41,11,12/4/2025,数智技术,数字化业务解决方案,A
10017093,风能事业部,客户服务中心,技改工程部,,,,执行层,自己,10017093,3,3,4,3,4,3,4,3,3,4,4,4,2,3,3,3,3,3,4,3,4,3,3,3,4,3,1,4,"1、项目交付带队能力较强
2、在进入验收方面有主动意识
3、商务、客户关系较为融洽","1、现场问题及时汇报，信息及时收取，特别是财务方面的。
2、管理能力方面偏差，对现在的标准化，对未来风险及发展的预判与资源协调
3、对团队人员的管理，激励需要加强",无,5,43,10,,营销,服务-技改与工程,A
10017093,风能事业部,客户服务中心,技改工程部,,,,执行层,协同方,10012700,3,3,3,4,4,3,3,3,3,5,5,5,,,,,,,,3,3,4,3,3,4,5,5,5,任劳任怨、积极向上,上下级沟通：应该要多与上级领导沟通，听从建议，及时纠正自己的决策。,无,5,43,10,,营销,服务-技改与工程,A
10017093,风能事业部,客户服务中心,技改工程部,,,,执行层,协同方,10005614,3,2,2,2,2,3,2,3,3,3,3,3,,,,,,,,4,4,4,3,3,4,3,4,5,技改经验丰富,暂无,暂无,5,43,10,,营销,服务-技改与工程,A
10017093,风能事业部,客户服务中心,技改工程部,,,,执行层,协同方,10000940,4,4,4,3,4,3,3,4,3,4,4,4,,,,,,,,4,3,4,5,4,4,4,5,5,无,无,无,5,43,10,,营销,服务-技改与工程,A
10017093,风能事业部,客户服务中心,技改工程部,,,,执行层,协同方,10000649,3,3,4,3,3,3,3,3,4,5,4,4,,,,,,,,3,3,3,3,4,5,5,4,4,善于积极协调，营造良好客户关系,通过数字化手段提高团队项目管理水平，预判风险，降低工程成本  ,做好项目异常信息传递,5,43,10,,营销,服务-技改与工程,A
10017093,风能事业部,客户服务中心,技改工程部,,,,执行层,下级,10037033,4,5,4,4,5,5,5,4,5,5,5,5,4,4,4,5,5,4,5,5,5,5,5,4,5,4,5,4,没有领导架子，平易近人，公平公正,商务路线，管理路线,无,5,43,10,,营销,服务-技改与工程,A
10017093,风能事业部,客户服务中心,技改工程部,,,,执行层,下级,10032660,4,3,4,4,4,5,5,5,5,5,5,4,3,3,4,5,5,5,4,4,5,4,5,4,5,5,5,5,"1、能够及时接受他人建议。
2、对待客户提出的问题能及时解决并取得客户满意。","1、进一步加强工作前瞻性和计划性，更好的安排工作统筹，提升部门工作效率
2、加强对已完成项目回访，提升客户满意度和更多合作可能",保持现有良好作风，持续查漏补缺，提升自己。,5,43,10,,营销,服务-技改与工程,A
10017093,风能事业部,客户服务中心,技改工程部,,,,执行层,下级,10030090,4,3,5,5,4,2,2,3,5,5,5,5,2,3,5,4,5,4,4,4,5,4,3,4,5,4,5,4,统筹能力/沟通能力:根据项目进度轻重缓急优先顺序，合理调配资源，确保质量效率,统筹沟通能力出色，可以向营销方向发展,暂无,5,43,10,,营销,服务-技改与工程,A
10017093,风能事业部,客户服务中心,技改工程部,,,,执行层,下级,10026967,4,5,5,5,5,4,3,5,5,4,5,5,3,3,5,5,5,4,4,5,5,3,3,5,5,4,5,5,关系下属,支持下属学习进步,无,5,43,10,,营销,服务-技改与工程,A
10017093,风能事业部,客户服务中心,技改工程部,,,,执行层,下级,10023727,4,4,5,5,5,5,5,5,5,5,5,5,4,4,5,5,5,5,5,5,5,5,5,5,5,5,5,5,"1.以身作则:认真工作、按时完成任务，加班也冲在前面，不用刻意管束，员工也都自觉勤恳做事。
2.严于律己:现场工作高标准，严格按照施工工艺
3.及时解决工作难题，奖罚分明，带领团队高效完成各项工作
",无,无,5,43,10,,营销,服务-技改与工程,A
10017093,风能事业部,客户服务中心,技改工程部,,,,执行层,下级,10017275,4,3,5,4,5,4,3,4,4,5,5,5,3,4,4,5,5,4,5,4,4,4,4,5,5,4,4,4,"团队凝聚力
公平公正
积极维护客户关系","数字化转型
Ai应用
主动学习",应主动参加公司举办活动,5,43,10,,营销,服务-技改与工程,A
10017093,风能事业部,客户服务中心,技改工程部,,,,执行层,下级,10017166,5,5,4,3,3,4,4,3,4,4,4,3,3,3,4,3,4,3,4,4,4,4,3,3,5,5,5,5,项目进行时关注进展及遇到的问题，及时协调解决，完成项目后进行沟通总结,多和部门下属沟通,关注项目完成后遇到问题的总结,5,43,10,,营销,服务-技改与工程,A
10017093,风能事业部,客户服务中心,技改工程部,,,,执行层,下级,10017157,5,5,5,5,5,4,4,3,3,5,5,5,2,3,4,4,5,5,5,4,5,4,3,3,4,3,4,4,对工作认真负责，做事效率高。,文化建设，组织建设,多了解关心下属工作情况予以支持，休假及生活问题。,5,43,10,,营销,服务-技改与工程,A
10017093,风能事业部,客户服务中心,技改工程部,,,,执行层,下级,10013877,5,5,5,5,5,5,5,5,5,5,5,5,5,5,5,5,5,5,5,5,5,5,5,5,5,5,5,5,"对待工作认真负责 
对待下属好的建议积极采取
不畏困难 推动部门人员更快进步",无,无,5,43,10,,营销,服务-技改与工程,A
10017093,风能事业部,客户服务中心,技改工程部,,,,执行层,下级,10010740,4,4,5,4,5,4,4,5,5,5,5,5,4,4,4,5,4,5,5,4,4,4,4,5,5,5,4,5,"1、根据人员能力分配，人员能积极应对
2、给下面人员足够的学习空间，创造人员学习机会
3、现场工作人员不懂的问题，请教领导积极解答并帮忙完成问题处理",无,无,5,43,10,,营销,服务-技改与工程,A
10017093,风能事业部,客户服务中心,技改工程部,,,,执行层,上级,10005227,2,2,2,2,2,2,2,2,3,5,5,4,1,1,3,4,3,3,1,4,5,5,2,5,5,3,5,5,执行力强,加强管理知识学习以及组织管理意识,无,5,43,10,,营销,服务-技改与工程,A
10016848,制造体系,制造技术中心,工艺,集中式及中压工艺部,,,执行层,自己,10016848,4,4,5,4,4,4,5,3,5,5,5,5,4,5,5,5,5,5,5,4,5,5,5,5,5,5,5,5,针对团队管理，积极识别人才画像，因材施教吗，积极辅导，并经常和下属沟通交流，积极解决困难,在团队辅导中，个人输出的思想较多，要多倾听，防止个人输出过多，导致下属不敢发言,/,5,30,2,,生产,生产工艺-PE,B+
10016848,制造体系,制造技术中心,工艺,集中式及中压工艺部,,,执行层,协同方,10033370,5,4,5,5,5,5,5,5,4,4,5,5,,,,,,,,4,4,4,3,4,4,5,5,5,接受能力强,无,无,5,30,2,,生产,生产工艺-PE,B+
10016848,制造体系,制造技术中心,工艺,集中式及中压工艺部,,,执行层,协同方,10029473,5,4,5,4,4,5,5,4,5,4,5,5,,,,,,,,5,4,5,5,5,5,5,5,5,提前项目/项目识别风险并乐于分享；乐于推进工艺新方案新手段使用；对下属要求比较严苛,暂无,暂无,5,30,2,,生产,生产工艺-PE,B+
10016848,制造体系,制造技术中心,工艺,集中式及中压工艺部,,,执行层,协同方,10023977,4,4,4,5,4,4,4,4,5,4,5,4,,,,,,,,4,4,4,4,5,5,5,5,5,"1、洞察力，其洞察力强，经常提前做出预案，在集中式上扭矩电批的情况下，提前布局，保障扭矩电批的正常切换
2、主导力，作为产线与前端的桥梁，在异常问题推进上能够快速主动的协助产线给出方案
3、学习力，其掌握多方面知识，在问题分析方面给予河大程度的参考价值，如导线回缩方面，气密方面，测试程序项目均能给出正确的分析方向。","1、新品导入方面可以制定标准化流程，多部门拉通介入，避免上线后问题点突发
2、部门人员技能方面柔性，能够不局限于其负责的产品，如：储能产品工艺是否应该了解集中式产品，技能提升，人员柔性增强，可实现快速响应",1、能够定期组织一下跨部门交流会，提高彼此交流机会，加深对彼此的了解，探讨困难点。,5,30,2,,生产,生产工艺-PE,B+
10016848,制造体系,制造技术中心,工艺,集中式及中压工艺部,,,执行层,协同方,10016018,5,5,5,4,5,5,5,5,4,5,5,5,,,,,,,,4,5,5,5,4,5,5,4,5,沟通能力出色,急躁的性格，,无,5,30,2,,生产,生产工艺-PE,B+
10016848,制造体系,制造技术中心,工艺,集中式及中压工艺部,,,执行层,协同方,10014913,4,5,4,5,4,4,5,4,5,5,5,5,,,,,,,,5,4,5,5,5,5,5,4,5,专业知识丰富,无,无,5,30,2,,生产,生产工艺-PE,B+
10016848,制造体系,制造技术中心,工艺,集中式及中压工艺部,,,执行层,协同方,10014773,4,4,4,4,4,5,5,4,5,5,5,5,,,,,,,,4,5,5,4,5,5,4,5,5,跨领域专业知识丰富，部门协同能力强,情绪控制略显不足,无,5,30,2,,生产,生产工艺-PE,B+
10016848,制造体系,制造技术中心,工艺,集中式及中压工艺部,,,执行层,协同方,10012953,4,4,4,4,4,4,4,4,4,4,4,4,,,,,,,,4,4,4,4,4,4,4,4,5,"主动识别需要完成的任务并积极采取行动，不会被动等待他人的要求；
根据部门重点工作目标和资源现状，平衡效益和风险，在工作中做出正确判断和行动，快速推动战略落地；
树立道德高线，严守纪律底线","主动识别和记录业务管理中遇到的问题和挑战，创造性地提出改进设想并推动落地；
认识到不同视角、立场或文化带来的价值和风险，结合对各地区差异的理解，形成合理的管理机制；",暂无,5,30,2,,生产,生产工艺-PE,B+
10016848,制造体系,制造技术中心,工艺,集中式及中压工艺部,,,执行层,协同方,10011377,5,5,4,4,5,5,4,4,5,5,5,5,,,,,,,,5,4,4,4,4,5,5,5,5,暂无,暂无,暂无,5,30,2,,生产,生产工艺-PE,B+
10016848,制造体系,制造技术中心,工艺,集中式及中压工艺部,,,执行层,协同方,10009860,5,5,5,4,4,5,5,5,5,5,5,5,,,,,,,,4,4,4,5,5,4,5,5,5,主动反馈并推动问题解决,希望能够进一步推动工艺这块的技术能力，杜绝开发阶段方案反复,无,5,30,2,,生产,生产工艺-PE,B+
10016848,制造体系,制造技术中心,工艺,集中式及中压工艺部,,,执行层,协同方,10001892,5,4,4,4,4,4,5,4,5,4,5,4,,,,,,,,4,4,4,4,5,5,5,5,5,沟通顺畅,无,无,5,30,2,,生产,生产工艺-PE,B+
10016848,制造体系,制造技术中心,工艺,集中式及中压工艺部,,,执行层,协同方,10000410,3,4,4,4,5,3,4,5,4,5,5,4,,,,,,,,5,4,5,4,4,5,4,5,4,工作有干劲,关键工程师培养,无,5,30,2,,生产,生产工艺-PE,B+
10016848,制造体系,制造技术中心,工艺,集中式及中压工艺部,,,执行层,下级,10024094,5,5,5,5,5,5,5,4,5,5,4,5,5,4,5,5,5,5,4,5,5,5,4,5,5,5,5,5,"1.主动学习本领域相关的产品知识以及先进技术等，同时分享给工程师；
2.能为部门设立高绩效标准，通过授权、激励、辅导等形式挖掘员工潜力；",1.情绪管理方面：建议适当控制情绪，避免带来不好的影响。,无,5,30,2,,生产,生产工艺-PE,B+
10016848,制造体系,制造技术中心,工艺,集中式及中压工艺部,,,执行层,下级,10021043,4,4,4,4,4,5,5,4,4,5,5,5,5,5,4,4,4,4,4,5,4,5,4,5,4,5,5,5,持续的学习力,建议有耐心的沟通,暂无,5,30,2,,生产,生产工艺-PE,B+
10016848,制造体系,制造技术中心,工艺,集中式及中压工艺部,,,执行层,上级,10003156,5,5,4,4,4,4,5,4,5,5,5,5,4,5,5,5,5,4,4,4,4,5,4,4,5,5,5,5,"1，深入业务一线，能够真正前置到研发设计阶段；
2，接受新事物速度快，快速理解结构化工艺的需求。","1，工艺作为生产代表要持续建立自己的系统思维，统筹产品转产过程中的技术问题；
2，要建设自身的工艺影响力，进一步增强跨部门融合，在前端和后端体现工艺的专业能力；
3，对管理梯队要有一定的授权，辅导下属的成长。",对部门人员的沟通要有更多的耐心，管理好自己的情绪。,5,30,2,,生产,生产工艺-PE,B+
10016718,光储集团,阳光户用储能公司,产品体系,研发中心,电池产品研发中心,,执行层,自己,10016718,4,5,5,5,4,5,5,4,5,5,5,4,4,3,5,5,5,5,5,5,5,5,5,5,5,5,5,5,"1、对目标的坚定追求，在小商储立项开发中，驱动团队为达成目标不懈努力，完成按时发货；
2、创新精神，突破常规，在MAX版本寻优中，推动单堆形式的横向和纵向布局，阻力立项；
","1、管理能力方向，刚进入带团队角色，对团队的赋能和给团队创造高效工作氛围的做的不足，建议：在内部建立完善的体制，工作重心倾斜；参与司内组织的管理配置，补充自己知识。
2、战略视角，对中长期的规划能力待加强，建议：多去接触供应链、客户、友商，补全自己的视角；补充在战略方面的认知。",无,5,39,16,,产品与研发,工业设计与用户体验设计,B+
10016718,光储集团,阳光户用储能公司,产品体系,研发中心,电池产品研发中心,,执行层,协同方,10001873,5,5,5,5,5,4,4,5,5,4,5,4,,,,,,,,5,5,5,4,4,5,5,5,4,无,无,无,5,39,16,,产品与研发,工业设计与用户体验设计,B+
10016718,光储集团,阳光户用储能公司,产品体系,研发中心,电池产品研发中心,,执行层,协同方,10022840,5,5,5,4,5,4,4,4,5,4,4,5,,,,,,,,4,4,4,5,5,4,5,4,5,"工作思路清晰，善于复盘总结、提炼方法、复制经验
善于倾听意见，换位思考，冲突协调、矛盾化解能力强","战略思考偏弱，多忙于事务性工作，前瞻性谋划不够
数据化、精细化管理运用不足",优化工作优先级管理，聚焦核心重点任务，减少低效事务占用精力。,5,39,16,,产品与研发,工业设计与用户体验设计,B+
10016718,光储集团,阳光户用储能公司,产品体系,研发中心,电池产品研发中心,,执行层,协同方,10022546,3,4,4,4,5,3,4,4,4,4,4,4,,,,,,,,4,4,4,4,5,5,5,5,5,有恒心,暂无建议,暂无,5,39,16,,产品与研发,工业设计与用户体验设计,B+
10016718,光储集团,阳光户用储能公司,产品体系,研发中心,电池产品研发中心,,执行层,协同方,10011959,4,4,4,4,4,3,3,4,4,4,4,4,,,,,,,,5,4,5,3,4,4,4,5,5,敢于担当，着眼全局，多帮助多补位。,授权赋能，提升产品研发团队的战斗力,无,5,39,16,,产品与研发,工业设计与用户体验设计,B+
10016718,光储集团,阳光户用储能公司,产品体系,研发中心,电池产品研发中心,,执行层,协同方,10012015,4,4,4,5,4,4,4,3,4,4,4,4,,,,,,,,5,4,5,5,5,5,4,5,4,以身作则，具备超强的抗压能力,下属授权再充分一些,无,5,39,16,,产品与研发,工业设计与用户体验设计,B+
10016718,光储集团,阳光户用储能公司,产品体系,研发中心,电池产品研发中心,,执行层,协同方,10013049,5,5,5,5,5,4,4,4,4,4,5,4,,,,,,,,5,5,4,5,4,4,4,4,4,推进业务高效,暂无,暂无,5,39,16,,产品与研发,工业设计与用户体验设计,B+
10016718,光储集团,阳光户用储能公司,产品体系,研发中心,电池产品研发中心,,执行层,协同方,10018364,5,5,5,5,5,5,4,4,5,5,5,4,,,,,,,,4,4,4,4,4,4,4,5,5,暂无,暂无,暂无,5,39,16,,产品与研发,工业设计与用户体验设计,B+
10016718,光储集团,阳光户用储能公司,产品体系,研发中心,电池产品研发中心,,执行层,协同方,10018355,5,5,5,5,5,4,5,4,4,5,4,4,,,,,,,,4,5,5,4,5,5,4,5,4,调岗到小商储团队担任团队负责人，能够快速通过项目锤炼团队能力，带领团队取得成果，体现了强大抗压力，目标的定力，和非凡的领导力,能更好的排除团队外部的干扰，管控变更，让团队能一次性做对，提高团队能效；团队文化建设上多和成员沟通，以价值牵引成员成长,无,5,39,16,,产品与研发,工业设计与用户体验设计,B+
10016718,光储集团,阳光户用储能公司,产品体系,研发中心,电池产品研发中心,,执行层,协同方,10016721,3,4,4,3,3,4,3,4,4,4,4,3,,,,,,,,4,5,5,4,4,4,5,5,5,研发能力；新业务拓展,跨部门协作；执行力,无,5,39,16,,产品与研发,工业设计与用户体验设计,B+
10016718,光储集团,阳光户用储能公司,产品体系,研发中心,电池产品研发中心,,执行层,协同方,10003276,4,5,5,4,3,4,4,4,4,4,5,4,,,,,,,,5,4,4,5,4,5,4,5,5,"能持续扛压，韧性非常足，让人钦佩；
责任心强，主动lead更大团队的事项推进。","推进事情可以考虑更全面，跳出事情本身寻求更有解决方案；
管理上可以再精进。",抗事多的同时，多思考，促进认知提升，再抗更大的事，正向循环，无限上进。,5,39,16,,产品与研发,工业设计与用户体验设计,B+
10016718,光储集团,阳光户用储能公司,产品体系,研发中心,电池产品研发中心,,执行层,协同方,10001314,5,4,4,4,4,4,4,3,4,4,5,4,,,,,,,,5,5,4,4,5,5,5,5,5,认真负责、同理心强、主动承担,业务方面：大系统管控拓展,无,5,39,16,,产品与研发,工业设计与用户体验设计,B+
10016718,光储集团,阳光户用储能公司,产品体系,研发中心,电池产品研发中心,,执行层,协同方,10000642,,,,,,,,,,,,,,,,,,,,,,,,,,,,,,,,5,39,16,,产品与研发,工业设计与用户体验设计,B+
10016718,光储集团,阳光户用储能公司,产品体系,研发中心,电池产品研发中心,,执行层,下级,10009018,5,4,4,4,4,4,3,4,5,5,4,5,3,3,4,3,4,4,4,4,5,4,4,5,5,4,4,4,执行力强，结果导向,多注重授权及赋能，激励员工成长,无,5,39,16,,产品与研发,工业设计与用户体验设计,B+
10016718,光储集团,阳光户用储能公司,产品体系,研发中心,电池产品研发中心,,执行层,下级,10003649,5,5,5,5,5,4,4,4,4,5,5,5,4,4,4,5,4,4,4,5,4,5,5,5,5,5,5,5,目标感强烈，决策需要达成的事情会想尽办法去实现,技术管理参与深入不利于团队成员成长,暂无,5,39,16,,产品与研发,工业设计与用户体验设计,B+
10016718,光储集团,阳光户用储能公司,产品体系,研发中心,电池产品研发中心,,执行层,上级,10001950,4,4,5,5,5,4,4,4,5,5,5,5,4,4,5,5,5,5,5,4,4,4,5,5,5,5,5,4,-,-,-,5,39,16,,产品与研发,工业设计与用户体验设计,B+
10016451,光储集团,营销体系,欧洲大区,东南欧、中东欧、独联体,希腊、塞浦路斯、保加利亚、塞尔维亚、北马其顿和黑山,,执行层,自己,10016451,5,4,5,4,4,4,5,4,4,5,5,5,4,4,4,3,3,3,3,4,3,4,5,5,4,5,4,4,"Pace-setting mindset, lead by example",Better people management and coaching to build accountable teams,"Learn to facilitate different management styles, based on team needs",5.2,46,9,,营销,商务销售,B+
10016451,光储集团,营销体系,欧洲大区,东南欧、中东欧、独联体,希腊、塞浦路斯、保加利亚、塞尔维亚、北马其顿和黑山,,执行层,协同方,10046481,4,4,3,4,3,4,3,5,4,5,5,4,,,,,,,,4,4,4,3,5,4,5,4,5,"He brings a very positive and inclusive approach, demonstrating strong sensitivity to different cultures and ways of working. His open mindset and willingness to support when needed contribute to a healthy and collaborative team dynamic.
Moreover, his solid understanding of the market and key stakeholders enables him to engage effectively and build credible, trusted relationships. His flexibility and readiness to listen further reinforce his ability to adapt and work constructively across diverse teams.","Going forward, he could further strengthen his impact by adopting a more proactive approach and placing greater emphasis on the broader perspective, particularly as the team continues to grow, rather than focusing primarily on individual cases.",No further comments,5.2,46,9,,营销,商务销售,B+
10016451,光储集团,营销体系,欧洲大区,东南欧、中东欧、独联体,希腊、塞浦路斯、保加利亚、塞尔维亚、北马其顿和黑山,,执行层,协同方,10027164,,,,,,,,,,,,,,,,,,,,,,,,,,,,,,,,5.2,46,9,,营销,商务销售,B+
10016451,光储集团,营销体系,欧洲大区,东南欧、中东欧、独联体,希腊、塞浦路斯、保加利亚、塞尔维亚、北马其顿和黑山,,执行层,协同方,10025965,4,5,5,5,4,5,4,5,4,5,4,4,,,,,,,,4,4,5,4,5,5,4,5,5,"1.Leadership
2. Solution Provider",no comment,no comment,5.2,46,9,,营销,商务销售,B+
10016451,光储集团,营销体系,欧洲大区,东南欧、中东欧、独联体,希腊、塞浦路斯、保加利亚、塞尔维亚、北马其顿和黑山,,执行层,协同方,10020205,4,4,4,3,3,4,4,4,3,4,4,5,,,,,,,,5,4,5,4,4,4,5,5,4,"Understands the culture of company, strives to achieve better results and wants healthy work life balance in the office.",1) in need of more human resources in order to organize the local teams better and work more proactively 2) possibly need more leadership training as we all need in order to improve ourselves for the team.,Cooperating for many years together very efficiently.,5.2,46,9,,营销,商务销售,B+
10016451,光储集团,营销体系,欧洲大区,东南欧、中东欧、独联体,希腊、塞浦路斯、保加利亚、塞尔维亚、北马其顿和黑山,,执行层,协同方,10017371,5,4,5,4,4,4,5,5,5,5,4,4,,,,,,,,4,5,5,5,5,4,5,5,5,/,/,/,5.2,46,9,,营销,商务销售,B+
10016451,光储集团,营销体系,欧洲大区,东南欧、中东欧、独联体,希腊、塞浦路斯、保加利亚、塞尔维亚、北马其顿和黑山,,执行层,协同方,10009767,4,4,4,4,4,3,5,4,3,4,5,3,,,,,,,,3,3,4,5,3,3,4,5,4,No comment,No comment,No comment,5.2,46,9,,营销,商务销售,B+
10016451,光储集团,营销体系,欧洲大区,东南欧、中东欧、独联体,希腊、塞浦路斯、保加利亚、塞尔维亚、北马其顿和黑山,,执行层,协同方,10009305,3,4,4,3,4,4,3,3,4,4,4,4,,,,,,,,3,3,2,3,2,3,2,3,3,"Business-driven, results-oriented; good communication skills","1. Internal communication within the team is limited; strengthening teamwork and improving communication efficiency is recommended. 2. Risk control awareness for projects is relatively weak; relevant contract risk clauses should be fully communicated and confirmed with headquarters, and internal alignment should be reached",No comment,5.2,46,9,,营销,商务销售,B+
10016451,光储集团,营销体系,欧洲大区,东南欧、中东欧、独联体,希腊、塞浦路斯、保加利亚、塞尔维亚、北马其顿和黑山,,执行层,协同方,10007913,4,4,3,4,4,5,4,3,4,4,4,4,,,,,,,,4,4,5,4,5,4,5,4,5,Customer mindset,Internal collaboration,No comment,5.2,46,9,,营销,商务销售,B+
10016451,光储集团,营销体系,欧洲大区,东南欧、中东欧、独联体,希腊、塞浦路斯、保加利亚、塞尔维亚、北马其顿和黑山,,执行层,协同方,10007708,5,5,5,4,4,4,4,4,4,5,4,4,,,,,,,,4,5,4,4,5,5,4,5,4,Enthusiastic and proactive at work,More attention should be paid to opportunity management and major project process management in Greece,No comment,5.2,46,9,,营销,商务销售,B+
10016451,光储集团,营销体系,欧洲大区,东南欧、中东欧、独联体,希腊、塞浦路斯、保加利亚、塞尔维亚、北马其顿和黑山,,执行层,下级,10047932,5,5,5,5,4,5,5,5,5,5,5,4,4,4,4,5,4,5,4,5,5,5,4,5,5,5,5,5,"Managing greatly big clients, unify and lead the team, open always to listen to his employees for whatever each one of us needs",time management(extremely difficult task for his ranking because of his really high position),no,5.2,46,9,,营销,商务销售,B+
10016451,光储集团,营销体系,欧洲大区,东南欧、中东欧、独联体,希腊、塞浦路斯、保加利亚、塞尔维亚、北马其顿和黑山,,执行层,下级,10046420,5,5,5,4,5,5,5,4,5,4,5,5,4,5,4,4,5,5,4,4,5,5,4,5,5,4,5,4,"He responds promptly to employees’ requests and is consistently available to support the team. He stays close to his team, providing clear guidance and direction. He is supportive, dynamic and well-organized and he performs his role effectively.","1. Prioritization and timeliness
He could further improve in prioritizing and addressing certain tasks in a more timely manner. Setting clearer timelines and following up more consistently on pending items would help enhance overall efficiency and team alignment. 
2. Delegation and workload distribution
There is an opportunity to further delegate tasks within the team. Empowering team members with more responsibilities could improve productivity and support their professional development.
3. Structured communication
Providing more structured and proactive communication, especially regarding priorities and updates, would help the team stay fully aligned and avoid any potential confusion.",No,5.2,46,9,,营销,商务销售,B+
10016451,光储集团,营销体系,欧洲大区,东南欧、中东欧、独联体,希腊、塞浦路斯、保加利亚、塞尔维亚、北马其顿和黑山,,执行层,下级,10045028,5,5,5,4,5,5,5,5,4,5,5,5,4,4,5,5,5,5,5,4,4,5,5,5,5,5,4,5,"fostering client relationship, proactive thinking, situation awareness",time management and prioritization,keep up the good work,5.2,46,9,,营销,商务销售,B+
10016451,光储集团,营销体系,欧洲大区,东南欧、中东欧、独联体,希腊、塞浦路斯、保加利亚、塞尔维亚、北马其顿和黑山,,执行层,下级,10043124,4,4,4,3,3,4,4,4,3,4,4,4,3,4,4,2,3,3,3,3,4,4,4,3,4,4,3,3,"Customer support, customer communication. Αnd product knowledge is not typically a strength associated with a Sales team.",Improve organization and clearly define responsibilities among colleagues. Better assess each individual's strengths and assign tasks according to their talents,We have not worked closely enough with the colleague being assessed to provide a clear evaluation or meaningful feedback.,5.2,46,9,,营销,商务销售,B+
10016451,光储集团,营销体系,欧洲大区,东南欧、中东欧、独联体,希腊、塞浦路斯、保加利亚、塞尔维亚、北马其顿和黑山,,执行层,下级,10038434,4,4,4,4,4,5,5,5,4,5,4,5,3,3,3,3,3,5,5,5,5,5,5,5,5,4,4,5,"- Perfection in everything taken over and focused on.
- Cares for the teams wellbeing","- More regular communication with the team one on one.
- Letting the power to the team.",Great leader with good people skills focused on the team.,5.2,46,9,,营销,商务销售,B+
10016451,光储集团,营销体系,欧洲大区,东南欧、中东欧、独联体,希腊、塞浦路斯、保加利亚、塞尔维亚、北马其顿和黑山,,执行层,下级,10032187,5,4,5,5,5,4,5,5,5,4,5,5,4,5,5,5,4,5,5,5,5,5,5,5,4,4,5,5,"results oriented, focus on development","everybody has room for improvement, but Dimitris has not a specific area for improvement. his above average in all aspects",nope,5.2,46,9,,营销,商务销售,B+
10016451,光储集团,营销体系,欧洲大区,东南欧、中东欧、独联体,希腊、塞浦路斯、保加利亚、塞尔维亚、北马其顿和黑山,,执行层,下级,10023172,5,4,5,5,5,3,5,4,4,5,4,5,4,3,4,4,5,5,4,5,4,4,5,5,4,4,4,5,"1)Strong leadership and strategic thinking skills, with the ability to effectively balance business priorities, customer expectations, and internal resources in a fast-paced environment.
2)Excellent communication and cross-functional collaboration, consistently supporting the team and driving alignment between departments to achieve common goals.
3)Strong customer-oriented mindset and problem-solving approach, always demonstrating professionalism, accountability, and commitment to delivering high-quality results under challenging conditions.","Increasing availability and ensuring faster access to critical information and updates, especially during periods with high workload or urgent customer requirements. More frequent communication and visibility could further improve alignment and response efficiency across teams.
Delegating responsibilities more effectively across the team in order to optimize workload distribution and create additional development opportunities for team members.
Continuing to strengthen structured follow-up and prioritization mechanisms for ongoing tasks and internal coordination, especially when managing multiple high-priority projects simultaneously.","Continue fostering open communication and knowledge sharing across teams, as this will further strengthen collaboration, efficiency, and team alignment. Additionally, maintaining the current customer-focused and solution-oriented mindset while continuing to empower team members will contribute greatly to both team development and long-term business success.",5.2,46,9,,营销,商务销售,B+
10016451,光储集团,营销体系,欧洲大区,东南欧、中东欧、独联体,希腊、塞浦路斯、保加利亚、塞尔维亚、北马其顿和黑山,,执行层,上级,10015667,,,,,,,,,,,,,,,,,,,,,,,,,,,,,,,,5.2,46,9,,营销,商务销售,B+
10016185,光储集团,营销体系,中国大区,北京公司,运营管理部,,执行层,自己,10016185,4,4,4,4,4,3,3,3,3,4,2,3,4,3,4,4,4,2,3,4,3,4,4,3,4,3,5,5,责任心强、逻辑清晰，工作有闭环、事项有跟进落地。,团队管理上，需进一步加强分工管理与有效激励。,无,5.2,40,4,,营销,商务管理,B+
10016185,光储集团,营销体系,中国大区,北京公司,运营管理部,,执行层,协同方,10014246,5,5,5,5,5,5,5,4,5,5,5,5,,,,,,,,5,5,5,4,5,5,5,5,5,主动协同具有市场洞察力出色的执行能力,无,无,5.2,40,4,,营销,商务管理,B+
10016185,光储集团,营销体系,中国大区,北京公司,运营管理部,,执行层,协同方,10010578,5,4,4,5,4,5,5,5,4,5,4,5,,,,,,,,4,4,5,5,5,5,5,4,5,工作努力、细心，符合阳光文化！,工作目标不够清晰，未能做到很好的给予团队赋能。,暂无,5.2,40,4,,营销,商务管理,B+
10016185,光储集团,营销体系,中国大区,北京公司,运营管理部,,执行层,协同方,10009509,,,,,,,,,,,,,,,,,,,,,,,,,,,,,,,,5.2,40,4,,营销,商务管理,B+
10016185,光储集团,营销体系,中国大区,北京公司,运营管理部,,执行层,协同方,10008509,5,4,5,4,5,4,4,5,4,5,5,5,,,,,,,,4,4,4,4,4,4,4,4,4,快速响应、积极沟通，推动目标完成。,无,无,5.2,40,4,,营销,商务管理,B+
10016185,光储集团,营销体系,中国大区,北京公司,运营管理部,,执行层,协同方,10008035,5,5,4,4,4,4,5,4,5,4,4,5,,,,,,,,5,4,5,5,5,5,4,5,4,认真总结经营中的各种数据，在数据中找出问题并给到销售团队合理化建议，并协助搭建解决问题平台。,定期复盘业务流程中的痛点、堵点，梳理重复、低效、冗余的工作环节，建议每季度牵头制定1-2项流程优化或管理改进方案，落地执行并跟踪效果,暂无,5.2,40,4,,营销,商务管理,B+
10016185,光储集团,营销体系,中国大区,北京公司,运营管理部,,执行层,协同方,10001218,5,4,4,4,4,4,3,4,4,4,3,3,,,,,,,,4,4,3,4,4,4,4,4,4,积极主动打通集团信息，主动提出日常工作问题建议,信息拉通机制，团队合作流程疏通,无,5.2,40,4,,营销,商务管理,B+
10016185,光储集团,营销体系,中国大区,北京公司,运营管理部,,执行层,下级,10045060,4,3,3,3,5,4,3,4,4,4,4,4,4,4,4,4,4,4,4,4,4,4,4,4,4,4,4,4,诚恳务实,都很好,无,5.2,40,4,,营销,商务管理,B+
10016185,光储集团,营销体系,中国大区,北京公司,运营管理部,,执行层,下级,10041169,4,5,4,4,5,5,4,4,4,4,4,4,4,4,5,5,4,5,4,4,4,4,5,5,4,4,4,5,"1、工作严谨负责，注重细节：对待工作认真投入，能够主动发现并处理细节问题。
2、组织沟通能力强，善于处理人际关系：在团队中能够有效协调资源、推动工作进展。","1、加强对团队成员的工作指导，提供针对性的帮助和辅导，促进整体能力提升。
",无,5.2,40,4,,营销,商务管理,B+
10016185,光储集团,营销体系,中国大区,北京公司,运营管理部,,执行层,下级,10025379,5,5,5,5,5,4,5,4,5,5,5,5,5,4,5,5,5,5,4,5,5,5,4,5,5,5,5,5,细心严谨负责,暂无,暂无,5.2,40,4,,营销,商务管理,B+
10016185,光储集团,营销体系,中国大区,北京公司,运营管理部,,执行层,下级,10012730,,,,,,,,,,,,,,,,,,,,,,,,,,,,,,,,5.2,40,4,,营销,商务管理,B+
10016185,光储集团,营销体系,中国大区,北京公司,运营管理部,,执行层,上级,10008076,4,4,3,4,4,4,4,3,4,4,4,4,4,4,5,5,5,4,4,4,4,4,4,5,5,5,5,5,工作细心敬业,无,无,5.2,40,4,,营销,商务管理,B+
10016054,光储集团,营销体系,欧洲大区,德语区、北欧、荷比卢、土耳其,德语区,,执行层,自己,10016054,4,4,4,4,3,4,5,4,4,5,4,5,2,3,4,4,5,4,4,5,4,4,4,5,4,4,5,4,-,-,-,5.2,42,6,,营销,商务销售,B+
10016054,光储集团,营销体系,欧洲大区,德语区、北欧、荷比卢、土耳其,德语区,,执行层,协同方,10041408,5,5,4,5,4,5,5,5,4,5,5,4,,,,,,,,4,5,5,4,5,4,5,5,5,"High integrity towards internal and external customers. 
Active listener and strong in communication. 
Easily build trust interpersonally",Nothing I can think of at this specific moment ,No more feedback,5.2,42,6,,营销,商务销售,B+
10016054,光储集团,营销体系,欧洲大区,德语区、北欧、荷比卢、土耳其,德语区,,执行层,协同方,10020962,4,5,4,4,3,4,4,4,4,5,5,5,,,,,,,,4,4,5,4,5,5,5,4,5,"proactivity, ownership of all managed countries, and listening to and supporting others' ideas ",commitment to people and culture activities across the region,no,5.2,42,6,,营销,商务销售,B+
10016054,光储集团,营销体系,欧洲大区,德语区、北欧、荷比卢、土耳其,德语区,,执行层,协同方,10017371,5,4,5,4,4,4,5,5,5,5,4,4,,,,,,,,4,5,5,5,5,4,5,5,5,/,/,/,5.2,42,6,,营销,商务销售,B+
10016054,光储集团,营销体系,欧洲大区,德语区、北欧、荷比卢、土耳其,德语区,,执行层,协同方,10016384,4,4,3,5,3,5,4,5,4,4,3,4,,,,,,,,2,4,3,5,4,5,3,4,3,"understandable, kind; to speak, respectful","influence skill, put to more in practice",having control and awareness across the entire value chain,5.2,42,6,,营销,商务销售,B+
10016054,光储集团,营销体系,欧洲大区,德语区、北欧、荷比卢、土耳其,德语区,,执行层,协同方,10014933,3,3,3,3,2,2,3,3,4,4,4,4,,,,,,,,4,4,3,4,4,4,4,4,4,Highly loyal to the company and has a rare sense of responsibility,Adjust the direction of effort and develop a deeper understanding of the company’s core values,Adjust the direction of effort and develop a deeper understanding of the company’s core values,5.2,42,6,,营销,商务销售,B+
10016054,光储集团,营销体系,欧洲大区,德语区、北欧、荷比卢、土耳其,德语区,,执行层,协同方,10014860,4,4,4,4,4,4,4,4,4,4,4,4,,,,,,,,4,4,4,4,4,4,4,4,4,-,-,-,5.2,42,6,,营销,商务销售,B+
10016054,光储集团,营销体系,欧洲大区,德语区、北欧、荷比卢、土耳其,德语区,,执行层,协同方,10014226,,,,,,,,,,,,,,,,,,,,,,,,,,,,,,,,5.2,42,6,,营销,商务销售,B+
10016054,光储集团,营销体系,欧洲大区,德语区、北欧、荷比卢、土耳其,德语区,,执行层,协同方,10010407,4,4,3,4,4,3,3,4,3,3,3,3,,,,,,,,4,4,3,3,4,3,3,3,3,Distribution topics ,-,-,5.2,42,6,,营销,商务销售,B+
10016054,光储集团,营销体系,欧洲大区,德语区、北欧、荷比卢、土耳其,德语区,,执行层,协同方,10009767,3,4,4,3,3,4,4,4,3,5,5,3,,,,,,,,3,3,4,5,5,3,4,5,4,No comment,No comment,No comment,5.2,42,6,,营销,商务销售,B+
10016054,光储集团,营销体系,欧洲大区,德语区、北欧、荷比卢、土耳其,德语区,,执行层,协同方,10009528,4,4,4,4,3,4,4,4,4,5,3,4,,,,,,,,4,3,4,5,4,5,4,4,4,"Good listener, adaptable, corporate background",I don't have,I don't have,5.2,42,6,,营销,商务销售,B+
10016054,光储集团,营销体系,欧洲大区,德语区、北欧、荷比卢、土耳其,德语区,,执行层,协同方,10007913,3,4,3,4,3,3,3,4,4,4,3,4,,,,,,,,4,4,5,4,5,4,5,4,5,Customer mindset,Organizational development,No comment,5.2,42,6,,营销,商务销售,B+
10016054,光储集团,营销体系,欧洲大区,德语区、北欧、荷比卢、土耳其,德语区,,执行层,协同方,10007708,5,5,4,4,4,4,5,5,5,4,5,4,,,,,,,,4,4,5,4,4,5,5,5,5,Enthusiastic and proactive at work,"There is still substantial potential to explore in Germany’s utility-scale PV and energy storage businesses, and grid-related relationships also urgently need breakthroughs",No comment,5.2,42,6,,营销,商务销售,B+
10016054,光储集团,营销体系,欧洲大区,德语区、北欧、荷比卢、土耳其,德语区,,执行层,协同方,10007343,5,4,4,4,4,5,5,5,4,5,5,5,,,,,,,,4,4,5,5,5,4,4,5,4,...,...,...,5.2,42,6,,营销,商务销售,B+
10016054,光储集团,营销体系,欧洲大区,德语区、北欧、荷比卢、土耳其,德语区,,执行层,协同方,10007027,,,,,,,,,,,,,,,,,,,,,,,,,,,,,,,,5.2,42,6,,营销,商务销售,B+
10016054,光储集团,营销体系,欧洲大区,德语区、北欧、荷比卢、土耳其,德语区,,执行层,下级,10018433,5,5,5,5,5,4,4,4,4,5,4,5,3,5,5,5,5,5,4,4,4,5,4,5,5,4,5,5,Christian always tries to support me with difficult topics and listens to me.,"Preparing for appointments, time management",No always a good Manager,5.2,42,6,,营销,商务销售,B+
10016054,光储集团,营销体系,欧洲大区,德语区、北欧、荷比卢、土耳其,德语区,,执行层,下级,10013779,5,5,5,5,4,5,5,5,5,5,5,5,3,2,4,5,4,4,5,5,4,4,5,5,5,5,3,5,Openness and Integrity towards all team members,digital development and processes,no,5.2,42,6,,营销,商务销售,B+
10016054,光储集团,营销体系,欧洲大区,德语区、北欧、荷比卢、土耳其,德语区,,执行层,下级,10012515,4,4,5,5,4,5,5,5,5,5,5,4,4,5,4,5,4,5,4,4,4,5,4,5,4,5,4,5,"talent development
creating good working atmosphere","too emotional sometines
clear 3-4 yeaer plan",no,5.2,42,6,,营销,商务销售,B+
10016054,光储集团,营销体系,欧洲大区,德语区、北欧、荷比卢、土耳其,德语区,,执行层,下级,10007800,5,5,5,5,5,5,5,5,5,5,5,5,5,5,5,5,5,5,5,5,5,5,4,5,5,5,5,5,"consistently motivates the team, creates clear direction, and drives performance through result-oriented goal setting. ",Earlier communication on priorites and changes would improve alignment. ,no further suggestions - thanks,5.2,42,6,,营销,商务销售,B+
10016054,光储集团,营销体系,欧洲大区,德语区、北欧、荷比卢、土耳其,德语区,,执行层,上级,10009084,4,3,4,5,4,3,4,4,4,4,4,4,3,4,3,4,3,4,3,5,4,3,4,4,4,3,4,4,Made a big effort to understand direct sales business better and focuses on team development and customer relationship.,Sometimes needs to be more sensitive about different cultural backgrounds and how to address certain topics with colleagues from other regions. Emotionally very involved which puts a lot of stress on himself.,-,5.2,42,6,,营销,商务销售,B+
10016043,阳光水面光伏,产品/解决方案,系统解决方案中心,欧美解决方案部,,,执行层,自己,10016043,4,4,5,4,5,4,5,4,4,4,5,4,4,4,4,4,4,5,5,4,5,4,4,5,5,4,5,5,认真负责，创新高效，成就客户为导向,提高英语水平，增加对外客户交流,转变角色，从自己做好项目转变为带领团队做好项目,5.2,37,6,1/1/2026,营销,技术营销,B+
10016043,阳光水面光伏,产品/解决方案,系统解决方案中心,欧美解决方案部,,,执行层,协同方,10020874,5,5,5,5,5,4,4,4,4,5,5,5,,,,,,,,5,5,5,4,5,5,5,5,5,有耐心，乐于教带年轻人，认可度高,提高英语水平，尤其是口语水平,同上,5.2,37,6,1/1/2026,营销,技术营销,B+
10016043,阳光水面光伏,产品/解决方案,系统解决方案中心,欧美解决方案部,,,执行层,协同方,10019716,4,4,4,4,3,4,3,3,4,4,4,3,,,,,,,,4,4,4,3,4,3,4,4,4,"1-诚恳务实，能很好的践行公司文化；
2-有一定的抗压能力",创新工作方法，提升工作效率；提升对外沟通影响；,无,5.2,37,6,1/1/2026,营销,技术营销,B+
10016043,阳光水面光伏,产品/解决方案,系统解决方案中心,欧美解决方案部,,,执行层,协同方,10014518,4,4,4,4,4,5,5,4,4,4,5,5,,,,,,,,4,4,4,5,4,4,4,4,4,"1.做事仔细认真，给人很放心的感受
2.指导新员工方法很好，新人能够快速成长",1. 加强管理能力，不必每件事都事无巨细，放权给到部门其他同事,无,5.2,37,6,1/1/2026,营销,技术营销,B+
10016043,阳光水面光伏,产品/解决方案,系统解决方案中心,欧美解决方案部,,,执行层,协同方,10013418,5,5,4,5,4,4,5,4,5,5,5,5,,,,,,,,5,4,5,4,5,5,5,5,5,"做事认真
有担当",无,无,5.2,37,6,1/1/2026,营销,技术营销,B+
10016043,阳光水面光伏,产品/解决方案,系统解决方案中心,欧美解决方案部,,,执行层,协同方,10012747,5,5,5,4,4,4,5,5,5,5,5,4,,,,,,,,5,4,5,5,5,5,5,4,5,勤恳好学，为人谦卑,人才培养,无,5.2,37,6,1/1/2026,营销,技术营销,B+
10016043,阳光水面光伏,产品/解决方案,系统解决方案中心,欧美解决方案部,,,执行层,协同方,10011888,4,4,4,4,4,4,4,4,4,4,4,4,,,,,,,,4,4,4,4,4,4,4,4,4,无,无,无,5.2,37,6,1/1/2026,营销,技术营销,B+
10016043,阳光水面光伏,产品/解决方案,系统解决方案中心,欧美解决方案部,,,执行层,协同方,10010854,4,4,4,4,4,3,5,5,5,5,4,4,,,,,,,,5,5,5,5,5,5,5,5,5,做事认真、待人真诚,管理的逻辑和方法论上还有继续拔高的空间。,学习一些管理的方法论并坚持创新的管理理念。,5.2,37,6,1/1/2026,营销,技术营销,B+
10016043,阳光水面光伏,产品/解决方案,系统解决方案中心,欧美解决方案部,,,执行层,下级,10047299,4,4,5,5,5,5,5,5,5,5,5,4,4,5,5,5,5,5,5,5,5,5,5,5,5,5,5,5,对新员工指导不厌其烦，谨慎认真，工作高效。,"1、项目任务管理高效，出现问题及时与客户、商务保持沟通，以结果为导向，高效解决问题；
2、合理分配员工任务，并及时给予引导，助力员工个人成长；
3、为人谦逊果断，处理问题视野宽广，往往提出新方案帮助员工解决现有问题",建议后续开展项目实例分享会，增加项目阶段性规划指导，多分享项目前沿解决方案及应用实例。,5.2,37,6,1/1/2026,营销,技术营销,B+
10016043,阳光水面光伏,产品/解决方案,系统解决方案中心,欧美解决方案部,,,执行层,下级,10038442,5,4,5,5,5,5,5,4,5,5,5,5,4,5,4,4,5,5,4,4,5,4,5,5,5,5,4,5,"He is highly detail-oriented and consistently provides valuable support, especially when it comes to understanding new products and related information. He is responsive during urgent situations and plays an important role in facilitating smooth interdepartmental communication. His timely guidance and availability are greatly appreciated.","One area that could be improved is the accessibility and standardization of technical data, particularly in English. At times, challenges arise while preparing BOMs and reviewing PLM-related documents due to inconsistencies in part naming and limited English documentation. Enhancing clarity and consistency in these areas would improve overall efficiency and reduce ambiguity.","It would be beneficial to establish a standardized naming convention and ensure that key technical documents, including BOMs and PLN references, are consistently available in English. This would streamline coordination across teams and improve accuracy in documentation and communication.",5.2,37,6,1/1/2026,营销,技术营销,B+
10016043,阳光水面光伏,产品/解决方案,系统解决方案中心,欧美解决方案部,,,执行层,下级,10033335,5,4,4,5,4,4,5,4,5,5,5,4,2,3,5,4,4,4,4,4,5,5,4,4,5,4,5,4,"Proactively identify and document problems and challenges in business management,
Prioritize responding to customer needs,
Assist internal and external customers in solving problems","Digital and AI technologies related to the field, 
Contributing to the success of digital transformation.",None,5.2,37,6,1/1/2026,营销,技术营销,B+
10016043,阳光水面光伏,产品/解决方案,系统解决方案中心,欧美解决方案部,,,执行层,上级,10010556,3,4,4,5,4,4,5,4,4,4,4,4,5,4,4,4,5,4,4,4,4,5,4,5,5,4,5,5,"1、积极主动
2、勇于担责
3、团队建设","1、优化部门工作模式，提升执行效率
2、加强沟通能力提升，由被动接受逐渐向主动引导转变",无,5.2,37,6,1/1/2026,营销,技术营销,B+
10016018,制造体系,制造技术中心,工艺,AIDC及充电工艺部,,,执行层,自己,10016018,5,5,4,4,4,4,4,4,4,5,5,5,5,4,5,5,5,4,5,5,5,4,5,4,4,5,5,5,遇到问题时会抓住问题本质的原因，从根源出发彻底解决规避问题重复性发生；,项目管理出现延期问题，需要加强项目跟进能力；,加强团队能力建设，提升团队战斗力,5.2,32,8,,生产,生产工艺-PE,A
10016018,制造体系,制造技术中心,工艺,AIDC及充电工艺部,,,执行层,协同方,10033370,5,4,5,4,5,4,4,5,4,5,5,5,,,,,,,,4,4,4,3,4,4,5,5,5,目标清晰,无,无,5.2,32,8,,生产,生产工艺-PE,A
10016018,制造体系,制造技术中心,工艺,AIDC及充电工艺部,,,执行层,协同方,10016848,4,3,4,3,5,4,4,3,5,5,5,4,,,,,,,,4,4,5,4,5,5,4,5,5,快速适应新环境，做事较为果断,需加强团队辅导，切记个人英雄式领导,/,5.2,32,8,,生产,生产工艺-PE,A
10016018,制造体系,制造技术中心,工艺,AIDC及充电工艺部,,,执行层,协同方,10014913,4,5,4,5,4,4,5,4,5,5,5,5,,,,,,,,5,4,5,5,5,5,5,4,5,积极主动，攻坚克难,无,无,5.2,32,8,,生产,生产工艺-PE,A
10016018,制造体系,制造技术中心,工艺,AIDC及充电工艺部,,,执行层,协同方,10014773,4,4,4,4,4,5,5,4,5,5,5,5,,,,,,,,4,5,5,4,5,5,4,5,5,项目跟进能力强，分析能力优秀,领导力及赋能略有不足,无,5.2,32,8,,生产,生产工艺-PE,A
10016018,制造体系,制造技术中心,工艺,AIDC及充电工艺部,,,执行层,协同方,10013919,4,4,3,4,3,4,4,3,3,4,4,4,,,,,,,,4,4,4,4,4,4,4,4,4,积极主动，快速响应,NA,NA,5.2,32,8,,生产,生产工艺-PE,A
10016018,制造体系,制造技术中心,工艺,AIDC及充电工艺部,,,执行层,协同方,10012953,4,4,4,4,4,4,4,4,4,4,4,4,,,,,,,,4,4,4,4,4,4,4,4,5,"主动识别需要完成的任务并积极采取行动，不会被动等待他人的要求；
根据部门重点工作目标和资源现状，平衡效益和风险，在工作中做出正确判断和行动，快速推动战略落地；
树立道德高线，严守纪律底线；","主动识别和记录业务管理中遇到的问题和挑战，创造性地提出改进设想并推动落地；
认识到不同视角、立场或文化带来的价值和风险，结合对各地区差异的理解，形成合理的管理机制；",暂无,5.2,32,8,,生产,生产工艺-PE,A
10016018,制造体系,制造技术中心,工艺,AIDC及充电工艺部,,,执行层,协同方,10011377,5,5,4,4,4,5,4,4,5,4,5,4,,,,,,,,5,5,5,5,5,4,5,5,5,暂无,暂无,暂无,5.2,32,8,,生产,生产工艺-PE,A
10016018,制造体系,制造技术中心,工艺,AIDC及充电工艺部,,,执行层,协同方,10010248,5,5,5,4,5,5,5,5,5,5,4,4,,,,,,,,4,5,5,5,4,4,4,5,5,始终牢记成就客户的价值观，成就内部客户。,可以逐步让aidc介入公司内部流程，促进融合共创。,暂无,5.2,32,8,,生产,生产工艺-PE,A
10016018,制造体系,制造技术中心,工艺,AIDC及充电工艺部,,,执行层,协同方,10009929,3,4,4,4,4,3,2,4,5,5,5,4,,,,,,,,4,4,4,4,4,4,4,4,4,积极快速响应业务端需求，帮助解决问题,无,无,5.2,32,8,,生产,生产工艺-PE,A
10016018,制造体系,制造技术中心,工艺,AIDC及充电工艺部,,,执行层,协同方,10004350,4,4,5,4,5,4,4,5,4,4,4,5,,,,,,,,5,4,4,4,4,4,5,5,5,"技术研发与工艺规划：立足全局，技术把控到位
统筹新品工艺落地：深度参与新产品立项、打样、试产，提前制定整套工艺方案、作业标准与参数，梳理风险点，保障新品顺利转量产。
精通全品类工艺：熟练掌握导线 / 线束全工序制程，对裁线、剥皮、压接、焊接、组装、注塑、检测等工艺原理、标准、难点了然于心，技术功底扎实。
前瞻工艺布局：结合行业趋势、客户标准、产能需求，规划中长期工艺优化、自动化改造方向，推动工艺迭代升级。
攻克技术难题：面对复杂产品、高频不良、制程瓶颈主动牵头攻关，多方验证方案，彻底解决技术卡点。","搭建完整、可落地、可迭代的工艺管理体系，实现流程制度化、管理规范化。
梳理全业务流程：制定新品导入、打样试产、工艺变更、工装开发、异常处理、文件发行六大标准流程，明确节点、责任人、时效与审批要求。
完善文件管控体系：统一作业指导书、工艺参数表、检验标准、图纸、BOM 格式；建立文件编号、版本升级、回收作废、借阅归档规则，杜绝旧版文件误用。
推动全域标准统一：拉通各车间、产线、班组工艺要求，针对同型号产品固化唯一工艺方案，消除人为操作差异。
建立体系复盘机制：每季度梳理体系运行卡点，优化冗余环节，持续迭代流程与制度。",具备技术预判、前沿研究、产品预研能力，打造企业技术壁垒。,5.2,32,8,,生产,生产工艺-PE,A
10016018,制造体系,制造技术中心,工艺,AIDC及充电工艺部,,,执行层,协同方,10000410,4,5,4,4,4,4,4,5,5,5,4,5,,,,,,,,5,4,4,5,5,4,5,4,5,与研发和试制沟通积极,新业务工艺创新加强落地,无,5.2,32,8,,生产,生产工艺-PE,A
10016018,制造体系,制造技术中心,工艺,AIDC及充电工艺部,,,执行层,下级,10035098,4,3,4,3,4,3,4,3,4,3,5,4,5,4,5,4,5,4,5,4,5,4,5,4,5,4,5,4,。,。,。,5.2,32,8,,生产,生产工艺-PE,A
10016018,制造体系,制造技术中心,工艺,AIDC及充电工艺部,,,执行层,下级,10022721,,,,,,,,,,,,,,,,,,,,,,,,,,,,,,,,5.2,32,8,,生产,生产工艺-PE,A
10016018,制造体系,制造技术中心,工艺,AIDC及充电工艺部,,,执行层,下级,10019360,5,5,5,5,4,5,4,5,5,5,4,4,4,5,5,5,5,4,5,5,5,5,5,5,5,5,5,5,"1、专业能力强，遇到困难可以快速反应并制定正确的方案措施，思维清晰，考虑全面；
2、资源整合全面，事项落地执行快速，执行力超强，非常值得学习
3、团队管理细致，了解每个人的细致情况，合理安排工作，高效发挥每个人的能力，并针对各人的不足进行培训、学习加强","1、领导大局观强、责任心足，建议进一步深化统筹规划能力，做好工作前置布局与节点把控，提升整体计划性
2、务实担当、执行力突出，建议常态化组织工作复盘，沉淀流程经验，把个人优势转化为部门标准化工作规范",统筹能力突出，建议进一步细化目标拆解与节点管控，让工作推进更有节奏,5.2,32,8,,生产,生产工艺-PE,A
10009214,制造体系,总部交付中心,国内分工厂,涡阳工厂,制造部,,执行层,上级,10000294,5,5,5,5,5,4,4,4,5,4,4,4,5,4,4,5,5,5,5,4,4,5,5,4,4,5,4,5,"主动提升自身学历
主动学习公司相关流程制度
主动拓展与工作有关的知识",管理思路清晰，对于生产管理方面有一定的发展前景。,根据现有条件继续加强学习不断提升自身能力,9.4,31,7,2/2/2026,生产,制造管理,A
10009214,制造体系,总部交付中心,国内分工厂,涡阳工厂,制造部,,执行层,下级,10003806,,,,,,,,,,,,,,,,,,,,,,,,,,,,,,,,9.4,31,7,2/2/2026,生产,制造管理,A
10009214,制造体系,总部交付中心,国内分工厂,涡阳工厂,制造部,,执行层,下级,10017623,5,5,5,5,5,4,4,5,5,5,4,5,5,4,4,5,5,4,5,5,4,5,4,5,5,5,5,5,"1.行事风格果断并合理，处理效率高
2.建立部门良好工作氛围，推动同事间团结合作 齐心协力的工作氛围
3.公平、公正、公开对待工作各项事务，奖惩明确、合理
4.积极聆听下属及同事各项意见，对决策进行优化",暂无,暂无,9.4,31,7,2/2/2026,生产,制造管理,A
10009214,制造体系,总部交付中心,国内分工厂,涡阳工厂,制造部,,执行层,下级,10017627,5,5,5,5,5,5,4,4,5,5,4,5,5,3,5,4,4,4,5,5,5,4,5,4,5,4,4,4,能够很好改善两个车间管理人员的氛围,无,无,9.4,31,7,2/2/2026,生产,制造管理,A
10009214,制造体系,总部交付中心,国内分工厂,涡阳工厂,制造部,,执行层,下级,10022242,5,5,5,4,4,4,4,4,5,5,5,5,5,4,5,4,5,5,5,5,5,4,4,4,5,5,3,4,主动学习，积极参加公司活动,无,无,9.4,31,7,2/2/2026,生产,制造管理,A
10009214,制造体系,总部交付中心,国内分工厂,涡阳工厂,制造部,,执行层,下级,10022334,5,5,5,5,4,4,4,4,5,5,5,5,5,4,4,5,5,5,5,5,5,5,5,5,5,5,5,5,无,无,无,9.4,31,7,2/2/2026,生产,制造管理,A
10009214,制造体系,总部交付中心,国内分工厂,涡阳工厂,制造部,,执行层,下级,10027571,4,4,4,4,5,4,4,3,4,3,4,4,4,4,5,4,3,4,4,4,4,5,5,4,4,5,5,5,"给他人提出工作上的建议后，能讲解原因，且不干涉他人的实施方式，给予充分的尊重和支持。
培训课程互动环节开展的很好。",无,无,9.4,31,7,2/2/2026,生产,制造管理,A
10009214,制造体系,总部交付中心,国内分工厂,涡阳工厂,制造部,,执行层,下级,10031526,5,5,5,5,5,5,4,4,4,4,4,4,4,4,4,4,4,4,5,5,5,5,4,4,4,4,4,5,实事求是，精益求精,无,无,9.4,31,7,2/2/2026,生产,制造管理,A
10009214,制造体系,总部交付中心,国内分工厂,涡阳工厂,制造部,,执行层,协同方,10000673,3,3,2,4,3,3,2,4,3,2,3,3,,,,,,,,4,3,5,3,4,4,4,5,5,工作认真负责,多学习生产管理知识,/,9.4,31,7,2/2/2026,生产,制造管理,A
10009214,制造体系,总部交付中心,国内分工厂,涡阳工厂,制造部,,执行层,协同方,10000805,,,,,,,,,,,,,,,,,,,,,,,,,,,,,,,,9.4,31,7,2/2/2026,生产,制造管理,A
10009214,制造体系,总部交付中心,国内分工厂,涡阳工厂,制造部,,执行层,协同方,10011377,4,5,4,4,4,5,4,4,5,4,4,5,,,,,,,,5,4,5,5,5,5,5,4,5,暂无,暂无,暂无,9.4,31,7,2/2/2026,生产,制造管理,A
10009214,制造体系,总部交付中心,国内分工厂,涡阳工厂,制造部,,执行层,协同方,10013789,4,4,3,3,4,4,4,3,4,4,4,4,,,,,,,,4,4,4,5,5,4,5,2,5,沟通协同较好,增加工业工程专业知识学习提升,无,9.4,31,7,2/2/2026,生产,制造管理,A
10009214,制造体系,总部交付中心,国内分工厂,涡阳工厂,制造部,,执行层,协同方,10020662,4,5,5,4,5,4,4,5,4,5,5,4,,,,,,,,4,4,4,4,5,4,4,4,5,针对涡阳工厂遇到的问题会第一时间反馈异常并跟踪解决，体现出了良好的工作素养,大局观和全局意识有待加强,暂无,9.4,31,7,2/2/2026,生产,制造管理,A
10009214,制造体系,总部交付中心,国内分工厂,涡阳工厂,制造部,,执行层,协同方,10021384,4,4,5,5,5,4,4,4,5,4,5,4,,,,,,,,5,5,4,5,5,5,4,5,5,"1. 作为团队骨干，在季度任务冲刺阶段，张源凯主动承担额外工作量，连续两周加班协助同事完成数据核对，保障了团队目标达成，体现了强烈的责任心。
2. 跨部门协作中，他主动协调资源，在生产项目中推动研发部与技术部的沟通，解决了信息不对称问题，展现了出色的沟通协调能力。","可发展空间： 创新思维的拓展以及新技术/新工具的引入应用。
发展建议： 建议不要局限于现有的工作流程，多关注行业内的新趋势和工具，尝试提出优化现有流程的方案，通过技术手段提升团队整体的工作效率。
",暂无其他建议， 你的执行力很强，建议未来可以多思考个人职业规划的广度，尝试接触一些跨领域的知识，为未来的晋升做准备。,9.4,31,7,2/2/2026,生产,制造管理,A
10009214,制造体系,总部交付中心,国内分工厂,涡阳工厂,制造部,,执行层,协同方,10028246,4,4,4,3,5,4,4,4,5,4,5,4,,,,,,,,5,5,5,4,5,5,5,5,5,能够及时认识到管理层面的缺陷并加以改正；对下属的工作会给予肯定，发现问题也会积极去帮助下属扭转思想增强管理能力；,关于培训方面需要加强力度，针对下属的管理方式方法需要系统性针对性的培训；集体培训课程较少，要加强文化输出，增强员工归属感；,暂无,9.4,31,7,2/2/2026,生产,制造管理,A
10009214,制造体系,总部交付中心,国内分工厂,涡阳工厂,制造部,,执行层,自己,10009214,5,5,5,5,5,5,5,5,5,5,5,5,5,5,5,5,5,5,5,5,5,5,5,5,5,5,5,5,愿意主动学习新业务、新流程，遇到问题善于复盘总结，持续改进工作方法，成长进步速度快。善于跨部门对接配合，待人谦和有耐心，乐于分享工作经验，能带动团队氛围、互帮互助。,日常工作中多复盘现有流程，主动思考简化、提效的方式，多借鉴优秀同事的工作方法，大胆提出改进想法，不局限于按部就班完成本职工作。,无,9.4,31,7,2/2/2026,生产,制造管理,A
10016018,制造体系,制造技术中心,工艺,AIDC及充电工艺部,,,执行层,下级,10016821,4,5,5,4,5,5,5,5,5,5,5,5,5,5,5,4,5,5,5,5,5,5,5,5,5,5,5,5,1）及时主动协调内外部资源，解决难点、痛点 2）以结果为导向，帮助内外部客户解决问题，确保产品客户满意,无,无,5.2,32,8,,生产,生产工艺-PE,A
10016018,制造体系,制造技术中心,工艺,AIDC及充电工艺部,,,执行层,下级,10012136,5,5,5,4,4,4,4,4,5,5,4,4,4,5,5,4,4,4,4,4,5,5,4,4,5,4,5,5,属于行动派，做事不唯理论、不迷信数据，以实际成果为导向，务实落地，执行力强，更看重实际落地价值，处事务实理性。,无,无,5.2,32,8,,生产,生产工艺-PE,A
10016018,制造体系,制造技术中心,工艺,AIDC及充电工艺部,,,执行层,上级,10003156,5,5,4,4,5,4,3,4,5,5,4,5,4,5,5,5,5,4,5,4,4,5,4,5,4,5,5,5,"1，深入业务一线，能够真正前置到研发设计阶段；
2，给团队充分的授权，给管理梯队成长的空间。","1，工艺作为生产代表要持续建立自己的系统思维，统筹产品转产过程中的技术问题；
2，要建设自身的工艺影响力，进一步增强跨部门融合，在前端和后端体现工艺的专业能力。",从业务整体去考虑问题，锻炼自己的大局观。,5.2,32,8,,生产,生产工艺-PE,A
10015954,光储集团,营销体系,欧洲大区,销售运营部,,,执行层,自己,10015954,4,5,4,4,4,4,5,5,5,4,5,4,5,5,5,4,5,4,4,4,5,5,4,5,5,5,5,5,有业务全局观，高效拆解战略目标和执行力，以及跨文化沟通能力,提高影响力，更快速推动跨部门协同落地,避免完美主义，提高灰度意识,5.2,43,8,,营销,销售运营,A
10015954,光储集团,营销体系,欧洲大区,销售运营部,,,执行层,协同方,10043707,4,4,4,4,4,4,4,4,4,4,4,4,,,,,,,,4,4,4,4,4,4,4,4,4,Na,Na,Na,5.2,43,8,,营销,销售运营,A
10015954,光储集团,营销体系,欧洲大区,销售运营部,,,执行层,协同方,10040535,,,,,,,,,,,,,,,,,,,,,,,,,,,,,,,,5.2,43,8,,营销,销售运营,A
10015954,光储集团,营销体系,欧洲大区,销售运营部,,,执行层,协同方,10031684,,,,,,,,,,,,,,,,,,,,,,,,,,,,,,,,5.2,43,8,,营销,销售运营,A
10015954,光储集团,营销体系,欧洲大区,销售运营部,,,执行层,协同方,10024939,3,4,4,3,3,4,5,4,3,3,4,2,,,,,,,,4,4,4,4,3,2,4,4,4,NA,NA,NA,5.2,43,8,,营销,销售运营,A
10015954,光储集团,营销体系,欧洲大区,销售运营部,,,执行层,协同方,10017380,5,4,4,4,4,4,3,4,4,4,4,5,,,,,,,,5,5,5,4,5,5,5,5,4,专业，价值观正，领导力强,一线产品赋能,无,5.2,43,8,,营销,销售运营,A
10015954,光储集团,营销体系,欧洲大区,销售运营部,,,执行层,协同方,10015667,5,4,4,4,4,5,5,5,5,4,4,4,,,,,,,,5,4,5,5,5,5,5,3,5,great job,she need to push for resources ,N/A,5.2,43,8,,营销,销售运营,A
10015954,光储集团,营销体系,欧洲大区,销售运营部,,,执行层,协同方,10014933,4,4,4,3,3,3,3,3,3,4,4,4,,,,,,,,4,4,4,4,4,4,5,3,4,认真严谨，对公司忠诚度高,有机会亲自做一些业务，更懂销售侧的思路,有机会亲自做一些业务，更懂销售侧的思路,5.2,43,8,,营销,销售运营,A
10015954,光储集团,营销体系,欧洲大区,销售运营部,,,执行层,协同方,10013582,3,3,3,2,2,1,1,2,1,1,2,2,,,,,,,,2,3,1,1,1,1,2,1,1,No positive comments,Too many areas for improvement,No comments,5.2,43,8,,营销,销售运营,A
10015954,光储集团,营销体系,欧洲大区,销售运营部,,,执行层,协同方,10009767,3,5,5,4,4,4,5,5,5,5,5,3,,,,,,,,5,4,4,5,4,4,5,5,5,无,无,无,5.2,43,8,,营销,销售运营,A
10015954,光储集团,营销体系,欧洲大区,销售运营部,,,执行层,协同方,10009470,4,4,4,4,4,5,5,4,4,5,5,5,,,,,,,,5,4,5,4,4,5,5,4,5,"Smart solutions in operations, always trying to find solutions",Work closely with regional management and work with her medium management so that they better understand the local markets,"Improved exponentially during the last years, we need to work in the CRM is key, losing opportunities",5.2,43,8,,营销,销售运营,A
10015954,光储集团,营销体系,欧洲大区,销售运营部,,,执行层,协同方,10009084,4,4,5,4,4,5,3,3,5,5,4,3,,,,,,,,5,4,4,3,4,4,4,3,5,very structured and hard working,Sales Operations team could be more diverse,-,5.2,43,8,,营销,销售运营,A
10015954,光储集团,营销体系,欧洲大区,销售运营部,,,执行层,协同方,10007913,4,4,4,4,4,3,5,3,4,4,4,4,,,,,,,,4,4,5,4,5,4,5,4,5,客户思维,组织发展,无,5.2,43,8,,营销,销售运营,A
10015954,光储集团,营销体系,欧洲大区,销售运营部,,,执行层,下级,10044387,5,5,4,5,5,4,5,5,5,5,5,5,4,5,3,3,4,4,3,4,4,5,5,5,5,4,5,5,1. clear and structured way of business strategy and support sales deparement for achieving its goals; 2. solution-oriented mind set; ,"1. Transparency and support in personal achievement: management of each team members; 2. Cross departments cooperation, workshops, not only on a management level, but also for whole team. Lack of communication with finance, marketing team. To enhance the cooperation, we may need to know the stakeholders better. ",No. ,5.2,43,8,,营销,销售运营,A
10015954,光储集团,营销体系,欧洲大区,销售运营部,,,执行层,下级,10040529,4,5,5,5,5,5,5,4,4,5,5,4,5,5,5,3,5,5,4,5,5,5,4,5,5,4,4,5,"1. Problem-solving & responsibility：In the face of complex business difficulties and unexpected challenges, she can make decisive judgments and put forward effective solutions. she takes the lead in taking responsibility, sets a good example for the whole team.

2.Efficient execution & result-oriented mindset: SHe always adheres to a result-oriented work style, focuses on details and progress control, promotes the landing of various key tasks with high standards and high efficiency, and sets a benchmark for work execution.","Properly increase work authorization, fully empower team members, and focus more on macro management and strategic guidance.",create more learning and growth opportunities for staff.,5.2,43,8,,营销,销售运营,A
10015954,光储集团,营销体系,欧洲大区,销售运营部,,,执行层,下级,10031304,5,4,5,5,4,4,4,5,5,5,4,5,5,5,4,4,3,4,3,4,4,5,3,4,3,5,4,4,"1. Lead by example and take action personally.
2. Empower the team with trust and autonomy, and provide full support when needed.","1. Occasional recognition of team members’ achievements could further enhance motivation and engagement.
2. More visibility into career development considerations would help employees better understand their growth path.",Timely communication in situations where expectations may not be fully met would be helpful.,5.2,43,8,,营销,销售运营,A
10015954,光储集团,营销体系,欧洲大区,销售运营部,,,执行层,下级,10030369,,,,,,,,,,,,,,,,,,,,,,,,,,,,,,,,5.2,43,8,,营销,销售运营,A
10015954,光储集团,营销体系,欧洲大区,销售运营部,,,执行层,下级,10030081,,,,,,,,,,,,,,,,,,,,,,,,,,,,,,,,5.2,43,8,,营销,销售运营,A
10015954,光储集团,营销体系,欧洲大区,销售运营部,,,执行层,下级,10022321,5,5,5,5,5,5,5,4,5,4,5,5,5,5,4,5,4,5,4,5,4,5,4,5,5,5,5,5,"Very dynamic in the way of working， care about the employee and  clear about company goals, very good leader . ",More focus on Growth of the team ,"She is great team leader,  Maybe can focus more on herself, and reduced a little bit working hours：）",5.2,43,8,,营销,销售运营,A
10015954,光储集团,营销体系,欧洲大区,销售运营部,,,执行层,下级,10020205,4,5,5,5,5,5,4,4,4,4,4,3,4,5,4,4,5,4,4,4,4,4,5,4,4,4,3,4,"Reward the team members in all aspects, make the team feel accountable, motivated and active member of the company.",There is always room to recognize even further the background efforts even the ones that are not visible on daily basis. ,"Very good professional and leader, makes the work experience feel worthy.",5.2,43,8,,营销,销售运营,A
10015954,光储集团,营销体系,欧洲大区,销售运营部,,,执行层,下级,10016384,5,5,5,4,5,5,5,5,5,5,5,5,5,5,5,4,5,4,5,4,5,4,5,5,4,5,5,5,"Clear task assignment with solution-oriented guidance
When assigning tasks, Dandan is clear about expectations and scope, and she often provides practical suggestions or directions on how to approach the problem. This helps improve execution efficiency and reduces unnecessary back-and-forth.


Strong people awareness and employee care
In day-to-day collaboration, she pays attention to team members’ workload and well-being, and shows genuine care for people. This contributes positively to team trust, stability, and engagement.","With the continuous increase in business volume, the order team has effectively become a central hub in the end-to-end business process, taking on not only order execution but also critical responsibilities such as risk monitoring and credit control.
However, the available resources are far from sufficient compared to the level of responsibility and task load. As a result, the team is under sustained high pressure, facing the reality of “too many responsibilities and too limited capacity”.
If this situation continues, there may be risks to control quality, sustainability of operations, and long-term team stability.","From a management and organizational perspective, it would be helpful to re-evaluate the role, responsibility boundaries, priorities, and resource allocation of the order team, especially given its hub function in the overall process.
It may also be worth exploring process optimization, clearer role separation, system support, or redistribution of control tasks, to avoid excessive pressure being concentrated on a single team or function.",5.2,43,8,,营销,销售运营,A
10015954,光储集团,营销体系,欧洲大区,销售运营部,,,执行层,上级,10001610,5,5,5,5,4,5,5,4,5,5,5,5,5,5,5,5,5,4,5,5,5,5,5,5,5,5,5,5,沟通能力强，能很好的落地运营举措,进一步提高领导力和大局观，确保业务持续健康发展,无,5.2,43,8,,营销,销售运营,A
10015954,光储集团,营销体系,欧洲大区,销售运营部,,,执行层,上级,10000751,5,5,5,5,5,5,5,4,5,5,4,5,5,4,4,4,4,4,5,5,5,5,5,5,5,5,5,5,细致严谨，合规意识强,提升产品相关知识,无,5.2,43,8,,营销,销售运营,A
10015940,光储集团,充电事业部,产品中心,产品质量部,标准与认证组,,执行层,自己,10015940,4,5,4,4,5,5,5,4,4,5,5,4,5,4,4,5,5,5,5,4,5,5,5,4,5,5,5,5,严谨，务实，包容。,多学习管理思维。,继续努力，会持续变好。,5.2,37,3,,产品与研发,标准及认证,A
10009294,光储集团,营销体系,直销经营中心,国内直销,国内经营策略部,国内行销部,执行层,上级,10009508,3,3,3,3,4,4,3,3,4,5,4,5,4,3,3,5,4,4,5,4,5,5,5,4,4,5,5,5,"1、责任心强，区域出现难题、紧急任务时主动兜底，从不推诿扯皮。
2、兼顾业务拓展与现场技术支持，任劳任怨，表率作用明显。",1、创新思维不足，习惯于沿用固有工作模式。建议：借鉴其他优秀区域玩法，尝试优化拓客与服务模式。,多一些创新与变动,9.3,37,4,,营销,营销策略,B+
10009294,光储集团,营销体系,直销经营中心,国内直销,国内经营策略部,国内行销部,执行层,下级,10020169,5,4,5,5,4,5,4,3,4,5,4,4,4,3,4,5,4,3,3,4,4,4,5,4,3,4,5,4,"1、责任心重，能主动承担困难的事情；
2、可及时发现并有效调节下属心态。",暂未,暂无,9.3,37,4,,营销,营销策略,B+
10009294,光储集团,营销体系,直销经营中心,国内直销,国内经营策略部,国内行销部,执行层,下级,10021580,4,4,5,4,4,5,3,4,3,4,5,4,3,3,4,4,4,5,4,4,4,5,4,5,5,4,4,5,客观真诚，做事一丝不苟，兢兢业业,/,无,9.3,37,4,,营销,营销策略,B+
10009294,光储集团,营销体系,直销经营中心,国内直销,国内经营策略部,国内行销部,执行层,下级,10027628,,,,,,,,,,,,,,,,,,,,,,,,,,,,,,,,9.3,37,4,,营销,营销策略,B+
10009294,光储集团,营销体系,直销经营中心,国内直销,国内经营策略部,国内行销部,执行层,下级,10029778,5,5,5,4,4,5,4,4,4,5,4,4,4,4,4,5,5,4,5,4,4,4,4,4,5,5,5,4,团队分工明确，问题会一起针对性去解决,技术能力持续深度挖掘，具备更高的广度与宽度,无,9.3,37,4,,营销,营销策略,B+
10009294,光储集团,营销体系,直销经营中心,国内直销,国内经营策略部,国内行销部,执行层,下级,10032409,5,5,5,5,5,5,5,5,5,5,5,5,5,5,5,5,5,5,5,5,5,5,5,5,5,5,5,5,"1.以客户需求为中心，面对客户需求，积极组织交流，通过技术和产品为客户创造价值，实现共赢。
2.技术上保持严谨与精益求精态度，技术方案严格按照公司流程评审，及时跟进落地情况，不断推动结果达成。
3.对员工表现给予及时反馈，表扬优秀与进步，对于不足之处提供合理的改进建议，严谨地分析能力短板，帮助员工寻找提升路径。",无,无,9.3,37,4,,营销,营销策略,B+
10009294,光储集团,营销体系,直销经营中心,国内直销,国内经营策略部,国内行销部,执行层,协同方,10000546,4,4,5,4,5,4,4,4,3,5,4,4,,,,,,,,4,4,5,4,4,5,5,5,5,"在国电电力上海庙项目中，作为总包方的技术人员积极沟通总包及设计院，为项目的赢单提供各种支持；
在广西贵港的建模过程中，主动承担项目地的电科院沟通工作，为我们完成项目的建模工作提供帮助。",当前国内在售产品较多，需要更多的了解各类产品的技术性能，保持技术实力派形象。,需要多和其他区域互动，互通有无。,9.3,37,4,,营销,营销策略,B+
10009294,光储集团,营销体系,直销经营中心,国内直销,国内经营策略部,国内行销部,执行层,协同方,10007906,4,3,4,3,4,4,2,3,4,5,5,5,,,,,,,,5,4,4,4,4,5,5,5,5,积极协作，团队意识良好；主动学习，持续精进提升,增加创新思维与优化意识,无,9.3,37,4,,营销,营销策略,B+
10009294,光储集团,营销体系,直销经营中心,国内直销,国内经营策略部,国内行销部,执行层,协同方,10008004,4,5,4,5,4,5,4,5,4,5,4,5,,,,,,,,5,4,5,5,4,4,5,4,5,做事认真负责，不推诿、不甩锅，对自己的工作结果负责,"在处理更复杂、跨领域的业务问题时，经验和思路仍有提升空间。
",无,9.3,37,4,,营销,营销策略,B+
10009294,光储集团,营销体系,直销经营中心,国内直销,国内经营策略部,国内行销部,执行层,协同方,10009295,,,,,,,,,,,,,,,,,,,,,,,,,,,,,,,,9.3,37,4,,营销,营销策略,B+
10009294,光储集团,营销体系,直销经营中心,国内直销,国内经营策略部,国内行销部,执行层,协同方,10012376,4,5,4,5,4,4,5,4,5,5,5,5,,,,,,,,5,5,4,5,5,5,5,5,5,对待工作勤恳踏实，执行力突出,建议持续深耕专业知识，进一步提升综合统筹能力。,暂无,9.3,37,4,,营销,营销策略,B+
10009294,光储集团,营销体系,直销经营中心,国内直销,国内经营策略部,国内行销部,执行层,协同方,10017582,5,5,5,4,4,5,3,4,5,5,5,5,,,,,,,,5,4,5,4,5,4,4,4,4,对方技术能力突出，能够精准理解业务诉求，定制化方案落地效果良好。对接人员专业耐心，主动跟进项目进展,推进新项目/新任务时，可提前做好风险预判与预案，增强兜底能力。,无,9.3,37,4,,营销,营销策略,B+
10009294,光储集团,营销体系,直销经营中心,国内直销,国内经营策略部,国内行销部,执行层,协同方,10022318,5,5,4,5,4,5,5,5,4,5,5,5,,,,,,,,5,4,5,5,5,5,5,4,5,客户公关能力强，电网关系维护较好。,无,无,9.3,37,4,,营销,营销策略,B+
10009294,光储集团,营销体系,直销经营中心,国内直销,国内经营策略部,国内行销部,执行层,自己,10009294,5,5,5,5,4,4,4,4,4,5,5,5,4,4,5,5,5,5,5,5,4,4,4,5,5,5,5,5,对待业务积极主动，能够快速响应业务需要进行工安排。,继续提升涉外项目对接经验，洞察区域业务需求及变化针对性的开展业务。,无,9.3,37,4,,营销,营销策略,B+
10009345,制造体系,亚太工厂,泰国公司,品管,,,执行层,上级,10001464,4,4,4,4,4,4,5,5,4,5,5,5,5,4,5,4,4,4,5,4,5,5,4,4,5,5,5,5,包容积极,多实践，多执行,无,9.3,34,17,,质量,质量控制(QE)-制程QE,B+
10009345,制造体系,亚太工厂,泰国公司,品管,,,执行层,下级,10001548,4,4,5,4,5,5,5,5,4,4,5,5,4,4,5,5,5,5,5,4,5,5,4,5,5,5,5,5,以身作则，为团队抗下责任；主动培养下属。,增加跨部门对话；便于跨部门协同。,可以每季度与直接下属安排一次单独成长对话。,9.3,34,17,,质量,质量控制(QE)-制程QE,B+
10009345,制造体系,亚太工厂,泰国公司,品管,,,执行层,下级,10005763,4,4,3,3,3,2,4,3,2,3,3,4,3,4,4,3,4,4,4,3,4,3,4,4,4,5,5,5,说话条理清晰，对文件内容较为了解。恪守合规，以及底线思维。,落实细节方面不够深入，方向是没有问题，流程上也没有问题，为什么执行起来落实不下去？对底层缺少逻辑，落地方案欠缺，过程缺少实施纠偏，强压结果。或者培养可承上启下的中层。,建议多去亲身经历，多去和底层探讨。他没有执行，有他的道理，不管道理对错，先试着在他的立场理解，在去想办法逐步改变。,9.3,34,17,,质量,质量控制(QE)-制程QE,B+
10009345,制造体系,亚太工厂,泰国公司,品管,,,执行层,下级,10012259,5,5,5,3,3,2,4,3,3,4,5,5,5,2,3,3,3,4,5,4,1,2,3,3,4,3,4,4,"They have given freedom to work, but for some questions, they do not reply on time.",NO FEEDBACK,NO FEEDBACK,9.3,34,17,,质量,质量控制(QE)-制程QE,B+
10009345,制造体系,亚太工厂,泰国公司,品管,,,执行层,下级,10018871,5,5,4,5,4,4,4,4,4,5,5,5,3,3,4,4,4,3,4,4,4,4,3,4,4,3,4,3,"He demonstrates strong leadership, shows respect for others in the workplace, and effectively aligns work planning with the company’s policies.","There is an opportunity to strengthen follow-up on tasks and improve the dissemination of updates communicated by senior management, as the information may not consistently reach all levels of the organization or be shared comprehensively.","It would be beneficial to hold regular departmental meetings each quarter to communicate KPI performance, provide updates on ongoing projects, and share key messages, ensuring that all team members are well informed and aligned.",9.3,34,17,,质量,质量控制(QE)-制程QE,B+
10009345,制造体系,亚太工厂,泰国公司,品管,,,执行层,下级,10027503,5,5,4,5,5,5,5,5,4,5,5,5,5,5,5,5,4,5,5,4,5,5,5,5,4,5,5,5,"1、战略落地能力强：
能够基于年度战略规划进行系统性思考，清晰梳理本部门的发展策略与关键工作重点，并进一步拆解为阶段性目标和具体可执行计划，确保战略有效落地与持续推进
2、人员管理与辅导能力突出：重视员工成长与团队氛围建设，能够对员工表现进行及时、客观的反馈；对优秀表现给予认可与激励，对存在不足之处提出针对性改进建议，形成良性沟通机制，持续提升团队整体绩效与能力水平。","在与泰国同事的日常沟通中，受语言能力限制，信息传递的效率和准确性有一定影响。
建议： 建议加强泰语学习，优先提升工作场景中的常用表达能力；同时在关键沟通中可结合双语工具或书面确认，确保信息传递准确，逐步提升跨文化沟通效率；",暂无,9.3,34,17,,质量,质量控制(QE)-制程QE,B+
10009345,制造体系,亚太工厂,泰国公司,品管,,,执行层,下级,10044725,,,,,,,,,,,,,,,,,,,,,,,,,,,,,,,,9.3,34,17,,质量,质量控制(QE)-制程QE,B+
10009345,制造体系,亚太工厂,泰国公司,品管,,,执行层,下级,10047336,4,4,5,4,4,3,4,4,5,5,5,4,4,4,5,5,5,4,5,4,5,5,5,5,4,5,4,4,I provide suggestion team for proactive of preventive action before problem occur. & Suggestion Solution for fix the problem in process.,Improve manpower in process inspection of check BESS battery & PCBA & Inverter.,Follow KPI of quality,9.3,34,17,,质量,质量控制(QE)-制程QE,B+
10009345,制造体系,亚太工厂,泰国公司,品管,,,执行层,协同方,10000717,3,4,4,4,4,4,5,5,4,4,5,5,,,,,,,,4,4,4,4,4,5,4,5,5,有很好的语言沟通能力，分析问题逻辑思维很好,内部团队能力建设需要加强,无,9.3,34,17,,质量,质量控制(QE)-制程QE,B+
10009345,制造体系,亚太工厂,泰国公司,品管,,,执行层,协同方,10000914,3,4,3,3,4,3,5,4,3,5,4,3,,,,,,,,3,4,5,4,5,4,4,5,5,愿意与业务一起正视问题与困难，进行优化改进,暂无,"暂无
",9.3,34,17,,质量,质量控制(QE)-制程QE,B+
10009345,制造体系,亚太工厂,泰国公司,品管,,,执行层,协同方,10006060,3,3,2,2,2,2,3,3,2,2,3,3,,,,,,,,2,2,3,3,4,3,4,4,4,生活中很好的朋友,改善工作方法，跳出 “完成任务” 的思维，主动思考工作背后的目标与价值，定期梳理工作中的痛点与改进点，主动向团队提出优化建议，培养主人翁意识。,多到总部学习质量知识,9.3,34,17,,质量,质量控制(QE)-制程QE,B+
10009345,制造体系,亚太工厂,泰国公司,品管,,,执行层,协同方,10007225,4,5,4,3,4,4,4,4,3,5,5,4,,,,,,,,4,3,3,3,4,3,5,4,5,"1、表达能力强，能够将管理想法很好的做传递；
2、沟通能力强，能够了解各业务单元的需求；","1、做质量要深入现场，把质量的颗粒度做的再细一些；
2、要经常稽核下属的工作，确保下属工作能保质保量完成；",暂无；,9.3,34,17,,质量,质量控制(QE)-制程QE,B+
10009345,制造体系,亚太工厂,泰国公司,品管,,,执行层,协同方,10011385,3,4,4,3,4,3,4,4,5,3,3,3,,,,,,,,4,4,5,5,4,5,4,3,4,能主动反馈检验风险点，提前规避质量问题,定期同步质检共性问题,/,9.3,34,17,,质量,质量控制(QE)-制程QE,B+
10009345,制造体系,亚太工厂,泰国公司,品管,,,执行层,协同方,10012089,3,3,3,4,4,4,4,4,4,4,4,4,,,,,,,,4,4,4,4,4,4,4,4,4,理论知识扎实,落地执行能跟上,无,9.3,34,17,,质量,质量控制(QE)-制程QE,B+
10009345,制造体系,亚太工厂,泰国公司,品管,,,执行层,协同方,10014629,4,5,4,5,4,5,5,5,5,4,4,4,,,,,,,,4,5,5,5,4,5,5,5,5,"1.专业度很高，应对FAT，厂审时展现出出色的沟通技巧及专业能力
2.思考问题比较全面，有品管的体系思维",1.日常预防能力较弱，导致产品多次返工，需要提高相关体系建设能力,暂无,9.3,34,17,,质量,质量控制(QE)-制程QE,B+
10009345,制造体系,亚太工厂,泰国公司,品管,,,执行层,协同方,10015545,3,2,2,2,2,3,2,3,3,4,4,3,,,,,,,,3,2,2,3,2,2,5,3,5,"1.整合资料，向外汇报逻辑思维较强
2.对外审核对接比较细心","1.责任心需要加强
2.多到现场观察，多以眼见为实",把工作当做自己的事情来干,9.3,34,17,,质量,质量控制(QE)-制程QE,B+
10009345,制造体系,亚太工厂,泰国公司,品管,,,执行层,协同方,10026778,3,4,3,4,4,4,5,4,4,4,4,4,,,,,,,,3,3,4,3,5,4,4,5,5,报告突出，分析全面，具有较强的条理性。,团队整体执行力和纪律性有待进一步加强。,没有,9.3,34,17,,质量,质量控制(QE)-制程QE,B+
10009345,制造体系,亚太工厂,泰国公司,品管,,,执行层,协同方,10029724,5,5,5,5,5,5,4,4,3,5,5,5,,,,,,,,4,4,5,3,4,3,4,4,4,理论知识扎实,无,无,9.3,34,17,,质量,质量控制(QE)-制程QE,B+
10009345,制造体系,亚太工厂,泰国公司,品管,,,执行层,协同方,10040212,3,4,4,3,4,4,3,3,4,3,4,3,,,,,,,,2,3,4,3,5,5,3,5,5,"1.表达能力强
2.英文沟通不错","1. 深入一线解决问题的习惯待提高、
2. 情绪管理及开放心态带提高",无,9.3,34,17,,质量,质量控制(QE)-制程QE,B+
10009345,制造体系,亚太工厂,泰国公司,品管,,,执行层,自己,10009345,5,5,4,4,3,5,5,5,5,5,5,5,3,4,5,5,5,4,4,4,5,5,4,5,5,5,5,5,"1、具有包容的心态应对跨文化管理带来的机遇与挑战
2、积极拓展国际化视野，主动融入海外本地文化
3、良好的沟通能力，适应海外工厂业务需求，努力开展自我提升","1、大局观与战略思维不足，提高个人认知水平，适应更高层次发展需求
2、质量管理方法落地执行力不足，理论结合实践做出更有效的管理决策",提高外语能力，明确职业发展路径，深耕专业技能,9.3,34,17,,质量,质量控制(QE)-制程QE,B+
10015940,光储集团,充电事业部,产品中心,产品质量部,标准与认证组,,执行层,协同方,10044106,3,3,4,3,3,4,4,3,3,4,4,4,,,,,,,,4,4,4,3,3,4,3,3,4,专业能力不错，合作共赢，团队精神不错,暂无,暂无,5.2,37,3,,产品与研发,标准及认证,A
10015940,光储集团,充电事业部,产品中心,产品质量部,标准与认证组,,执行层,协同方,10036170,5,5,5,5,5,4,5,4,5,5,4,4,,,,,,,,5,5,4,4,4,5,4,5,5,时刻关注行业发展、标准资讯，快速分析风险及收益，反馈产品及开发团队提前相应,无,认证与机器最终状态不符，需要加强管控,5.2,37,3,,产品与研发,标准及认证,A
10015940,光储集团,充电事业部,产品中心,产品质量部,标准与认证组,,执行层,协同方,10029638,3,4,3,3,4,4,4,5,4,4,4,3,,,,,,,,3,4,5,5,4,4,5,5,5,"高道德高线，严守纪律底线
超强“合规”意识，带头践行合规文化，将合规理念贯穿于日常经营行动的每一个环节","需在业务中识别风险点和挖掘业务增长的机会点，认证规划需加强
主动识别和记录业务管理中遇到的问题和挑战，提前知会和规避风险",认证合规工作需提前规划，识别风险，和定时通报,5.2,37,3,,产品与研发,标准及认证,A
10015940,光储集团,充电事业部,产品中心,产品质量部,标准与认证组,,执行层,协同方,10027134,,,,,,,,,,,,,,,,,,,,,,,,,,,,,,,,5.2,37,3,,产品与研发,标准及认证,A
10015940,光储集团,充电事业部,产品中心,产品质量部,标准与认证组,,执行层,协同方,10026770,4,4,3,3,3,4,5,4,4,3,3,3,,,,,,,,4,3,4,3,2,4,5,5,5,暂无,1、应关注提前识别的事项落地,暂无,5.2,37,3,,产品与研发,标准及认证,A
10015940,光储集团,充电事业部,产品中心,产品质量部,标准与认证组,,执行层,协同方,10014051,1,1,2,1,2,1,2,1,2,1,3,1,,,,,,,,1,2,5,5,5,1,5,1,5,专业程度很强,需要和事业部发展往一个方向努力，不能只考虑个人得失,需要多承担更多的职责,5.2,37,3,,产品与研发,标准及认证,A
10015940,光储集团,充电事业部,产品中心,产品质量部,标准与认证组,,执行层,协同方,10013957,4,4,4,4,4,5,5,4,4,4,4,4,,,,,,,,5,4,5,5,5,4,4,4,5,工作认真，自驱能力强，执行效率高,拓展视野，换位思考，了解研发过程中的问题，学习了解相关技术实现过程,无,5.2,37,3,,产品与研发,标准及认证,A
10015940,光储集团,充电事业部,产品中心,产品质量部,标准与认证组,,执行层,协同方,10013919,3,3,3,4,3,4,4,4,2,4,4,3,,,,,,,,4,4,4,3,3,4,4,4,4,外部标准合作和沟通,NA,NA,5.2,37,3,,产品与研发,标准及认证,A
10015940,光储集团,充电事业部,产品中心,产品质量部,标准与认证组,,执行层,协同方,10013911,4,4,3,4,4,4,4,4,4,4,4,4,,,,,,,,4,4,4,4,2,2,4,4,4,对于标准认证比较主动。,可加强与各部门同事的沟通，解读新旧标准差异,可加强与各部门同事的沟通，改善沟通技巧，加强各部门的团结,5.2,37,3,,产品与研发,标准及认证,A
10015940,光储集团,充电事业部,产品中心,产品质量部,标准与认证组,,执行层,协同方,10002260,4,5,5,5,4,4,4,4,4,4,5,5,,,,,,,,4,4,5,4,4,5,4,4,5,对本领域的严谨和专业。实事求是，严把产品合规。,无。,无。,5.2,37,3,,产品与研发,标准及认证,A
10015940,光储集团,充电事业部,产品中心,产品质量部,标准与认证组,,执行层,下级,10026753,5,4,5,5,4,5,5,5,5,4,5,5,4,5,4,5,5,5,4,5,4,5,4,5,5,4,5,5,"1、当欧洲替代燃料法规草案出来后，立即将这个法规草案的影响输出给项目组，做提前部署。
2、当欧洲网络安全法规将在2025年执行时，提前一年将这个法规要求输出给研发，并积极组织相关技术培训。","1、领导力。
2、协调力。",做事有自己的想法和思路，对组员有很大的借鉴，希望可以分享给大家。,5.2,37,3,,产品与研发,标准及认证,A
10015940,光储集团,充电事业部,产品中心,产品质量部,标准与认证组,,执行层,下级,10021098,4,5,4,4,3,3,5,4,5,5,4,5,4,3,5,5,5,5,5,4,4,4,5,5,5,4,5,5,"1、遇到问题，能够一直保持乐观的心态，相信问题能被顺利解决
2、可以看到每个人身上不同的闪光点
3、不论是面向上级、平级还是下属，都不会对人恶语相向","可发展空间1--在团队知识管理和沉淀上，可以更有意识地推动隐性经验显性化：团队中大量宝贵的实战经验、踩坑心得和优质方法存于个体脑中，缺少系统沉淀和复用的习惯。
具体发展建议：
1）鼓励并示范“做完即沉淀”：每完成一个阶段或项目，带头用一页纸简要记录“关键决策、踩过的坑、可复用的做法”，存入团队共享空间，并公开表达这对你本人的价值，带动团队模仿。
2）把知识贡献纳入认可范围：当有人在群里分享了有用的复盘、工具或经验时，在周会上点名感谢，并简单说明这条经验帮到谁解决了什么问题，让大家看见沉淀的真实价值。
可发展空间2--提升给负面反馈时的“行为-影响-期待”结构化表达
具体建议：当需要指出团队成员错误时，建议使用固定句式：“我观察到……（具体行为），这导致了……（对项目/团队的影响），我希望接下来……（可执行的改进动作）”。",不要反复劝人找对象,5.2,37,3,,产品与研发,标准及认证,A
10015940,光储集团,充电事业部,产品中心,产品质量部,标准与认证组,,执行层,下级,10016358,5,5,5,5,5,5,5,5,5,5,5,5,5,5,5,5,5,5,5,5,5,5,5,5,5,5,5,5,"1.工作态度非常认真、刻苦努力，做事严谨
2.对待下属温和，为下属提供各自学习的机会。",暂无,暂无,5.2,37,3,,产品与研发,标准及认证,A
10015940,光储集团,充电事业部,产品中心,产品质量部,标准与认证组,,执行层,上级,10025368,3,4,4,4,4,4,3,4,4,4,3,5,3,3,4,4,4,3,5,4,3,4,5,4,4,5,4,5,"1. 追求卓越
2. 积极主动沟通，协同内外部达成一致目标，并制定行动计划","1. 需要对于产品和技术有更深入的理解，能最终帮助产品提升竞争力
2. 对认证目标的达成有更坚定的要求，并敢于对相关方提出明确要求",无,5.2,37,3,,产品与研发,标准及认证,A
10015649,光储集团,储能事业部,储能变流产品线,储能变流研发中心,结构部,,执行层,自己,10015649,5,5,5,4,5,5,4,4,4,4,4,3,3,3,5,5,5,5,4,4,5,5,5,4,4,4,5,5,"1、坚持业务优先，结果导向
2、能够顾全大局","1、经营思维、客户思维需要提升
2、表达、逻辑思维需要加强",无,5.3,38,7,,产品与研发,材料,A
10015649,光储集团,储能事业部,储能变流产品线,储能变流研发中心,结构部,,执行层,协同方,10041706,3,4,4,3,3,2,3,2,4,5,5,4,,,,,,,,3,5,5,4,3,3,3,2,5,1、主动学习；2、逻辑能力强,/,/,5.3,38,7,,产品与研发,材料,A
10015649,光储集团,储能事业部,储能变流产品线,储能变流研发中心,结构部,,执行层,协同方,10036980,4,4,4,3,3,3,3,4,4,3,4,4,,,,,,,,4,4,4,4,4,4,4,4,4,无,无,无,5.3,38,7,,产品与研发,材料,A
10015649,光储集团,储能事业部,储能变流产品线,储能变流研发中心,结构部,,执行层,协同方,10035186,3,4,4,4,4,4,3,3,4,3,4,4,,,,,,,,4,4,5,4,4,3,5,5,5,无,无,无,5.3,38,7,,产品与研发,材料,A
10015649,光储集团,储能事业部,储能变流产品线,储能变流研发中心,结构部,,执行层,协同方,10011749,4,5,4,5,3,5,5,4,5,4,5,5,,,,,,,,4,4,4,5,5,5,5,5,5,对质量高度负责，最开发交付物标准严格要求。,提升智能化认知和水平,无,5.3,38,7,,产品与研发,材料,A
10015649,光储集团,储能事业部,储能变流产品线,储能变流研发中心,结构部,,执行层,协同方,10020983,3,4,4,3,4,4,4,4,4,4,4,4,,,,,,,,3,4,3,4,4,4,4,4,4,"
1.敢于承担责任
2.做事果断，不拖泥带水",1.考虑事情要有全局观2.数字化方面的推进较少,无,5.3,38,7,,产品与研发,材料,A
10015649,光储集团,储能事业部,储能变流产品线,储能变流研发中心,结构部,,执行层,协同方,10012355,3,5,5,4,4,4,4,3,4,4,3,3,,,,,,,,4,4,4,4,4,4,4,5,5,思路清晰，管理有度，把控好,授权的任务需要有个清晰的边界,无,5.3,38,7,,产品与研发,材料,A
10015649,光储集团,储能事业部,储能变流产品线,储能变流研发中心,结构部,,执行层,协同方,10020197,4,5,5,4,4,5,5,4,4,5,4,4,,,,,,,,5,4,4,4,5,4,4,4,4,在项目受阻或团队迷茫时主动担责，清晰给出方向并带头攻坚,对新工具/数字化手段跟进滞后,无,5.3,38,7,,产品与研发,材料,A
10015649,光储集团,储能事业部,储能变流产品线,储能变流研发中心,结构部,,执行层,协同方,10019719,2,3,3,4,3,3,3,3,3,4,4,4,,,,,,,,3,3,3,4,4,3,4,3,4,1、果决 2、有思路、方法,暂无,暂无,5.3,38,7,,产品与研发,材料,A
10015649,光储集团,储能事业部,储能变流产品线,储能变流研发中心,结构部,,执行层,协同方,10017034,,,,,,,,,,,,,,,,,,,,,,,,,,,,,,,,5.3,38,7,,产品与研发,材料,A
10015649,光储集团,储能事业部,储能变流产品线,储能变流研发中心,结构部,,执行层,协同方,10016479,4,4,4,4,4,4,4,4,4,4,4,4,,,,,,,,4,4,4,4,4,4,4,4,4,无,无,无,5.3,38,7,,产品与研发,材料,A
10015649,光储集团,储能事业部,储能变流产品线,储能变流研发中心,结构部,,执行层,协同方,10012535,4,4,4,4,4,4,4,5,5,5,5,5,,,,,,,,5,5,5,5,5,5,5,5,5,"1 脚踏实地，面对自己的困难会分享交流
2 心态很开放，能够接纳他人不一样的观点",1 可以再外放一些,暂无,5.3,38,7,,产品与研发,材料,A
10015649,光储集团,储能事业部,储能变流产品线,储能变流研发中心,结构部,,执行层,协同方,10012090,4,4,4,4,4,4,5,5,4,5,5,4,,,,,,,,4,5,4,4,5,4,5,5,5,无,无,无,5.3,38,7,,产品与研发,材料,A
10015649,光储集团,储能事业部,储能变流产品线,储能变流研发中心,结构部,,执行层,协同方,10011763,4,5,5,4,4,5,4,5,4,4,4,5,,,,,,,,5,5,4,5,4,4,4,5,5,"1.在组织管理的人员行为管理上，有比较明确的范围，值得学习
2.在业务驱动上，始终以业务驱动为目标",无,无,5.3,38,7,,产品与研发,材料,A
10015649,光储集团,储能事业部,储能变流产品线,储能变流研发中心,结构部,,执行层,协同方,10011170,,,,,,,,,,,,,,,,,,,,,,,,,,,,,,,,5.3,38,7,,产品与研发,材料,A
10015649,光储集团,储能事业部,储能变流产品线,储能变流研发中心,结构部,,执行层,协同方,10029174,4,5,4,4,4,4,3,3,4,4,4,5,,,,,,,,5,5,5,3,4,4,5,5,5,无,无,无,5.3,38,7,,产品与研发,材料,A
10015649,光储集团,储能事业部,储能变流产品线,储能变流研发中心,结构部,,执行层,协同方,10003650,5,4,4,4,4,5,4,4,4,4,4,3,,,,,,,,4,4,4,5,4,4,4,4,4,1、毛选应用到部门管理；2、积极承担工作内容,1、多用管理的手段实现问题收敛；2、管理上多用AI工具,无,5.3,38,7,,产品与研发,材料,A
10015649,光储集团,储能事业部,储能变流产品线,储能变流研发中心,结构部,,执行层,协同方,10001822,5,4,4,5,4,5,4,5,4,4,4,5,,,,,,,,5,5,5,5,5,5,5,5,5,暂无,暂无,暂无,5.3,38,7,,产品与研发,材料,A
10015649,光储集团,储能事业部,储能变流产品线,储能变流研发中心,结构部,,执行层,下级,10040129,3,5,5,1,1,2,2,2,5,4,5,4,1,2,2,4,4,2,2,4,5,5,4,3,1,5,5,5,无,无,无,5.3,38,7,,产品与研发,材料,A
10015649,光储集团,储能事业部,储能变流产品线,储能变流研发中心,结构部,,执行层,下级,10011342,4,4,4,4,4,3,4,4,5,5,5,4,4,4,3,3,4,3,2,4,4,4,4,5,4,5,5,5,"1、协调能力较强；
2、目标导向，注重事情的完成情况；
3、管理思维较强，有管理方法。","1、更多的倾听部门人员所反馈的问题；
2、加强与组员之间的沟通；
",无,5.3,38,7,,产品与研发,材料,A
10015649,光储集团,储能事业部,储能变流产品线,储能变流研发中心,结构部,,执行层,下级,10017343,4,4,4,4,4,4,4,4,5,5,4,4,4,4,5,5,5,5,5,4,5,4,4,4,4,4,4,4,"1、每双周开展结构部管理会，会议后会向我们分享管理经验，定期组织结构部内核心骨干人才分享提效与深度思考类的读书分享会。
2、下属遇到问题时，积极内外部协调资源，与赋能下属，带领团队打胜仗。",暂无,暂无,5.3,38,7,,产品与研发,材料,A
10015649,光储集团,储能事业部,储能变流产品线,储能变流研发中心,结构部,,执行层,下级,10015012,4,4,4,4,4,5,4,5,4,4,4,4,3,4,4,4,5,4,4,5,5,4,4,4,5,5,5,4,"1.决策果断：能够在繁杂的事务中，快速定位高效路径，并带领团队成功；
2.学习能力：善于学习，并能够将学习内容融入部门管理中，有效提高团队战斗力；
3.抗压能力：勇于面对压力，不传递压力，传递行动目标给与团队。","1.建议进一步深入团队交流，多组织团队文化活动；
2.建议进一步加强数字化关注，不断提升团队运用数字化工具能力。",无,5.3,38,7,,产品与研发,材料,A
10015649,光储集团,储能事业部,储能变流产品线,储能变流研发中心,结构部,,执行层,下级,10011633,5,5,5,5,5,5,5,5,5,5,5,5,5,5,5,5,5,5,5,5,5,5,5,5,5,5,5,5,无,无,无,5.3,38,7,,产品与研发,材料,A
10015649,光储集团,储能事业部,储能变流产品线,储能变流研发中心,结构部,,执行层,下级,10006570,3,3,4,3,3,3,4,4,4,4,4,4,3,3,3,3,3,2,3,3,3,3,3,3,4,4,4,4,同事犯错，他为同事兜底。,"1，部门内部及部门外部各自为政，自扫门前雪，工作协同混乱、低效
2，缺乏稳扎稳打的规划，大多是时候是应急式的工作，基层员工很累
3，技术创新缺乏，绝大多数在低水平重复工作。","方案：在结构部成立架构组、或者设置架构职能，统筹全局结构设计。
架构决定了产品质量、成本、可靠性、工艺可制造性、可维护性的等关键问题，当前无人管，工程师自行发挥，产品上线及交付后，天天救火。",5.3,38,7,,产品与研发,材料,A
10015649,光储集团,储能事业部,储能变流产品线,储能变流研发中心,结构部,,执行层,上级,10023672,5,5,4,4,4,4,4,5,4,5,5,4,4,4,5,4,4,5,5,4,5,4,5,5,4,4,5,5,激发团队活力,进一步提升技术,进一步提升技术,5.3,38,7,,产品与研发,材料,A
10015545,制造体系,亚太工厂,泰国公司,运营管理部,,,执行层,自己,10015545,5,4,4,4,4,4,5,4,4,5,5,5,3,4,3,4,3,4,4,4,5,4,3,4,4,5,5,5,"1.高度的责任心和大局观，从公司层面考虑问题
2.信念坚定，对的事情坚持做，底线思维牢固
","1.语言优势明显，性格沉稳且目标性强，可以尝试一些营销方面的工作
2.合规意识，客户服务方面优势明显，可以更多的尝试对外工作的接触","1.情绪需要继续稳定
2.遇事不决，可以预留更多的思考时间，不要急于答复和应对
3.心态要更加平淡，遇事从容，泰山崩于前色不变",5.3,35,19,,生产,制造管理,B+
10015545,制造体系,亚太工厂,泰国公司,运营管理部,,,执行层,协同方,10040212,3,3,3,3,4,3,3,3,4,3,4,3,,,,,,,,2,3,4,3,5,5,3,5,5,"1. 有时有创新思维
2. 不纠结太多细节","1. 工作规划更明朗、更系统一些，严谨性提高
2. 团队管理更细腻一些，亲力亲为的带教",无,5.3,35,19,,生产,制造管理,B+
10015545,制造体系,亚太工厂,泰国公司,运营管理部,,,执行层,协同方,10029724,4,4,4,5,4,4,5,3,3,4,4,4,,,,,,,,4,3,5,3,4,3,4,4,4,倾听别人观点，换位思考,无,无,5.3,35,19,,生产,制造管理,B+
10015545,制造体系,亚太工厂,泰国公司,运营管理部,,,执行层,协同方,10026778,4,4,4,4,3,3,5,4,4,3,3,4,,,,,,,,3,3,4,3,5,4,4,5,5,具有良好的跨文化交流意识，能够积极推动团队协同合作。,在提升用餐体验和服务创新方面仍需进一步加强。,没有,5.3,35,19,,生产,制造管理,B+
10015545,制造体系,亚太工厂,泰国公司,运营管理部,,,执行层,协同方,10012089,3,2,3,1,2,2,3,2,2,4,4,1,,,,,,,,2,1,4,2,3,3,4,2,4,任劳任怨,多思考工作待提升项，提升公司人员体验及优化工作环境,无,5.3,35,19,,生产,制造管理,B+
10015545,制造体系,亚太工厂,泰国公司,运营管理部,,,执行层,协同方,10011385,3,2,3,2,4,3,4,4,4,3,3,3,,,,,,,,4,4,4,5,4,5,4,4,4,/,/,/,5.3,35,19,,生产,制造管理,B+
10015545,制造体系,亚太工厂,泰国公司,运营管理部,,,执行层,协同方,10009345,5,5,4,4,4,4,5,4,4,5,4,4,,,,,,,,4,4,5,5,5,5,5,5,5,"1、跨文化融合践行者，积极主动转变思维
2、合规意识强，主动识别业务风险，提前预防
3、多维度视角综合评估事件风险并给出恰当处置方案","1、强化服务意识，换位思考
2、以身作则",无,5.3,35,19,,生产,制造管理,B+
10015545,制造体系,亚太工厂,泰国公司,运营管理部,,,执行层,协同方,10007752,5,5,5,4,5,4,5,5,4,5,5,5,,,,,,,,4,4,4,4,4,5,5,5,4,积极主动学习当地文化，推动文化融合。,"积极落地战略举措。

强化主观能动性，主动解决日常园区运营问题。",强化经营意识，日常园区运营与经营挂钩，推进管理费用在合理区间,5.3,35,19,,生产,制造管理,B+
10015545,制造体系,亚太工厂,泰国公司,运营管理部,,,执行层,协同方,10007225,4,5,5,3,4,4,5,4,4,5,4,4,,,,,,,,4,4,3,4,4,4,5,4,5,"1、英语水平较好，能够很好的沟通；
2、学习意识强，能够快速的学会一些新知识；","1、工作执行力高，但缺乏对下属的常规稽核；
2、负责IT\动力设备等工作，自身的专业知识还要加强；",暂无；,5.3,35,19,,生产,制造管理,B+
10015545,制造体系,亚太工厂,泰国公司,运营管理部,,,执行层,协同方,10006060,2,3,2,2,2,2,4,3,2,2,3,3,,,,,,,,2,2,3,3,3,3,4,3,4,较好的语言能力,提升工作使命，主动思考工作背后的目标与价值，定期梳理工作中的痛点与改进点，主动向团队提出优化建议，培养主人翁意识。,可以学习生产管理方面知识,5.3,35,19,,生产,制造管理,B+
10015545,制造体系,亚太工厂,泰国公司,运营管理部,,,执行层,协同方,10005143,3,3,3,4,4,3,4,4,3,4,5,4,,,,,,,,3,2,4,4,4,4,5,4,4,1.持续学习语言，尊重文化差异；2. 可以做到虚心接受他人批评；,1. 提升创新和服务意识；2. 在工作中加强对细节的把控；,暂无,5.3,35,19,,生产,制造管理,B+
10015545,制造体系,亚太工厂,泰国公司,运营管理部,,,执行层,下级,10046390,5,5,5,4,5,5,3,3,4,5,5,5,4,5,5,5,5,5,5,4,5,5,5,5,5,5,5,5,-,-,-,5.3,35,19,,生产,制造管理,B+
10015545,制造体系,亚太工厂,泰国公司,运营管理部,,,执行层,下级,10046138,5,5,5,5,5,5,5,5,5,5,5,5,5,5,5,5,5,5,5,5,5,5,5,5,5,5,5,5,-,-,-,5.3,35,19,,生产,制造管理,B+
10015545,制造体系,亚太工厂,泰国公司,运营管理部,,,执行层,下级,10045566,4,5,3,4,4,3,4,3,4,4,4,3,4,3,5,5,3,2,3,3,2,3,3,3,3,4,2,2,-,-,-,5.3,35,19,,生产,制造管理,B+
10015545,制造体系,亚太工厂,泰国公司,运营管理部,,,执行层,下级,10045038,4,4,4,4,4,3,5,3,5,4,4,4,5,4,3,3,3,4,3,4,3,3,2,4,4,3,4,3,"1.Can help give suggestions for solving problems when needed.
2.When problems happen, can coordinate to help fix them and does not leave others to solve them alone.
3.Respects other people’s privacy very well.","1.He can continue improving his Thai language skills to communicate more with employees, as they already have a very good foundation.
2. When problems occur, they can explain the causes in more detail and provide clearer solutions and prevention methods, so the team can be more careful in the future.",-,5.3,35,19,,生产,制造管理,B+
10015545,制造体系,亚太工厂,泰国公司,运营管理部,,,执行层,下级,10044722,5,5,5,5,5,5,5,5,5,5,5,5,5,5,5,5,5,5,5,5,5,5,5,5,5,5,5,5,Handle tasks well. ,Dont have.,Don't have.,5.3,35,19,,生产,制造管理,B+
10015545,制造体系,亚太工厂,泰国公司,运营管理部,,,执行层,下级,10043638,,,,,,,,,,,,,,,,,,,,,,,,,,,,,,,,5.3,35,19,,生产,制造管理,B+
10015545,制造体系,亚太工厂,泰国公司,运营管理部,,,执行层,下级,10043319,4,3,3,3,4,3,3,3,3,3,4,4,3,3,4,2,4,3,4,3,2,4,3,3,3,4,3,3,Always looks for ways to improve work and is open to new working methods. and high work standards.,"1. Could improve by encouraging more open communication within the team.
2. Could delegate responsibilities more to support team development.",No,5.3,35,19,,生产,制造管理,B+
10015545,制造体系,亚太工厂,泰国公司,运营管理部,,,执行层,下级,10041021,5,4,5,5,5,5,5,5,5,5,5,5,5,5,5,5,5,5,5,5,5,5,5,5,5,5,5,5,"Article 10,6","Article 10,6",-,5.3,35,19,,生产,制造管理,B+
10015545,制造体系,亚太工厂,泰国公司,运营管理部,,,执行层,下级,10040533,4,4,4,5,4,3,4,3,3,4,4,4,3,4,3,3,3,3,3,4,3,4,4,3,4,4,3,4,"1. He is disciplined and organized.
2. He is punctual.
3. He always tries to understand and learn new tasks.
","Monitoring the performance of all employees, such as assigning appropriate tasks to employees at the same level.
",He needs to make an effort to clearly understand and study each line of work because he is responsible for many departments.,5.3,35,19,,生产,制造管理,B+
10015545,制造体系,亚太工厂,泰国公司,运营管理部,,,执行层,下级,10040192,5,5,5,5,5,5,5,5,5,5,5,5,5,5,5,5,5,5,5,5,5,5,5,5,5,5,5,5,"6. Actively listen to innovative ideas from department members, establish incentive mechanisms, reward individuals or teams that successfully implement innovative ideas, and also recognize innovative behaviors that demonstrate courage in trying, even when not successful.

7. Proactively learn, understand, and respect different cultures, and persistently broaden one's international perspective.

19. Provide timely feedback on employee performance, praise excellence and progress, and offer reasonable suggestions for improvement to help employees continuously enhance their work performance and capabilities


","21. Focus on results and be able to plan human resources, time, budget, and other resources reasonably, follow up on implementation in a timely manner, and continuously drive the achievement of results.",-,5.3,35,19,,生产,制造管理,B+
10015545,制造体系,亚太工厂,泰国公司,运营管理部,,,执行层,下级,10037955,3,3,4,4,5,4,4,4,4,4,4,4,4,4,4,3,4,4,5,5,3,3,4,4,4,3,5,4,He possesses leadership qualities that are punctual and decisive.,"Empathy, understanding of subordinates, and not discriminating.","Provide support to employees in their work, listen to their feedback, and help suggest solutions for the growth of the organization and the development of effective personnel.",5.3,35,19,,生产,制造管理,B+
10015545,制造体系,亚太工厂,泰国公司,运营管理部,,,执行层,下级,10037504,4,4,4,5,4,4,3,4,4,4,4,4,4,4,4,3,4,4,3,4,4,4,4,3,4,3,3,3,"Should further develop the ability to act as a bridge between Thai and Chinese working cultures by deepening the understanding of each side’s working styles, expectations, and constraints. This includes improving coordination processes and ensuring that the transfer of critical information is clear, systematic, and fully compliant with local regulations. Additionally, establishing shared guidelines can help reduce miscommunication and enhance the effectiveness of cross-cultural collaboration.","Should improve interpersonal communication skills by focusing on delivering messages clearly, concisely, and appropriately for different audiences. Additionally, actively listening to others and adapting communication styles to align with cultural differences will help enhance collaboration and overall work effectiveness.",Can not,5.3,35,19,,生产,制造管理,B+
10015545,制造体系,亚太工厂,泰国公司,运营管理部,,,执行层,下级,10037502,5,5,4,5,5,5,5,5,5,5,5,5,5,5,5,5,5,5,5,5,5,5,5,5,5,5,5,5,Can handle tasks well,do not have,do not have,5.3,35,19,,生产,制造管理,B+
10015545,制造体系,亚太工厂,泰国公司,运营管理部,,,执行层,下级,10033915,4,4,4,5,4,3,4,3,3,4,4,4,3,4,3,3,3,3,3,4,3,4,4,3,4,4,3,4,"1. He is disciplined and organized.
2. He is punctual.
3. He always tries to understand and learn new tasks.","Monitoring the performance of all employees, such as assigning appropriate tasks to employees at the same level.",He needs to make an effort to clearly understand and study each line of work because he is responsible for many departments.,5.3,35,19,,生产,制造管理,B+
10015545,制造体系,亚太工厂,泰国公司,运营管理部,,,执行层,下级,10030353,5,5,5,5,5,4,5,5,5,5,5,4,4,5,5,5,4,5,5,5,4,4,5,5,5,5,4,5,1.没有官僚主义；2.严守纪律底线；3.合规意识高,无,无,5.3,35,19,,生产,制造管理,B+
10015545,制造体系,亚太工厂,泰国公司,运营管理部,,,执行层,下级,10024834,3,5,5,5,4,3,5,2,2,5,5,5,5,5,5,5,2,5,2,2,5,3,2,5,5,5,5,5,The regulations were definitely created With prior planning ,Studying the culture of each region takes time ,Moving in the same direction to enable the company to continue growing and becoming great ,5.3,35,19,,生产,制造管理,B+
10015545,制造体系,亚太工厂,泰国公司,运营管理部,,,执行层,下级,10013783,4,5,5,4,4,5,5,5,4,4,5,4,3,4,5,4,4,4,5,4,5,4,4,5,5,4,5,5,经常进行语言学习，提升自己，例如英语、泰语；不断优化部门的工作，完善运营部门的工作。,无,无,5.3,35,19,,生产,制造管理,B+
10015545,制造体系,亚太工厂,泰国公司,运营管理部,,,执行层,上级,10001464,4,4,4,4,4,5,5,5,4,5,4,5,5,4,5,4,4,4,5,4,5,5,4,4,5,5,5,5,快速适应,多共青，深思考,无,5.3,35,19,,生产,制造管理,B+
10014966,光储集团,营销体系,中国大区,国内销售中心,华东大区（江/浙/沪/皖）,,执行层,自己,10014966,5,5,5,4,5,3,5,5,5,5,5,5,4,4,5,3,3,5,5,5,5,5,4,5,5,5,5,5,1、始终扎根在一线和一线同事并肩开拓项目；2、深入调研区域市场，把握市场走向,都是矩阵式管理，无直接管理经验,无,5.6,33,1,,营销,商务销售,B+
10014966,光储集团,营销体系,中国大区,国内销售中心,华东大区（江/浙/沪/皖）,,执行层,协同方,10016414,4,4,4,4,3,4,3,2,4,3,4,4,,,,,,,,3,3,4,4,3,3,4,5,4,能够深入洞察客户需求,建议将客户需求定期整理分类，向后端比如研发进行传递,无,5.6,33,1,,营销,商务销售,B+
10014966,光储集团,营销体系,中国大区,国内销售中心,华东大区（江/浙/沪/皖）,,执行层,协同方,10016156,4,3,3,3,3,2,3,3,3,5,4,3,,,,,,,,4,3,3,3,4,4,3,5,4,做事踏实，为人诚信,团队管理再细化、不要不好意思指出别人的问题,暂无,5.6,33,1,,营销,商务销售,B+
10014966,光储集团,营销体系,中国大区,国内销售中心,华东大区（江/浙/沪/皖）,,执行层,协同方,10014496,5,5,5,5,4,5,4,5,5,5,5,5,,,,,,,,4,4,5,4,5,5,5,5,5,诚恳务实，践行公司价值观,暂无,暂无,5.6,33,1,,营销,商务销售,B+
10014966,光储集团,营销体系,中国大区,国内销售中心,华东大区（江/浙/沪/皖）,,执行层,协同方,10014145,5,5,5,5,5,4,5,5,5,5,5,4,,,,,,,,5,5,5,5,5,4,5,5,5,做事靠谱稳重，考虑事情很周全，执行力强；待人真诚有分寸，格局大、好沟通，懂得换位思考；责任心强，逻辑清晰，有条理,跳出舒适区，再迎接公司更高更大的挑战,暂无,5.6,33,1,,营销,商务销售,B+
10014966,光储集团,营销体系,中国大区,国内销售中心,华东大区（江/浙/沪/皖）,,执行层,协同方,10009380,4,4,5,4,5,4,5,5,3,3,4,5,,,,,,,,4,4,4,4,5,5,5,5,5,工作尽力尽力，埋头苦干，为人实在，能很好的践行阳光价值观。,可继续提升勇于开拓的精神,无,5.6,33,1,,营销,商务销售,B+
10014966,光储集团,营销体系,中国大区,国内销售中心,华东大区（江/浙/沪/皖）,,执行层,协同方,10007026,3,2,2,3,3,3,3,4,4,4,4,4,,,,,,,,4,4,3,4,3,4,4,3,4,无,无,无,5.6,33,1,,营销,商务销售,B+
10014966,光储集团,营销体系,中国大区,国内销售中心,华东大区（江/浙/沪/皖）,,执行层,协同方,10033383,4,5,5,4,5,4,4,4,4,4,3,4,,,,,,,,4,4,3,3,4,4,3,5,5,"1、团队沟通领导力
2、积极协助团队人员开展工作","1、更多的参与团队具体事务事项
2、给予团队更多的细化知道支持",暂无,5.6,33,1,,营销,商务销售,B+
10014966,光储集团,营销体系,中国大区,国内销售中心,华东大区（江/浙/沪/皖）,,执行层,协同方,10003073,4,4,5,4,4,4,3,4,4,4,4,4,,,,,,,,3,5,3,3,4,4,3,3,5,"1、作为华东应收账款负责人：对于目标理解和行动计划比较清晰，推进效率较高。
2、全面考虑客户需求，并快速决策。",暂无,暂无,5.6,33,1,,营销,商务销售,B+
10014966,光储集团,营销体系,中国大区,国内销售中心,华东大区（江/浙/沪/皖）,,执行层,协同方,10000760,5,5,4,5,5,4,5,4,4,5,4,4,,,,,,,,4,5,4,4,4,4,4,5,5,"1、严格遵守公司的报价流程，并对区域同事进行宣贯辅导。
2、了解市场竞争情况，积极跟家里沟通，并反馈当前市场需求。",1、带领团队破局，提高项目中标率，成为行业经理姣姣者，上升一个级别，或区域负责人。,无,5.6,33,1,,营销,商务销售,B+
10014966,光储集团,营销体系,中国大区,国内销售中心,华东大区（江/浙/沪/皖）,,执行层,下级,10025375,5,4,4,4,5,5,5,5,4,4,4,4,3,3,5,4,4,4,4,4,5,5,4,5,4,5,4,5,1.专业知识丰富2.为人处事很好3.儒雅,1.组织建设能力,无,5.6,33,1,,营销,商务销售,B+
10014966,光储集团,营销体系,中国大区,国内销售中心,华东大区（江/浙/沪/皖）,,执行层,下级,10023506,5,5,5,5,5,5,5,5,5,5,5,5,5,5,5,5,5,5,5,5,5,5,5,5,5,5,5,5,积极帮助团队成员协同资源,无,无,5.6,33,1,,营销,商务销售,B+
10014966,光储集团,营销体系,中国大区,国内销售中心,华东大区（江/浙/沪/皖）,,执行层,下级,10008027,4,4,4,3,3,3,3,3,3,4,4,4,3,3,3,3,3,3,3,3,3,3,3,3,3,4,4,4,踏实工作,领导力担当,暂无,5.6,33,1,,营销,商务销售,B+
10014966,光储集团,营销体系,中国大区,国内销售中心,华东大区（江/浙/沪/皖）,,执行层,上级,10008067,4,4,5,4,5,4,4,5,4,4,5,5,4,4,5,4,5,4,4,4,4,5,4,5,4,5,4,5,具备储能市场比较强的分析判断能力,需要更多地参与大区的经营，需要更多建言献策,需要更多的经营理念,5.6,33,1,,营销,商务销售,B+
10014966,光储集团,营销体系,中国大区,国内销售中心,华东大区（江/浙/沪/皖）,,执行层,上级,10000936,4,4,4,5,5,4,4,5,4,5,5,5,4,4,4,5,5,5,4,5,4,4,4,5,5,5,4,5,对客户服务细致性，专业能力强,但在带团对那订单的能力还要加强,加强团队领导力,5.6,33,1,,营销,商务销售,B+
10014913,制造体系,制造技术中心,工艺,组串式及户用工艺部,,,执行层,自己,10014913,4,5,5,4,4,5,5,4,5,5,5,4,4,4,5,5,5,4,5,4,4,5,5,5,5,4,5,5,逻辑思维较强、感想敢干、创新思维,在实际工作中运用AI思维进行提效，例如AI办公,无,5.7,36,3,,生产,生产工艺-PE,A
10014913,制造体系,制造技术中心,工艺,组串式及户用工艺部,,,执行层,协同方,10033370,5,4,5,4,5,5,4,5,5,5,5,5,,,,,,,,4,5,4,3,4,5,5,5,5,有担当,变革思维,无,5.7,36,3,,生产,生产工艺-PE,A
10014913,制造体系,制造技术中心,工艺,组串式及户用工艺部,,,执行层,协同方,10029473,5,4,5,4,4,5,5,4,5,4,5,5,,,,,,,,5,4,5,5,5,5,5,5,5,乐于去帮助他人分担工作；善于分析问题根因，权衡方案利弊,暂无,暂无,5.7,36,3,,生产,生产工艺-PE,A
10014913,制造体系,制造技术中心,工艺,组串式及户用工艺部,,,执行层,协同方,10027740,4,4,5,4,4,4,4,4,5,5,5,4,,,,,,,,4,4,5,3,4,4,4,5,5,"1.在SH125CX战略性项目上，及时做出相应，并从专业领域制作工装给予最大支持
2.在堆叠一体机评审上，优先保障研发性能设计＞制造难度","1.引入新的工艺增长点可以继续提升
2.竞品的优点提炼追平落地计划",暂无,5.7,36,3,,生产,生产工艺-PE,A
10014913,制造体系,制造技术中心,工艺,组串式及户用工艺部,,,执行层,协同方,10020348,5,5,5,5,5,5,3,3,4,4,4,4,,,,,,,,4,5,4,4,4,4,4,4,4,执行力强，有耐心，乐于跨部门拉通。,暂无,暂无,5.7,36,3,,生产,生产工艺-PE,A
10014913,制造体系,制造技术中心,工艺,组串式及户用工艺部,,,执行层,协同方,10016848,4,4,5,4,5,4,4,3,5,5,5,4,,,,,,,,4,4,5,4,5,5,4,5,5,做事高效，执行力较强,在工作中较为稳重，但缺乏果断，有时会犹豫，需加强决策能力,/,5.7,36,3,,生产,生产工艺-PE,A
10009428,光储集团,营销体系,直销经营中心,国内直销,国内经营策略部,投标部,执行层,上级,10009041,3,4,3,4,3,4,3,4,3,4,4,4,4,4,3,4,4,3,4,3,4,4,4,4,4,3,3,3,暂无,暂无,暂无,4.6,34,2,,营销,商务管理,B+
10009428,光储集团,营销体系,直销经营中心,国内直销,国内经营策略部,投标部,执行层,下级,10020672,4,4,5,4,3,3,4,3,4,4,4,3,4,4,4,3,4,5,5,4,4,4,5,4,4,4,4,4,思考全面，逻辑性强。,非部门主业工作，不必要过于较真。,无,4.6,34,2,,营销,商务管理,B+
10009428,光储集团,营销体系,直销经营中心,国内直销,国内经营策略部,投标部,执行层,下级,10020785,5,5,4,4,4,4,4,5,4,5,4,5,5,5,5,5,4,4,4,4,4,4,5,4,4,5,4,5,自驱力、思考力,无,无,4.6,34,2,,营销,商务管理,B+
10009428,光储集团,营销体系,直销经营中心,国内直销,国内经营策略部,投标部,执行层,协同方,10008083,5,5,5,5,5,5,5,4,5,5,4,5,,,,,,,,5,5,5,5,5,5,5,5,5,严于律己，亲力亲为，言传身教，张驰有度,拓展全球业务能力,无,4.6,34,2,,营销,商务管理,B+
10009428,光储集团,营销体系,直销经营中心,国内直销,国内经营策略部,投标部,执行层,协同方,10009508,4,4,4,3,5,4,3,4,4,5,5,3,,,,,,,,4,4,5,5,5,5,5,4,5,1、工作自驱力强，能很好的疏导团队压力，在每年的投标高峰期带领团队均顺利完成任务,团队培养方面，可以更加开放，向前端输出更多人才,暂无,4.6,34,2,,营销,商务管理,B+
10009428,光储集团,营销体系,直销经营中心,国内直销,国内经营策略部,投标部,执行层,协同方,10009738,4,4,4,4,4,4,3,4,5,4,4,4,,,,,,,,4,4,4,4,5,4,5,5,5,"为人坦诚，沟通能力强
为下属发展考虑，注重团队氛围",可以考虑将AI应用到投标中，持续提高效率,无,4.6,34,2,,营销,商务管理,B+
10009428,光储集团,营销体系,直销经营中心,国内直销,国内经营策略部,投标部,执行层,协同方,10010291,4,4,4,3,4,4,5,4,4,4,5,4,,,,,,,,4,4,5,4,4,4,4,5,5,问题响应的速度,把日常的投标工作深化，利用投标信息形成竞争材料，信息共享,无,4.6,34,2,,营销,商务管理,B+
10009428,光储集团,营销体系,直销经营中心,国内直销,国内经营策略部,投标部,执行层,协同方,10029922,5,5,5,5,5,4,4,5,5,5,4,4,,,,,,,,5,5,5,4,4,4,4,4,5,对待工作认真,岗位适应性强,暂无,4.6,34,2,,营销,商务管理,B+
10009428,光储集团,营销体系,直销经营中心,国内直销,国内经营策略部,投标部,执行层,自己,10009428,4,5,5,5,4,3,3,4,4,5,5,4,5,3,5,4,5,5,4,4,4,5,4,5,5,4,5,5,"1、主动观察和识别外部市场趋势，内部流程和管理问题等，并推动业务跟进和优化以及问题解决；
2、积极探索和使用新方法，比如数字化和AI等，运用于业务管理中，提升效率；
3、梳理部门职责，探索业务边界，搭建合理的组织架构和人员分工，以及高效的沟通协作机制；
4、定期与团队成员进行沟通交流，进行人员激励和问题解决，挖掘员工潜力，形成学习氛围，促进能力成长","1、在专业领域内做长期规划的能力需要加强，需要系统的洞察本专业领域未来发展趋势，公司的战略规划以及当前支撑业务发展方面存在的不足
2、对于部门内管理人员的能力培养需要加强，需要系统梳理管理人员能力模型，有针对性的去进行授权，激励，赋能和实战锻炼",更多倾听团队内一线成员的声音，并做出判断和响应，并关注内部员工梯队建设，更好促进整个团队建设和业务发展,4.6,34,2,,营销,商务管理,B+
10014913,制造体系,制造技术中心,工艺,组串式及户用工艺部,,,执行层,协同方,10016018,5,5,5,4,5,5,5,5,4,5,5,5,,,,,,,,4,5,5,5,4,5,5,4,5,项目管理能力出色,果敢性,无,5.7,36,3,,生产,生产工艺-PE,A
10014913,制造体系,制造技术中心,工艺,组串式及户用工艺部,,,执行层,协同方,10014773,4,4,4,4,4,5,5,4,5,5,5,5,,,,,,,,4,5,5,4,5,5,4,5,5,执行能力强，专业知识丰富,领导力及赋能略有不足,无,5.7,36,3,,生产,生产工艺-PE,A
10014913,制造体系,制造技术中心,工艺,组串式及户用工艺部,,,执行层,协同方,10012953,4,4,4,4,4,4,4,4,4,4,4,4,,,,,,,,4,4,4,4,4,4,4,4,5,"树立道德高线，严守纪律底线；
在日常工作中，积极采取新措施和尝试新方法，持续提升工作效率；
根据年度战略规划进行系统思考，梳理本部门的策略和重点工作事项，并制定具体可执行的计划；","主动识别和记录业务管理中遇到的问题和挑战，创造性地提出改进设想并推动落地；
认识到不同视角、立场或文化带来的价值和风险，结合对各地区差异的理解，形成合理的管理机制；",暂无,5.7,36,3,,生产,生产工艺-PE,A
10014913,制造体系,制造技术中心,工艺,组串式及户用工艺部,,,执行层,协同方,10011377,5,5,4,4,4,5,4,4,5,5,5,5,,,,,,,,5,4,5,4,5,5,5,4,5,暂无,暂无,暂无,5.7,36,3,,生产,生产工艺-PE,A
10014913,制造体系,制造技术中心,工艺,组串式及户用工艺部,,,执行层,协同方,10003643,3,4,4,3,4,3,2,2,3,4,4,4,,,,,,,,4,4,3,2,4,4,4,5,5,"1、只要对业务改善有帮助的事情，不推三阻四，愿意先接下来做；
2、答应要做的事情，坚持攻坚克难不退缩","1、对部分协同事项的处理节点意识有待进一步加强，避免进度风险；
2、团队激励措施有待进一步丰富。",多参与核心项目有争议的可制造性问题讨论,5.7,36,3,,生产,生产工艺-PE,A
10014913,制造体系,制造技术中心,工艺,组串式及户用工艺部,,,执行层,协同方,10000726,5,5,5,4,4,5,4,3,5,5,5,5,,,,,,,,5,4,5,3,5,5,5,5,5,"1、接受他人意见并积极推动落实
2、遇到问题解决瓶颈时，能够有效拉通相关部门同事进行深入讨论，找出突破点。
3、工作中勇于尝试新方法。","1、既是管理者也要成为技术大拿，建议加强本专业技能提升的同时，深入学习质量管理及产品品质管控标准，这样能够更好的开展产品工艺相关的标准制定。
2、管理能力提升，建议跳出工艺视角，加强部门协作，站在中心甚至公司收益的角度整体思考、解决问题。",建议在团队管理上增加点刚性,5.7,36,3,,生产,生产工艺-PE,A
10014913,制造体系,制造技术中心,工艺,组串式及户用工艺部,,,执行层,协同方,10000410,3,4,4,4,4,3,4,5,4,5,5,4,,,,,,,,4,5,4,4,4,5,4,5,4,工作亲力亲为,适当增加管理能力培养,无,5.7,36,3,,生产,生产工艺-PE,A
10014913,制造体系,制造技术中心,工艺,组串式及户用工艺部,,,执行层,下级,10046773,4,4,5,4,5,5,4,5,5,4,5,4,5,4,4,4,5,5,5,5,4,4,4,5,5,5,4,4,"（1）行动效率高，应对一线问题快速出击，推动问题快速落地解决；
（2）主动担当作业，对于模糊地带的业务，主动承担推动落实，不推诿不避讳；
（3）工作重心明确，关键节点把控清晰；","（1）强化队伍人才培养，特别是组织型人才的培育，部分专项业务适当下放；
（2）强化团队内训，提升团队成员基础业务能力和专业技术提升；",无,5.7,36,3,,生产,生产工艺-PE,A
10014913,制造体系,制造技术中心,工艺,组串式及户用工艺部,,,执行层,下级,10033037,5,5,5,5,5,5,5,5,5,5,5,5,5,5,5,5,5,5,5,5,4,5,5,5,4,5,5,5,"责任心强，执行力突出。对待工艺优化、现场问题整改等工作主动担当，接到任务快速落地推进，不拖延、不推诿，闭环意识极强。
专业扎实，善于复盘优化。深耕岗位专业技能，面对技术难点能独立钻研、拆解分析，同时总结工艺经验与问题案例，助力团队降本增效。
沟通协作高效。跨部门对接工作逻辑清晰、反馈及时，能主动同步进度、协调资源，有效减少协作内耗，带动团队工作氛围。","统筹规划能力有待加强建议：面对多任务并行时，提前做好工作优先级拆分与时间规划，建立工作台账，合理分配精力，进一步提升复杂事项的统筹推进效率。
总结沉淀与输出能力可优化建议：定期对项目经验、问题整改、工艺改善内容进行书面复盘，形成标准化文档与案例沉淀，强化经验复用，提升个人综合复盘输出能力。","希望后续继续保持积极务实的工作作风，持续深耕专业能力，多对标行业优秀经验，拓宽技术视野与思维格局。
进一步加强个人工作经验的梳理与分享，在团队中多交流工作方法，互帮互助，共同提升团队整体业务水平。",5.7,36,3,,生产,生产工艺-PE,A
10014913,制造体系,制造技术中心,工艺,组串式及户用工艺部,,,执行层,下级,10016682,5,5,5,5,5,4,5,5,5,5,5,5,5,5,5,5,5,5,4,5,5,5,5,5,5,5,5,5,工作严谨、逻辑清晰,1.增强团队内部交流沟通，提升团队稳定性；2.明确团队核心目标指标，团队聚焦提效；,无,5.7,36,3,,生产,生产工艺-PE,A
10014913,制造体系,制造技术中心,工艺,组串式及户用工艺部,,,执行层,上级,10003156,5,5,4,5,5,4,3,4,5,5,5,5,4,5,5,5,5,5,5,4,5,5,4,5,5,5,5,5,"1，深入业务一线，能够真正前置到研发设计阶段；
2，给团队充分的授权，给管理梯队成长的空间。","1，工艺作为生产代表要持续建立自己的系统思维，统筹产品转产过程中的技术问题；
2，要建设自身的工艺影响力，进一步增强跨部门融合，在前端和后端体现工艺的专业能力。",从业务整体去考虑问题，锻炼自己的大局观。,5.7,36,3,,生产,生产工艺-PE,A
10014895,光储集团,营销体系,亚太大区,东南亚区,巴基斯坦,,执行层,自己,10014895,,,,,,,,,,,,,,,,,,,,,,,,,,,,,,,,5.7,35,7,1/5/2026,营销,商务销售,B+
10014895,光储集团,营销体系,亚太大区,东南亚区,巴基斯坦,,执行层,协同方,10042670,,,,,,,,,,,,,,,,,,,,,,,,,,,,,,,,5.7,35,7,1/5/2026,营销,商务销售,B+
10014895,光储集团,营销体系,亚太大区,东南亚区,巴基斯坦,,执行层,协同方,10025147,3,3,4,4,5,3,5,4,4,5,5,5,,,,,,,,4,5,4,4,5,5,3,5,5,Able to close deals and skilled in marketing,More compliance considerations are needed,No comment,5.7,35,7,1/5/2026,营销,商务销售,B+
10014895,光储集团,营销体系,亚太大区,东南亚区,巴基斯坦,,执行层,协同方,10017283,5,4,4,4,4,4,4,4,4,4,4,4,,,,,,,,4,4,4,4,4,4,4,4,5,Clear thinking and strong local leadership,Participate more in market activities,No comment,5.7,35,7,1/5/2026,营销,商务销售,B+
10014895,光储集团,营销体系,亚太大区,东南亚区,巴基斯坦,,执行层,协同方,10017249,3,3,3,3,3,4,4,4,3,4,4,4,,,,,,,,3,3,3,4,4,3,5,3,5,No comment,No comment,No comment,5.7,35,7,1/5/2026,营销,商务销售,B+
10014895,光储集团,营销体系,亚太大区,东南亚区,巴基斯坦,,执行层,协同方,10007933,4,3,5,4,4,4,4,4,5,5,4,4,,,,,,,,4,4,3,3,4,4,4,4,5,"Work very hard when supporting the clients and market, very open-mind to company culture as a foreign staff.",More adaptable to company policies and regulation when internal work and collaborations.,N/A,5.7,35,7,1/5/2026,营销,商务销售,B+
10014895,光储集团,营销体系,亚太大区,东南亚区,巴基斯坦,,执行层,协同方,10006913,4,4,4,4,3,4,4,5,4,5,5,4,,,,,,,,3,4,4,4,4,4,4,5,5,Understands company strategy and can translate it into actionable execution,Strengthen understanding of channel business,No comment,5.7,35,7,1/5/2026,营销,商务销售,B+
10014895,光储集团,营销体系,亚太大区,东南亚区,巴基斯坦,,执行层,协同方,10001919,5,5,5,5,5,4,5,4,5,5,4,5,,,,,,,,4,5,5,4,5,5,5,4,5,Good at maintaining senior-level customer relationships,Daily work needs greater attention to detail,No comment,5.7,35,7,1/5/2026,营销,商务销售,B+
10014895,光储集团,营销体系,亚太大区,东南亚区,巴基斯坦,,执行层,下级,10043932,5,4,4,5,4,5,3,3,4,5,5,5,4,3,4,5,5,5,4,5,5,5,4,5,5,4,5,5,"1. Getting the team out of stuck situations 
2. Listening to colleagues side of story and making decisons based on it 
3. Customer relationships","1. Actively taking team members into confidence for all local level partnerships with EPCs, EMS, etc",Be who you are ! ,5.7,35,7,1/5/2026,营销,商务销售,B+
10014895,光储集团,营销体系,亚太大区,东南亚区,巴基斯坦,,执行层,下级,10037287,,,,,,,,,,,,,,,,,,,,,,,,,,,,,,,,5.7,35,7,1/5/2026,营销,商务销售,B+
10014895,光储集团,营销体系,亚太大区,东南亚区,巴基斯坦,,执行层,下级,10033809,,,,,,,,,,,,,,,,,,,,,,,,,,,,,,,,5.7,35,7,1/5/2026,营销,商务销售,B+
10014895,光储集团,营销体系,亚太大区,东南亚区,巴基斯坦,,执行层,上级,10005363,4,4,4,3,3,4,4,3,4,4,4,4,3,3,4,3,4,3,4,3,4,4,4,4,4,3,3,5,Delegates appropriately and guides subordinates in their work; creates a positive team atmosphere and culture,"In terms of compliance, it is necessary to strictly follow the headquarters' risk control requirements and guide and monitor subordinates subordinates.",The way the team communicates with headquarters needs to be improved to help bridge cultural gaps,5.7,35,7,1/5/2026,营销,商务销售,B+
10014773,制造体系,制造技术中心,工艺,PCBA工艺部,,,执行层,自己,10014773,4,4,4,3,3,4,4,4,4,4,4,4,3,3,4,4,4,4,4,4,4,4,4,4,4,4,4,5,抗压能力较强，具备成长性思维。,辩证思维欠缺，人才培养方面还有待提高,管理和领导能力都需再做提升，发挥团队最大价值。,5.8,33,2,,生产,生产工艺-PE,B+
10014773,制造体系,制造技术中心,工艺,PCBA工艺部,,,执行层,协同方,10037023,5,5,5,5,4,4,5,5,4,5,5,5,,,,,,,,5,4,5,5,5,5,5,5,5,做人和做事格局很好，会为整体考虑，且专业,对内部团队分工和职责的刚性加强,暂无,5.8,33,2,,生产,生产工艺-PE,B+
10014773,制造体系,制造技术中心,工艺,PCBA工艺部,,,执行层,协同方,10033370,5,5,5,5,5,4,5,5,4,5,5,5,,,,,,,,4,4,5,4,4,5,5,5,5,专业能力强,无,无,5.8,33,2,,生产,生产工艺-PE,B+
10009508,光储集团,营销体系,直销经营中心,国内直销,国内经营策略部,国内行销部,执行层,上级,10009041,3,4,3,4,3,4,3,4,3,4,4,4,4,4,3,4,4,3,4,3,4,4,4,4,4,3,3,3,暂无,暂无,暂无,9.2,33,10,,营销,营销策略,B+
10009508,光储集团,营销体系,直销经营中心,国内直销,国内经营策略部,国内行销部,执行层,下级,10000546,5,5,5,4,4,5,3,3,5,4,5,4,4,4,5,4,4,5,4,4,5,5,5,4,5,5,5,5,"在组织高级别领导拜访中对材料的整理中有独特的逻辑，能完美的达到双方交流的目的；
在中广核宁夏的国重项目中，针对复杂的情况，根据当前的一些素材，能快速的总结出关键的点，满足项目的需求；",考虑到国内行销工作的复杂性，需要考虑规划团队的工作如何进行的更高效，如何能通过AI数字化的手段来解放一些重复性工作。,当前各个区域的工作相对比较饱和，无闲暇时间进行国内各大区的规划，可以考虑给各个区域经理组织定期的经验分享机制。,9.2,33,10,,营销,营销策略,B+
10009508,光储集团,营销体系,直销经营中心,国内直销,国内经营策略部,国内行销部,执行层,下级,10007906,5,5,5,5,5,5,4,4,5,5,5,5,5,5,5,5,5,5,5,5,5,5,5,5,5,5,5,5,统筹规划能力强、沟通引导有温度、担当尽责、以身作则,持续提升国际化视野,无,9.2,33,10,,营销,营销策略,B+
10009508,光储集团,营销体系,直销经营中心,国内直销,国内经营策略部,国内行销部,执行层,下级,10008004,5,5,4,5,4,5,4,5,4,5,5,5,4,5,5,5,5,5,5,4,4,5,4,5,5,5,5,5,"1、决策果断，担当负责
2、公平公正，一视同仁
3、诚信正直，作风正派
4、格局开阔，顾全大局",有意识地分配挑战性任务，帮助核心成员积累项目经验与管理经验,无,9.2,33,10,,营销,营销策略,B+
10009508,光储集团,营销体系,直销经营中心,国内直销,国内经营策略部,国内行销部,执行层,下级,10009294,5,5,5,5,5,5,4,4,5,5,5,5,4,4,5,5,5,5,5,5,5,5,5,5,5,5,5,5,对待下属意见能够耐心听取，工作经验丰富，能够高效协调资源解决工作难题。,能够更加关注员工的业务能力培训培养。,无,9.2,33,10,,营销,营销策略,B+
10009508,光储集团,营销体系,直销经营中心,国内直销,国内经营策略部,国内行销部,执行层,下级,10010714,3,3,3,3,3,2,2,3,4,3,3,3,2,2,2,2,2,3,3,3,3,3,3,3,3,3,3,4,"1. 待人友善；
2. 工作当中协调事情从公平公正的角度出发；","1. 团队管理方面领导力方面可以加强；
2. 增加全球化的视野；",除了事务性的管理之外，可以有时间聚焦在业务的发展、团队的能力提高等较大的方向上面。,9.2,33,10,,营销,营销策略,B+
10009508,光储集团,营销体系,直销经营中心,国内直销,国内经营策略部,国内行销部,执行层,下级,10013285,5,5,4,4,4,4,5,4,4,5,5,4,4,4,4,3,4,4,4,4,5,5,5,5,5,5,4,5,积极负责、不抱怨、给团队树立信心,暂无,暂无,9.2,33,10,,营销,营销策略,B+
10009508,光储集团,营销体系,直销经营中心,国内直销,国内经营策略部,国内行销部,执行层,下级,10013859,5,5,5,5,5,5,4,5,5,5,5,4,5,5,5,5,4,5,5,5,5,5,5,4,5,5,5,5,技术功底扎实，精通逆变器及储能系统，能够快速完成大型新能源项目技术方案、投标研判，项目把控能力突出；,高阶商务谈判策略需向前端同事宣贯，利用多跟进高层客户交流，强化商务博弈思维。,跨部门资源统筹节奏需持续强化，建议提前前置沟通，进一步提升项目推进效率。,9.2,33,10,,营销,营销策略,B+
10009508,光储集团,营销体系,直销经营中心,国内直销,国内经营策略部,国内行销部,执行层,下级,10014303,5,4,5,5,5,5,4,5,5,5,5,5,4,5,5,5,4,4,4,5,5,5,4,5,5,4,5,5,"1、具备敏锐的问题洞察与根因定位能力：能够穿透表象，精准识别问题核心，并快速对问题的性质、影响范围及优先级做出准确判断。
2、愿意给下属试错机会，并通过复盘、指导帮助其成长",建议领导在部门内推行更高效的数字化协同工具（或优化现有流程），减少大家在会议、填表等事务性工作上的内耗，让我们能有更多精力投入到客户价值和项目攻关中。,无,9.2,33,10,,营销,营销策略,B+
10009508,光储集团,营销体系,直销经营中心,国内直销,国内经营策略部,国内行销部,执行层,下级,10021416,4,5,5,5,5,5,3,5,4,5,5,5,5,5,4,5,5,5,5,4,5,5,5,5,5,4,4,5,"1、赏罚分明，能够有效激励下属
2、以身作则，尽职尽责推动重大问题闭环","1、有大局观，首要保证整个业务的目标和结果，内部矛盾放在后面
2、待人亲和，沟通有温度：在跨部门协作与客户对接中，能保持耐心与同理心，善于倾听各方诉求，用温和的沟通方式化解分歧，营造高效协作的氛围。
3、坚守原则，做事有底线：在项目合规、合同条款、风险管控等关键环节，始终坚守公司制度与职业操守，不触碰合规红线，在灵活推进业务的同时，保证流程规范与风险可控。",建议给下属明确工作责任和范围，减少内耗,9.2,33,10,,营销,营销策略,B+
10009508,光储集团,营销体系,直销经营中心,国内直销,国内经营策略部,国内行销部,执行层,下级,10022359,5,5,5,5,4,5,5,5,5,5,4,5,5,4,5,5,5,4,5,5,5,5,4,5,5,5,5,5,"1、认真听取团队合理化建议，每月帮助团队复盘给下属提供合理改进意见；
2、遇到项目流程被卡时，第一时间协调，给与团队很大的支持；","多给团队鼓励
",增加到区域互动的次数，在大区同团队复盘效果更优,9.2,33,10,,营销,营销策略,B+
10009508,光储集团,营销体系,直销经营中心,国内直销,国内经营策略部,国内行销部,执行层,下级,10027075,5,5,5,5,5,5,5,5,5,5,5,5,5,5,5,5,5,5,5,5,5,5,5,5,5,5,5,5,"1、善于跨部门协调与上下管理；
2、业务管理能力强，覆盖范围大。",业务管理范围较大、精力过于分散，对于内部组织无法做到完整洞察、评估、及细化安排。,暂无,9.2,33,10,,营销,营销策略,B+
10009508,光储集团,营销体系,直销经营中心,国内直销,国内经营策略部,国内行销部,执行层,协同方,10000936,,,,,,,,,,,,,,,,,,,,,,,,,,,,,,,,9.2,33,10,,营销,营销策略,B+
10009508,光储集团,营销体系,直销经营中心,国内直销,国内经营策略部,国内行销部,执行层,协同方,10001811,4,4,5,4,4,5,4,5,5,5,5,4,,,,,,,,4,4,4,5,4,4,5,5,4,跨部门沟通能力较强、执行力强,建议在决策方面更果断一些，另外多到区域了解一线困难。,锻炼身体，塑造革命本钱。,9.2,33,10,,营销,营销策略,B+
10009508,光储集团,营销体系,直销经营中心,国内直销,国内经营策略部,国内行销部,执行层,协同方,10008083,5,5,5,5,5,5,5,5,5,5,5,5,,,,,,,,5,5,5,5,5,5,5,5,5,勇于承担高挑战难度工作，乐观向上，积极主动，员工表率，让人放心,拓展全球业务能力,无,9.2,33,10,,营销,营销策略,B+
10009508,光储集团,营销体系,直销经营中心,国内直销,国内经营策略部,国内行销部,执行层,协同方,10009428,4,5,4,3,4,3,3,4,4,5,5,5,,,,,,,,4,4,3,4,5,4,4,4,4,"1、积极响应客户需求，维持良好的客户关系
2、内部跨部门沟通协调顺畅高效
3、寻找新的业务增长点，帮助业务发展和团队成长",看待问题需进一步提高全局视野,无,9.2,33,10,,营销,营销策略,B+
10009508,光储集团,营销体系,直销经营中心,国内直销,国内经营策略部,国内行销部,执行层,协同方,10009738,4,4,5,4,4,3,3,4,5,4,4,3,,,,,,,,5,5,4,4,4,5,5,5,5,"能够快速处理复杂问题，多线程工作能力强
总结能力强，结构化思维能力强",可以考虑提高全球化视野,无,9.2,33,10,,营销,营销策略,B+
10009508,光储集团,营销体系,直销经营中心,国内直销,国内经营策略部,国内行销部,执行层,协同方,10010291,5,4,5,3,3,4,5,4,4,5,5,5,,,,,,,,5,5,4,4,5,4,4,5,5,重要问题的介入和处理，灵活应变能力。,对于大区的解决方案的经营能力的要求上。,无,9.2,33,10,,营销,营销策略,B+
10009508,光储集团,营销体系,直销经营中心,国内直销,国内经营策略部,国内行销部,执行层,协同方,10029922,5,5,5,4,5,5,5,5,4,5,4,5,,,,,,,,5,5,5,4,4,4,4,4,5,积极协同,了解相对全面，不同岗位适应性强,协同时需要多交流,9.2,33,10,,营销,营销策略,B+
10009508,光储集团,营销体系,直销经营中心,国内直销,国内经营策略部,国内行销部,执行层,自己,10009508,5,5,5,4,4,4,4,3,4,5,4,5,4,4,4,5,4,4,5,4,5,5,5,4,4,5,5,5,"1、沟通协调能力强，擅长统筹区域整体工作，合理分配团队任务
2、自驱力强，学习积极性高","1、统筹思维能力不足。建议：站在更高一层级看待和处理问题
2、处理问题不够果断。建议：锻炼结构化思维能力，快速决断",暂无,9.2,33,10,,营销,营销策略,B+
10009528,光储集团,营销体系,欧洲大区,德语区、北欧、荷比卢、土耳其,土耳其,,执行层,上级,10009084,4,4,4,5,3,4,4,3,5,4,4,5,3,4,4,3,4,4,4,5,4,4,4,5,4,3,5,4,Very well connected in the market and leads the team very well and is respected. Continues to look for new business opportunities in a very challenging market environment.,Needs to better manage salary expectations of the team. Salary always a big topic in Turkey.,-,9.4,38,3,,营销,商务销售,B+
10009528,光储集团,营销体系,欧洲大区,德语区、北欧、荷比卢、土耳其,土耳其,,执行层,下级,10013812,5,5,5,5,5,5,5,5,5,5,5,5,4,4,4,4,5,5,5,5,5,5,4,5,5,5,5,5,"Developing business strategy very effectively based on market needs.
Always valuing colleagues opinions, fostering a strong team mindset, and empowering the team.
Motivating people in a precise and constructive way.","From both a business and personal perspective, he is a great person and an excellent businessman. Of course, there may be some areas for improvement; however, I have not noticed any significant shortcomings so far.",No,9.4,38,3,,营销,商务销售,B+
10009528,光储集团,营销体系,欧洲大区,德语区、北欧、荷比卢、土耳其,土耳其,,执行层,下级,10025968,,,,,,,,,,,,,,,,,,,,,,,,,,,,,,,,9.4,38,3,,营销,商务销售,B+
10009528,光储集团,营销体系,欧洲大区,德语区、北欧、荷比卢、土耳其,土耳其,,执行层,下级,10043793,4,4,4,4,4,4,5,5,5,5,5,4,3,3,4,4,5,4,4,4,4,4,5,5,5,3,4,4,He is very polite when communicating. He always tries to explain every topic in detail.,More team meetings will be better for sustain communication.,Noi thanks ,9.4,38,3,,营销,商务销售,B+
10009528,光储集团,营销体系,欧洲大区,德语区、北欧、荷比卢、土耳其,土耳其,,执行层,下级,10043795,,,,,,,,,,,,,,,,,,,,,,,,,,,,,,,,9.4,38,3,,营销,商务销售,B+
10009528,光储集团,营销体系,欧洲大区,德语区、北欧、荷比卢、土耳其,土耳其,,执行层,协同方,10007708,5,5,5,5,4,4,4,5,5,5,5,4,,,,,,,,5,5,4,4,4,4,5,4,5,Serious at work and highly committed to advancing localization efforts in Türkiye,The Turkish energy storage business still needs to strengthen its understanding of customer needs.,No comment,9.4,38,3,,营销,商务销售,B+
10009528,光储集团,营销体系,欧洲大区,德语区、北欧、荷比卢、土耳其,土耳其,,执行层,协同方,10007913,4,4,4,4,4,5,4,4,4,4,3,5,,,,,,,,5,4,4,4,5,4,5,5,5,Results-oriented,Organizational development,No comment,9.4,38,3,,营销,商务销售,B+
10009528,光储集团,营销体系,欧洲大区,德语区、北欧、荷比卢、土耳其,土耳其,,执行层,协同方,10009767,4,5,4,4,4,5,4,5,4,4,5,4,,,,,,,,4,4,4,5,4,4,5,5,4,No comment,No comment,No comment,9.4,38,3,,营销,商务销售,B+
10009528,光储集团,营销体系,欧洲大区,德语区、北欧、荷比卢、土耳其,土耳其,,执行层,协同方,10010407,4,4,4,4,3,3,3,4,2,3,3,3,,,,,,,,3,3,3,4,3,4,3,3,3,Utility customers,-,-,9.4,38,3,,营销,商务销售,B+
10009528,光储集团,营销体系,欧洲大区,德语区、北欧、荷比卢、土耳其,土耳其,,执行层,协同方,10014226,,,,,,,,,,,,,,,,,,,,,,,,,,,,,,,,9.4,38,3,,营销,商务销售,B+
10009528,光储集团,营销体系,欧洲大区,德语区、北欧、荷比卢、土耳其,土耳其,,执行层,协同方,10016054,,,,,,,,,,,,,,,,,,,,,,,,,,,,,,,,9.4,38,3,,营销,商务销售,B+
10009528,光储集团,营销体系,欧洲大区,德语区、北欧、荷比卢、土耳其,土耳其,,执行层,协同方,10017371,5,4,5,4,4,4,5,5,5,5,4,4,,,,,,,,4,5,5,5,5,4,5,5,5,/,/,/,9.4,38,3,,营销,商务销售,B+
10009528,光储集团,营销体系,欧洲大区,德语区、北欧、荷比卢、土耳其,土耳其,,执行层,协同方,10020206,5,5,4,4,3,4,5,5,4,5,3,4,,,,,,,,3,4,4,4,4,5,4,5,4,"Prioritization and Focus
Effective Communication and Collaboration","Seeking and Applying Feedback More Actively
Developing Others / Mentorship",NO,9.4,38,3,,营销,商务销售,B+
10009528,光储集团,营销体系,欧洲大区,德语区、北欧、荷比卢、土耳其,土耳其,,执行层,协同方,10020962,5,5,4,4,3,4,4,4,4,5,5,5,,,,,,,,4,4,5,4,5,5,5,4,5,"being a strong leader, building trust, promoting transparency, and supporting all areas of the business","delegation, empowerment, and expanding training opportunities for the team",no,9.4,38,3,,营销,商务销售,B+
10009528,光储集团,营销体系,欧洲大区,德语区、北欧、荷比卢、土耳其,土耳其,,执行层,协同方,10024186,4,3,3,3,3,3,4,4,3,4,4,4,,,,,,,,4,4,3,3,4,3,4,4,4,1. Has a deep understanding of the local market. 2. Has built strong relationships with local customers.,"1. Strengthen communication with other regions. 2. For product needs in this region (for example, the 1C system), seek more headquarters support",No comment,9.4,38,3,,营销,商务销售,B+
10009528,光储集团,营销体系,欧洲大区,德语区、北欧、荷比卢、土耳其,土耳其,,执行层,自己,10009528,5,4,4,5,3,4,5,4,3,5,5,5,3,4,4,4,4,4,2,4,5,5,4,5,5,5,5,4,"Customer driven solutions, Bureaucracy free autonomy, Trust-based team success.","KPI performance management, Work-Life integration & time boundaries",No other suggestions,9.4,38,3,,营销,商务销售,B+
10014773,制造体系,制造技术中心,工艺,PCBA工艺部,,,执行层,协同方,10016848,4,5,5,4,5,4,5,4,5,5,5,4,,,,,,,,4,5,5,4,5,5,4,5,5,遇事不骄不躁，工作有条不紊，专业能力出色,加强团队授权力度,/,5.8,33,2,,生产,生产工艺-PE,B+
10014773,制造体系,制造技术中心,工艺,PCBA工艺部,,,执行层,协同方,10016018,5,5,5,4,5,5,5,5,4,5,5,5,,,,,,,,4,5,5,5,4,5,5,4,5,专业技能出色,无,无,5.8,33,2,,生产,生产工艺-PE,B+
10014773,制造体系,制造技术中心,工艺,PCBA工艺部,,,执行层,协同方,10014913,4,5,4,5,4,4,5,4,5,5,5,5,,,,,,,,5,4,5,5,5,5,5,4,5,专业技术深厚,无,无,5.8,33,2,,生产,生产工艺-PE,B+
10014773,制造体系,制造技术中心,工艺,PCBA工艺部,,,执行层,协同方,10012953,4,4,4,4,4,5,4,4,4,4,4,4,,,,,,,,4,4,4,4,4,4,4,4,5,"主动识别需要完成的任务并积极采取行动，不会被动等待他人的要求；
根据部门重点工作目标和资源现状，平衡效益和风险，在工作中做出正确判断和行动，快速推动战略落地；
树立道德高线，严守纪律底线
","主动识别和记录业务管理中遇到的问题和挑战，创造性地提出改进设想并推动落地；
认识到不同视角、立场或文化带来的价值和风险，结合对各地区差异的理解，形成合理的管理机制",暂无,5.8,33,2,,生产,生产工艺-PE,B+
10014773,制造体系,制造技术中心,工艺,PCBA工艺部,,,执行层,协同方,10011752,4,4,4,4,5,4,4,4,3,5,5,4,,,,,,,,4,4,5,5,5,5,5,5,5,无,无,无,5.8,33,2,,生产,生产工艺-PE,B+
10014773,制造体系,制造技术中心,工艺,PCBA工艺部,,,执行层,协同方,10011377,5,5,5,4,4,5,4,4,5,5,4,5,,,,,,,,5,5,4,4,4,4,4,5,5,暂无,暂无,暂无,5.8,33,2,,生产,生产工艺-PE,B+
10014773,制造体系,制造技术中心,工艺,PCBA工艺部,,,执行层,协同方,10003643,4,4,4,3,4,3,2,2,3,4,4,4,,,,,,,,4,3,3,2,4,4,4,5,5,"1、多任务并行推进能力较强；
2、跨事业部协同思维较强。","1、对部分协同事项的处理节点意识有待进一步加强，避免进度风险；
2、团队激励措施有待进一步丰富。",多参与核心项目有争议的可制造性问题讨论,5.8,33,2,,生产,生产工艺-PE,B+
10014773,制造体系,制造技术中心,工艺,PCBA工艺部,,,执行层,协同方,10000987,3,3,4,3,3,4,3,4,4,3,4,4,,,,,,,,3,3,4,4,4,4,4,4,4,"1.擅长处理PCB各类制程异常，能解决问题。
2.善于带教团队，积极分享经验，业务能力整体向好。
3.跨部门沟通协调能力强，全力保障生产与项目正常运转。","1.加强新项目工艺前置评估，提前规避制程风险。
2.深化工艺标准化建设，完善标准与规范。
",持续深耕PCB前沿工艺技术，发挥工艺专业能力，给项目带来价值。,5.8,33,2,,生产,生产工艺-PE,B+
10014773,制造体系,制造技术中心,工艺,PCBA工艺部,,,执行层,协同方,10000410,4,5,4,4,5,4,4,5,5,5,4,5,,,,,,,,4,5,5,4,5,4,5,4,5,专业技术好,加强工程师培养,无,5.8,33,2,,生产,生产工艺-PE,B+
10014773,制造体系,制造技术中心,工艺,PCBA工艺部,,,执行层,下级,10018466,4,4,4,4,4,3,4,4,5,4,5,4,4,4,4,3,4,4,4,5,4,4,4,5,4,5,5,5,"1、工作认真，跨部门协作突出；
2、抗压能力强，工作细心严谨；
3、持续学习，进取心强；","1、业务的长远发展还需细化梳理思考；
2、团队的人才培养机制还需进一步梳理与完善；",无,5.8,33,2,,生产,生产工艺-PE,B+
10014773,制造体系,制造技术中心,工艺,PCBA工艺部,,,执行层,下级,10015655,5,4,4,5,4,3,4,4,5,5,5,5,3,4,4,3,4,4,3,5,5,5,4,5,5,5,5,5,"①以身作则，是工艺部门理想的工作榜样。
②情绪稳定，时刻保持温和、正面的工作状态，同时保持思维敏捷，积极面对各类工作中的难题。",暂无,暂无,5.8,33,2,,生产,生产工艺-PE,B+
10014773,制造体系,制造技术中心,工艺,PCBA工艺部,,,执行层,上级,10003156,5,5,4,5,5,4,4,4,5,5,5,5,4,5,5,5,5,5,5,5,5,5,5,5,5,5,5,5,"1，做事有始有终，分析问题细致，直击问题本质；
2，给团队充分的授权，给管理梯队成长的空间。","1，PCBA作为平台资源，不能孤立发展，要跟整机工艺充分融合，从装配全流程去消除断点，发挥自己的价值；
2，要建设自身的工艺影响力，进一步增强跨部门融合，在前端和后端体现工艺的专业能力。",从业务整体去考虑问题，锻炼自己的大局观。,5.8,33,2,,生产,生产工艺-PE,B+
10014629,制造体系,总部交付中心,计划,PCBA计划部,,,执行层,自己,10014629,3,3,4,3,2,3,4,3,4,5,5,4,4,5,3,3,3,3,4,4,4,5,4,5,4,5,5,5,"1.责任心强。在遇到生产异常时，积极对接生产、仓储、工艺等各个部门，务求解决问题，使生产正常进行，有很强的目标感和责任感
2.应急处理能力强，遇事不急躁，可以制定可执行的方案","1.预判能力不足，指定方案时缺少备选方案
2.工作中对产品的工艺知识、工序瓶颈了解不足，相关知识还需要进一步学习",努力学习，持续提升自己,5.8,31,3,,生产,计划物控,B+
10014629,制造体系,总部交付中心,计划,PCBA计划部,,,执行层,协同方,10037023,4,5,4,5,4,4,5,5,4,5,5,5,,,,,,,,5,4,5,5,5,5,5,5,5,谦逊可以很好接纳别人建议,对外沟通的刚性和了解现场的实际可以增加,暂无,5.8,31,3,,生产,计划物控,B+
10014629,制造体系,总部交付中心,计划,PCBA计划部,,,执行层,协同方,10014773,4,4,4,4,4,4,5,4,5,5,5,5,,,,,,,,4,5,5,4,5,5,4,5,5,沟通能力良好，积极主动,跨部门协同略显不足,无,5.8,31,3,,生产,计划物控,B+
10014629,制造体系,总部交付中心,计划,PCBA计划部,,,执行层,协同方,10020662,5,5,5,4,5,5,5,4,5,5,4,5,,,,,,,,5,4,5,5,4,4,4,4,4,在泰国新生产模式切换初期，选择远赴泰国进行流程梳理、业务开展,对事情的反应和处理速度需加快,暂无,5.8,31,3,,生产,计划物控,B+
10014629,制造体系,总部交付中心,计划,PCBA计划部,,,执行层,协同方,10009552,3,3,4,2,2,3,3,3,3,4,3,3,,,,,,,,3,4,3,3,3,3,4,4,5,适应性强,专业技能的深度拓展与创新应用：在现有核心业务技能上已能稳定输出成果，但在新技术、新工具的学习和落地应用上较为保守。,无,5.8,31,3,,生产,计划物控,B+
10014629,制造体系,总部交付中心,计划,PCBA计划部,,,执行层,协同方,10007747,4,4,4,4,4,4,4,4,4,4,4,4,,,,,,,,4,4,5,4,5,4,4,5,4,暂无,暂无,暂无,5.8,31,3,,生产,计划物控,B+
10014629,制造体系,总部交付中心,计划,PCBA计划部,,,执行层,协同方,10038123,4,4,5,4,4,5,5,5,5,5,4,5,,,,,,,,4,4,5,5,5,5,5,5,5," 1.在遇到生产异常时，积极对接生产、仓储、工艺等各个部门，务求解决问题，使生产正常进行，有很强的目标感和责任感
 2. 在订单临时调整等情景中，可以快速响应并梳理优先级，协调各方资源，制定可执行的方案，值得学习","1.目前计划工作更聚焦于日常事务处理，建议后续在制定计划时，提前梳理潜在风险点，并制定备选方案，进一步提升计划的抗风险能力
 2. 工作中对产品的工艺知识、工序瓶颈了解不足，排产未达到最优解，相关知识还需要进一步学习强化，减少周日生产加班",暂无,5.8,31,3,,生产,计划物控,B+
10014629,制造体系,总部交付中心,计划,PCBA计划部,,,执行层,协同方,10000974,4,4,4,4,4,4,5,5,4,4,3,4,,,,,,,,4,5,5,4,4,5,4,5,5,钝感力强，情绪稳定。,无,多了解现场实际情况，有助于计划的高质量达成。,5.8,31,3,,生产,计划物控,B+
10014629,制造体系,总部交付中心,计划,PCBA计划部,,,执行层,协同方,10000859,4,4,4,4,4,4,5,4,4,4,4,4,,,,,,,,4,4,4,4,4,3,4,5,5,适应海外生产环境，主动沟通,主动和上下流沟通协作,无,5.8,31,3,,生产,计划物控,B+
10014629,制造体系,总部交付中心,计划,PCBA计划部,,,执行层,下级,10036954,5,5,5,5,5,5,5,5,5,5,5,5,5,5,5,5,5,5,5,5,5,5,5,5,5,5,5,5,值得学习,暂无,暂无,5.8,31,3,,生产,计划物控,B+
10014629,制造体系,总部交付中心,计划,PCBA计划部,,,执行层,下级,10036014,5,5,5,5,5,5,4,4,4,4,5,4,5,4,5,4,5,4,5,4,4,4,5,5,4,5,4,4,主动深入了解基层业务。,整机与PCBA间业务流程优化。,协助PCBA计划排产业务推向信息化方向。,5.8,31,3,,生产,计划物控,B+
10014629,制造体系,总部交付中心,计划,PCBA计划部,,,执行层,下级,10026910,4,4,5,5,4,4,5,5,4,5,5,5,4,4,5,4,5,5,4,4,5,5,5,5,5,5,4,5,能够盯牢生产计划目标，并跟进目标完成,无,无,5.8,31,3,,生产,计划物控,B+
10014629,制造体系,总部交付中心,计划,PCBA计划部,,,执行层,下级,10016029,3,3,3,3,3,3,4,4,3,3,3,3,3,3,3,3,3,4,3,3,3,3,3,3,4,4,4,4,暂无,暂无,暂无,5.8,31,3,,生产,计划物控,B+
10014629,制造体系,总部交付中心,计划,PCBA计划部,,,执行层,下级,10009183,5,5,5,4,5,4,5,4,4,5,4,5,4,5,4,4,4,4,4,4,4,5,4,4,5,4,5,5,认真、负责、严谨,领导力强、较强的团队意识,希望推动自动化排程,5.8,31,3,,生产,计划物控,B+
10014629,制造体系,总部交付中心,计划,PCBA计划部,,,执行层,上级,10000367,3,3,3,3,3,4,4,4,3,3,3,3,4,4,4,3,4,5,5,3,4,4,4,4,4,4,4,5,"1、多年整机计划经验
2、具备海外工厂工作经验，积极参与国际化人才培训","1、新岗位业务学习，梳理业务全流程堵点，带领团队创新变革
2、与业务部门协同，积极响应他人需求",需快速融入新团队，支撑业务需求,5.8,31,3,,生产,计划物控,B+
10014397,光储集团,营销体系,中国大区,国内销售中心,西南大区（云/贵/川/渝）,,执行层,自己,10014397,4,5,5,4,5,5,5,5,5,5,5,5,4,3,4,3,4,4,4,5,5,5,5,5,4,5,5,5,无,无,无,3.9,36,0,,营销,商务销售,B
10014397,光储集团,营销体系,中国大区,国内销售中心,西南大区（云/贵/川/渝）,,执行层,协同方,10000936,,,,,,,,,,,,,,,,,,,,,,,,,,,,,,,,3.9,36,0,,营销,商务销售,B
10014397,光储集团,营销体系,中国大区,国内销售中心,西南大区（云/贵/川/渝）,,执行层,协同方,10027814,5,4,4,5,4,5,4,4,5,4,4,5,,,,,,,,5,4,4,4,5,5,5,5,5,"1、沟通能力强
2、团队协作能力强",1、某些项目对新员工的指导不够,暂无,3.9,36,0,,营销,商务销售,B
10014397,光储集团,营销体系,中国大区,国内销售中心,西南大区（云/贵/川/渝）,,执行层,协同方,10014303,4,3,4,4,3,3,4,4,5,5,4,4,,,,,,,,4,5,4,4,5,4,4,4,4,1、较强的逻辑思维，能够从下属的汇报中，抓住重点，迅速推动问题的解决,1、给予下属更多的关注和帮助,暂无,3.9,36,0,,营销,商务销售,B
10014397,光储集团,营销体系,中国大区,国内销售中心,西南大区（云/贵/川/渝）,,执行层,下级,10029968,5,5,5,5,4,5,5,4,4,5,5,5,5,5,4,4,4,5,5,5,4,5,4,5,5,5,5,5,"1根据年度任务，逐级分解，制定具体的阶段性目标
2认真对待每一个项目，从方案到落地阶段，全程做细致的服务工作",无,无,3.9,36,0,,营销,商务销售,B
10014397,光储集团,营销体系,中国大区,国内销售中心,西南大区（云/贵/川/渝）,,执行层,下级,10024423,5,5,5,5,5,5,5,5,5,5,5,5,5,5,5,5,5,5,5,5,5,5,5,5,5,5,5,5,,,,3.9,36,0,,营销,商务销售,B
10014397,光储集团,营销体系,中国大区,国内销售中心,西南大区（云/贵/川/渝）,,执行层,下级,10016042,4,3,4,4,4,4,4,3,5,5,5,5,3,4,5,3,3,4,3,4,4,5,5,5,5,5,5,5,"1：可以从技术端给予商务指导。
2：比较熟悉竞品情况。
","1：对于区域项目的指导能主动参与。
2：对于项目的决策方案提供决策性建议。",无,3.9,36,0,,营销,商务销售,B
10014397,光储集团,营销体系,中国大区,国内销售中心,西南大区（云/贵/川/渝）,,执行层,上级,10005068,4,3,3,3,2,2,2,3,3,3,3,3,1,1,3,3,3,3,3,4,4,3,3,2,2,3,3,3,有独立跟进项目能力，思维缜密，做事认真,容不下和自己意见不一致的观点和人，过于自负；猜忌心重，对同事缺乏真诚,暂无,3.9,36,0,,营销,商务销售,B
10014303,光储集团,营销体系,直销经营中心,国内直销,国内经营策略部,国内行销部,执行层,自己,10014303,4,4,5,5,5,5,4,5,4,5,5,5,4,4,4,5,4,4,4,5,5,5,4,4,4,4,5,5,"1、愿意给下属试错机会，并通过复盘、指导帮助其成长
2、在高强度、多线程、紧急任务下，仍能保持冷静，稳定输出",无,无,6,33,9,,营销,营销策略,B+
10014303,光储集团,营销体系,直销经营中心,国内直销,国内经营策略部,国内行销部,执行层,协同方,10022318,5,5,4,5,4,5,5,5,4,5,5,5,,,,,,,,5,4,5,5,5,5,5,4,5,流域项目需求洞察及时，推进工作井然有序,无,无,6,33,9,,营销,营销策略,B+
10014303,光储集团,营销体系,直销经营中心,国内直销,国内经营策略部,国内行销部,执行层,协同方,10017582,5,5,4,4,4,5,3,4,5,5,5,5,,,,,,,,5,4,5,4,5,5,5,4,4,对方技术能力突出，能够精准理解业务诉求，定制化方案落地效果良好。对接人员专业耐心，主动跟进项目进展,推进新项目/新任务时，可提前做好风险预判与预案，增强兜底能力。,无,6,33,9,,营销,营销策略,B+
10014303,光储集团,营销体系,直销经营中心,国内直销,国内经营策略部,国内行销部,执行层,协同方,10013859,5,5,4,5,5,5,5,5,4,5,5,5,,,,,,,,5,5,5,4,5,5,5,5,4,乐于知识分享，主动承担新人带教、课程授课，团队赋能意识强；2、做事严谨细致，方案、投标文件出错率低，工作质量高,对外沟通表达方式可更简洁直白，进一步提高沟通效率。,建议多沉淀个人项目方法论，形成可复用模板，持续为部门输出标准化资料。,6,33,9,,营销,营销策略,B+
10014303,光储集团,营销体系,直销经营中心,国内直销,国内经营策略部,国内行销部,执行层,协同方,10013285,4,5,4,4,4,4,5,4,4,5,5,4,,,,,,,,4,4,5,4,5,5,5,5,5,做事踏实、身先士卒、情商较高,无,无,6,33,9,,营销,营销策略,B+
10014303,光储集团,营销体系,直销经营中心,国内直销,国内经营策略部,国内行销部,执行层,协同方,10012376,4,5,4,5,4,4,5,4,5,5,5,5,,,,,,,,5,5,5,5,5,5,5,5,5,业务功底扎实，工作勤恳敬业；,建议加强业务深度学习，拓宽自身知识面，突破能力舒适区,暂无,6,33,9,,营销,营销策略,B+
10014303,光储集团,营销体系,直销经营中心,国内直销,国内经营策略部,国内行销部,执行层,协同方,10005068,4,4,4,4,4,5,5,3,5,4,5,5,,,,,,,,3,4,4,4,5,5,5,5,5,给团队成员充分尊重，培养了优秀的人才队伍；认真负责，务实敬业,需要更加严谨以提升准确性，敢于拍板决策,暂无,6,33,9,,营销,营销策略,B+
10014303,光储集团,营销体系,直销经营中心,国内直销,国内经营策略部,国内行销部,执行层,下级,10046173,4,5,5,5,5,4,5,5,4,5,5,4,5,4,5,4,4,4,5,5,5,5,5,5,5,5,5,5,"1.对细节要求极高，自身业务能力极强
2.不只关注结果，还注重下属的能力成长，犯错时给方法而非指责。","1. 业务经验丰富，但这些知识没有变成可检索的文档。定期内部分享之前踩过的坑，成功或失败的案例。
2.每个省份业务侧重略有差异，针对每个省份的重难点客户提供相应打法或解决思路。",无,6,33,9,,营销,营销策略,B+
10014303,光储集团,营销体系,直销经营中心,国内直销,国内经营策略部,国内行销部,执行层,下级,10035605,5,5,5,5,5,5,4,5,5,5,5,5,5,5,4,4,5,5,5,5,5,5,5,5,5,5,5,5,"在部门内总是营造良好的学习氛围，结合部门需求与公司的培训资料，为团队成员提供各种渠道的产品知识介绍；
通过高标准的绩效设定，实现日常高效的管理，有效推动区域业务发展",暂无,无,6,33,9,,营销,营销策略,B+
10014303,光储集团,营销体系,直销经营中心,国内直销,国内经营策略部,国内行销部,执行层,下级,10034733,5,5,5,5,5,5,5,4,5,5,5,4,5,5,5,5,5,5,5,5,5,5,5,5,4,4,5,5,"1、对于客户诉求，持续跟踪闭环，确保产品和服务质量；
2、整合区域及公司资源，与客户需求痛点高度匹配，推动项目签单。",无,无,6,33,9,,营销,营销策略,B+
10014303,光储集团,营销体系,直销经营中心,国内直销,国内经营策略部,国内行销部,执行层,下级,10029398,5,5,5,4,5,4,4,5,5,5,5,5,4,4,4,5,5,5,4,5,5,4,4,5,4,4,5,5,"1.积极响应客户，并善于挖掘客户深层次需求，助力项目推进工作；
2、关心激励下属，引导下属持续学习进步。",暂无,暂无,6,33,9,,营销,营销策略,B+
10014303,光储集团,营销体系,直销经营中心,国内直销,国内经营策略部,国内行销部,执行层,下级,10027814,5,4,5,4,5,5,4,5,5,5,5,5,5,5,5,5,5,5,4,5,4,5,5,4,5,5,4,5,"1、乐于分享自己的成功经验
2、团队氛围良好","1、日常工作中亲力亲为偏多
2、侧重当下业务落地与指标完成",暂无,6,33,9,,营销,营销策略,B+
10014303,光储集团,营销体系,直销经营中心,国内直销,国内经营策略部,国内行销部,执行层,下级,10027284,5,5,5,5,5,5,4,5,5,5,5,5,5,4,5,5,5,4,5,4,5,5,4,5,5,5,5,5,"1，善于倾听，能结合并理解客户的声音和诉求，准确梳理项目核心节点。
2，组织能力强，需要棘手问题，能快速分析症节，帮助团队拉通资源，协调推进","1、统筹规划与前瞻性布局能力
日常工作中更多聚焦当下事务推进，对中长期工作规划、跨部门长远协同布局思考偏少，容易出现临时应急工作多、提前预判不足的情况。
发展建议：建议每月梳理重点工作，制定季度、年度工作目标及推进节点；主动对接上下游部门，提前预判业务风险与需求，养成前置规划、统筹布局的工作习惯。
2、团队赋能与人才培养力度
工作中自身业务能力强，但对下属员工的指导帮带、技能赋能、成长规划投入不足，多以安排任务为主，缺少系统性带教和梯队培养。
发展建议：定期组织团队业务复盘、经验分享会，针对下属短板一对一辅导；结合员工特长制定个人成长计划，主动授权、放手历练，搭建团队人才梯队。",建议进一步加强跨界业务学习，主动了解上下游业务流程、公司整体战略布局，跳出自身岗位单一视角，拓宽业务视野和全局思维，更好支撑部门整体工作提质增效。,6,33,9,,营销,营销策略,B+
10014303,光储集团,营销体系,直销经营中心,国内直销,国内经营策略部,国内行销部,执行层,上级,10009508,3,4,3,4,4,4,3,3,4,5,4,5,4,3,3,5,4,4,5,5,5,5,5,4,4,5,5,5,"1、沟通表达能力出众，擅长维护客户与跨部门关系，区域协作推进十分顺畅。
2、乐于分享客情与沟通技巧，主动帮带新人，团队氛围营造做得很好。","1、技术深度有待加强，复杂技术问题独立攻坚能力不足。建议：利用空余时间深耕专业技术，主动参与技术研讨。
2、管理方式偏温和，对团队成员的短板指正不够直接。建议：加强一对一工作沟通，客观指出问题，做好团队督导。",暂无,6,33,9,,营销,营销策略,B+
10014287,光储集团,营销体系,亚太大区,运营管理部,,,执行层,自己,10014287,4,5,5,5,5,5,5,4,5,4,5,4,4,4,5,5,5,5,4,3,4,5,4,5,5,5,5,5,"1. 将复杂战略拆解为可执行、可量化的运营机制。针对“国家深耕、赛道穿透”的宏观战略，提出组织架构调整方案，并系统性地设计了配套的考核维度、费用预警机制、发货预测校验流程，并推动APAC BI等数字化工具落地，确保战略从“口号”转化为“动作”。
2. 主动推动跨部门协同与复杂项目落地。在子公司设立、仓储整合、APAC BI建设等需大量跨部门、跨文化协调的工作中，积极沟通，推动复杂事项闭环。",暂无,暂无,6,31,5,,营销,销售运营,A
10009738,光储集团,营销体系,直销经营中心,国内直销,国内经营策略部,营销策略部,执行层,上级,10009041,3,4,3,4,3,4,3,4,3,4,4,4,4,4,3,4,4,3,4,3,4,4,4,4,4,3,3,3,暂无,暂无,暂无,9.1,33,6,4/2/2026,营销,营销策略,B+
10009738,光储集团,营销体系,直销经营中心,国内直销,国内经营策略部,营销策略部,执行层,下级,10012221,5,5,5,5,5,4,4,5,5,5,5,4,4,4,5,5,5,5,5,5,4,5,5,5,4,5,5,5,暂无,暂无,建议在深耕产品能力的基础上，加强对非产品类业务策略的探索与实践，为业务发展提供更多元的解决方案,9.1,33,6,4/2/2026,营销,营销策略,B+
10009738,光储集团,营销体系,直销经营中心,国内直销,国内经营策略部,营销策略部,执行层,下级,10012376,5,4,5,4,4,4,4,4,4,5,4,4,3,4,5,4,4,5,5,4,4,5,4,4,5,5,5,5,工作认真，执行力强，团队协作意识优秀，工作中积极引导并倡导互帮互助,整体工作统筹规划能力可加强,暂无,9.1,33,6,4/2/2026,营销,营销策略,B+
10009738,光储集团,营销体系,直销经营中心,国内直销,国内经营策略部,营销策略部,执行层,下级,10022318,5,5,5,4,5,5,5,5,5,5,5,5,5,4,5,5,4,5,5,4,5,5,5,5,4,5,5,5,无,无,无,9.1,33,6,4/2/2026,营销,营销策略,B+
10009738,光储集团,营销体系,直销经营中心,国内直销,国内经营策略部,营销策略部,执行层,下级,10025451,4,5,5,5,5,4,4,5,5,4,5,4,5,4,5,5,5,4,5,5,5,5,4,5,5,4,5,5,"1、技术能力出色，擅长从技术角度解决问题。
2、关心组织内部发展，能够从不同角度去了解组织现状
",无,无,9.1,33,6,4/2/2026,营销,营销策略,B+
10009738,光储集团,营销体系,直销经营中心,国内直销,国内经营策略部,营销策略部,执行层,协同方,10008083,4,5,5,5,5,5,5,5,5,5,5,5,,,,,,,,5,5,5,5,5,5,5,5,5,技术专业研究深入，主动与各团队沟通，敢于突破困境，主动承担,拓展全球业务能力,无,9.1,33,6,4/2/2026,营销,营销策略,B+
10009738,光储集团,营销体系,直销经营中心,国内直销,国内经营策略部,营销策略部,执行层,协同方,10009508,5,4,5,4,5,4,5,5,5,5,5,4,,,,,,,,5,4,5,5,5,5,5,4,5,"1、技术能力极强
2、目标感极强，业务拓展能力突出，主动跑市场、对接客户，并助力区域赢单",1、营销思维还需要进一步培养，营销能力还要进一步沉淀,暂无,9.1,33,6,4/2/2026,营销,营销策略,B+
10009738,光储集团,营销体系,直销经营中心,国内直销,国内经营策略部,营销策略部,执行层,协同方,10010291,4,4,4,4,4,4,5,4,4,5,5,5,,,,,,,,4,4,4,5,5,4,4,5,5,光伏的专业知识，,在储能和多场景的技术能力和为人处事，以及关键的思维模型。,无,9.1,33,6,4/2/2026,营销,营销策略,B+
10009738,光储集团,营销体系,直销经营中心,国内直销,国内经营策略部,营销策略部,执行层,协同方,10029922,5,5,5,4,5,4,5,5,4,5,4,5,,,,,,,,5,5,5,4,4,4,4,4,5,有主动承担的责任感,积极协同，岗位适应性强,新技上策略上待加强,9.1,33,6,4/2/2026,营销,营销策略,B+
10009738,光储集团,营销体系,直销经营中心,国内直销,国内经营策略部,营销策略部,执行层,自己,10009738,4,4,4,4,5,5,4,3,4,5,4,4,3,3,4,4,4,4,3,4,4,5,4,5,4,4,5,5,"沟通能力较强，能够为达成目标进行持续坦诚的交流
有较强的持续学习能力，不断提升自身的专业知识及管理知识
善于总结归纳，举一反三通过流程或平台资料解决通用问题","提升储能及多场景专业知识
提升立体营销知识，并能够提出对应的营销方案
",持续学习，提升AI应用能力,9.1,33,6,4/2/2026,营销,营销策略,B+
10014287,光储集团,营销体系,亚太大区,运营管理部,,,执行层,协同方,10029044,4,5,4,5,4,5,5,5,5,4,4,4,,,,,,,,4,4,5,5,5,5,5,5,5,"①总是公正客观的看待事物与业务情况，不受当事人情绪和状态影响，把握问题核心
②工作逻辑清晰，对自己输出的数据认真负责，因此输出结果都能够令人信服","①统筹大区各部门业务情况，促进体系健康：对于亚太大区各部门的业务情况和主要工作内容有更全面的了解，对于有困难的部门给予关心和帮助，对于业务困难的部门协助其进行反馈，对于业务优秀的部门协助其获得嘉奖
②促进数据准确：对于产出的数据，可以和各部门沟通进行核验，并提前根据对各区域业务的了解进行",无,6,31,5,,营销,销售运营,A
10014287,光储集团,营销体系,亚太大区,运营管理部,,,执行层,协同方,10023275,3,4,4,3,3,3,3,3,3,3,4,4,,,,,,,,3,4,4,4,4,4,4,4,4,在子公司运营管理过程中，主动解决问题，维持公司良性运营。,多维度推动大区运营管理高效推进。,增加一些管理类知识的学习。,6,31,5,,营销,销售运营,A
10014287,光储集团,营销体系,亚太大区,运营管理部,,,执行层,协同方,10017042,,,,,,,,,,,,,,,,,,,,,,,,,,,,,,,,6,31,5,,营销,销售运营,A
10014287,光储集团,营销体系,亚太大区,运营管理部,,,执行层,协同方,10015001,4,5,5,5,4,5,4,4,4,4,5,4,,,,,,,,5,5,5,4,4,4,5,5,5,聪明，工作效率高，细致度高。,领导力可能需要提升。,有时候说话表达比较直接，其他暂无，是很聪明的人。,6,31,5,,营销,销售运营,A
10014287,光储集团,营销体系,亚太大区,运营管理部,,,执行层,协同方,10012082,5,5,5,5,5,4,5,5,5,5,5,5,,,,,,,,5,5,5,5,5,5,5,5,5,客观公正，尊重一线并力所能及帮助一线开展业务,在运营维度多深入区域具体业务，对本地业务提出创新性的建议和要求,无,6,31,5,,营销,销售运营,A
10014287,光储集团,营销体系,亚太大区,运营管理部,,,执行层,协同方,10010122,5,5,4,3,5,5,4,4,4,4,5,4,,,,,,,,5,4,5,5,5,5,5,5,5,"Efficient HQ Alignment & Reporting: She is exceptionally fast at communicating HQ regulations and procedures. Her ability to efficiently gather and organize regional data contributes significantly to high-quality reporting back to headquarters.

Unbiased and Empathetic Collaboration: She demonstrates commendable inclusivity by treating local colleagues warmly and without any preconceived notions. She proactively listens to their challenges, making her an exemplary model of a supportive global teammate.","Proactive Operational Leadership: Although she delivers HQ directives with speed and clarity, there is room for her to be less passive. I encourage her to move beyond just transmitting instructions and instead take a more proactive role in guiding and leading local teams toward better results.

Facilitating Two-Way Communication: She should focus on establishing a balanced, two-way dialogue between HQ and regional offices. Actively engaging with local colleagues to gather their feedback—rather than only practicing top-down communication—will help her drive more effective and practical solutions.","She brings wonderful energy to the team, and her ability to maintain a bright demeanor during busy times does a lot for our office morale. For her future career trajectory, I suggest she focus on deepening her specialized knowledge. Considering further academic pursuits, such as a Master's degree, would be an excellent step to elevate her professional expertise and maximize her impact as a key specialist in our company.",6,31,5,,营销,销售运营,A
10014287,光储集团,营销体系,亚太大区,运营管理部,,,执行层,协同方,10007215,5,4,4,5,4,5,4,4,4,4,4,5,,,,,,,,4,5,5,5,4,5,5,5,4,Always support on the problems comes and give some solution and if not available coordinate internally and give effective solutions,Support provided should be little faster,No,6,31,5,,营销,销售运营,A
10014287,光储集团,营销体系,亚太大区,运营管理部,,,执行层,协同方,10005422,3,3,3,3,4,3,2,3,2,3,3,3,,,,,,,,3,3,3,2,3,2,2,4,4,在亚太大区仓储物流关务体系建设中展现了较好的统筹能力和解决问题的韧性,用数字化手段提升大区管理的可视度,建议建立大区与总部的定期“复盘分享会”机制,6,31,5,,营销,销售运营,A
10014287,光储集团,营销体系,亚太大区,运营管理部,,,执行层,协同方,10005363,,,,,,,,,,,,,,,,,,,,,,,,,,,,,,,,6,31,5,,营销,销售运营,A
10014287,光储集团,营销体系,亚太大区,运营管理部,,,执行层,协同方,10004740,5,4,4,3,4,5,5,4,4,4,4,5,,,,,,,,4,4,4,4,4,4,4,3,4,亚太存货管理和风险梳理过程中积极处理高风险存货，拉通管理机制,无,无,6,31,5,,营销,销售运营,A
10014287,光储集团,营销体系,亚太大区,运营管理部,,,执行层,下级,10047637,5,5,5,5,5,4,4,4,5,5,5,5,4,4,4,5,5,5,4,4,4,5,5,5,5,4,4,5,"1、主动对新人进行培训，并详细介绍部门成员及团队主要职责，任务下发清晰明确
2、沟通能力较强",暂无,暂无,6,31,5,,营销,销售运营,A
10014287,光储集团,营销体系,亚太大区,运营管理部,,,执行层,下级,10042720,5,4,5,4,5,4,5,4,5,4,5,4,5,5,5,5,5,4,5,4,5,4,5,4,5,4,5,4,"1、经常性开展部门人员工作进度及维度对齐工作，确保人尽齐用
2、针对部门工作薄弱环节，主动探索新方法论，并进行知识传递",目前暂时没有,目前暂时没有,6,31,5,,营销,销售运营,A
10014287,光储集团,营销体系,亚太大区,运营管理部,,,执行层,下级,10036271,5,5,5,5,5,5,5,4,4,5,5,5,5,5,5,5,5,5,5,5,5,5,5,5,4,5,5,5,善于质疑,记性不好,无,6,31,5,,营销,销售运营,A
10014287,光储集团,营销体系,亚太大区,运营管理部,,,执行层,下级,10030330,5,5,5,5,5,5,5,5,5,5,5,5,5,5,5,5,5,5,5,5,5,5,5,5,5,5,5,5,NA,NA,NA,6,31,5,,营销,销售运营,A
10014287,光储集团,营销体系,亚太大区,运营管理部,,,执行层,下级,10027046,5,5,5,5,4,5,4,5,5,5,5,5,5,5,5,4,5,5,5,5,5,5,4,5,5,5,5,5,"1.优秀的协调沟通能力；
2.逻辑思维能力强，能精准识别问题点。",暂无,暂无,6,31,5,,营销,销售运营,A
10014287,光储集团,营销体系,亚太大区,运营管理部,,,执行层,上级,10001001,5,5,5,5,4,5,4,5,4,5,4,4,5,5,5,5,5,4,4,5,5,5,4,4,4,5,4,5,暂无,暂无,暂无,6,31,5,,营销,销售运营,A
10014226,光储集团,营销体系,欧洲大区,德语区、北欧、荷比卢、土耳其,荷比卢,,执行层,自己,10014226,4,5,4,4,3,4,5,5,5,5,5,4,3,3,4,4,4,3,4,4,5,5,3,5,5,5,5,5,"-不仅能够理解公司战略目标，同时注重落地执行，以及点对点，端到端的督促
-海外经验丰富，能够作为公司的文化使者，向海外员工传递，目标让海外员工不仅热爱工作，而且热爱阳光电源
-以结果为导向，日常员工管理及工作中保持灵活度，不断改进工作思路和沟通方式，从而达到目标
-以身作则，维护公司利益，贪污受贿，官僚作风，零容忍",-管理创新，数字化工具推进慢,钝感力培养，高情商沟通,3.3,36,14,,营销,商务销售,B+
10014226,光储集团,营销体系,欧洲大区,德语区、北欧、荷比卢、土耳其,荷比卢,,执行层,协同方,10041408,4,4,4,4,4,5,5,4,4,5,4,4,,,,,,,,4,4,5,4,4,3,5,5,4,"Actively promotes unity
Spreads culture and happiness around him. ",Improve active listening ,No more feedback,3.3,36,14,,营销,商务销售,B+
10014226,光储集团,营销体系,欧洲大区,德语区、北欧、荷比卢、土耳其,荷比卢,,执行层,协同方,10022494,5,4,5,4,5,4,5,4,5,4,5,4,,,,,,,,5,4,5,5,5,4,5,5,4,优秀、专业、业务导向,优秀、专业、业务导向,优秀、专业、业务导向,3.3,36,14,,营销,商务销售,B+
10014226,光储集团,营销体系,欧洲大区,德语区、北欧、荷比卢、土耳其,荷比卢,,执行层,协同方,10020962,4,5,4,4,3,4,4,4,4,5,5,4,,,,,,,,5,4,5,4,4,4,4,4,5,"knowing the team, being available, and supporting both business and personal well‑being","prioritization, delegation, process flow, and stricter deadline management towards direct reports",no,3.3,36,14,,营销,商务销售,B+
10014226,光储集团,营销体系,欧洲大区,德语区、北欧、荷比卢、土耳其,荷比卢,,执行层,协同方,10017371,5,4,5,4,4,4,5,5,5,5,4,4,,,,,,,,4,5,5,5,5,4,5,5,5,/,/,/,3.3,36,14,,营销,商务销售,B+
10014226,光储集团,营销体系,欧洲大区,德语区、北欧、荷比卢、土耳其,荷比卢,,执行层,协同方,10017052,5,4,4,3,5,5,4,5,5,4,4,4,,,,,,,,4,4,4,3,5,4,3,5,4,Leadership and redefining targets,Rebuild customer trust in PV,No,3.3,36,14,,营销,商务销售,B+
10014226,光储集团,营销体系,欧洲大区,德语区、北欧、荷比卢、土耳其,荷比卢,,执行层,协同方,10016384,3,4,3,4,3,3,3,4,4,4,2,4,,,,,,,,2,3,2,5,3,4,2,3,3,"quick mover, sales focus","more big-picture view, respect cross team voice, end to end ownership",having control and awareness across the entire value chain,3.3,36,14,,营销,商务销售,B+
10014226,光储集团,营销体系,欧洲大区,德语区、北欧、荷比卢、土耳其,荷比卢,,执行层,协同方,10016054,,,,,,,,,,,,,,,,,,,,,,,,,,,,,,,,3.3,36,14,,营销,商务销售,B+
10014226,光储集团,营销体系,欧洲大区,德语区、北欧、荷比卢、土耳其,荷比卢,,执行层,协同方,10014933,3,3,3,2,2,2,2,2,2,3,2,2,,,,,,,,3,2,2,4,2,3,2,2,2,目标感重，对于客户关系有敏感度,多用本地团队，要相信本地人是能够被带出来的,多用本地团队，要相信本地人是能够被带出来的，不要图简单粗暴，只用中国人,3.3,36,14,,营销,商务销售,B+
10014226,光储集团,营销体系,欧洲大区,德语区、北欧、荷比卢、土耳其,荷比卢,,执行层,协同方,10010407,3,3,3,3,3,4,4,4,2,2,4,4,,,,,,,,4,3,4,3,3,3,4,3,2,China Europe understanding,-,-,3.3,36,14,,营销,商务销售,B+
10014226,光储集团,营销体系,欧洲大区,德语区、北欧、荷比卢、土耳其,荷比卢,,执行层,协同方,10009767,4,5,4,4,5,5,5,5,4,5,5,3,,,,,,,,5,4,4,5,4,4,5,5,5,冲劲强,无,无,3.3,36,14,,营销,商务销售,B+
10014226,光储集团,营销体系,欧洲大区,德语区、北欧、荷比卢、土耳其,荷比卢,,执行层,协同方,10009528,4,4,4,4,3,4,5,4,5,4,3,4,,,,,,,,5,3,4,5,4,4,4,4,4,"Proactive, customer oriented, good HQ connections ",I don't have,I don't have,3.3,36,14,,营销,商务销售,B+
10014226,光储集团,营销体系,欧洲大区,德语区、北欧、荷比卢、土耳其,荷比卢,,执行层,协同方,10007913,4,3,4,4,4,4,4,4,4,4,3,4,,,,,,,,4,4,5,4,5,4,5,4,5,客户思维,组织发展,无,3.3,36,14,,营销,商务销售,B+
10009767,光储集团,营销体系,欧洲大区,工商业光伏及户用业务部,,,执行层,上级,10000751,5,4,5,5,5,5,5,4,4,5,5,5,4,4,5,4,4,5,5,5,5,5,5,5,5,5,5,5,勤奋,跨文化管理及面向一线业务的决策能力,无,9.1,35,7,2/13/2026,营销,营销策略,A
10009767,光储集团,营销体系,欧洲大区,工商业光伏及户用业务部,,,执行层,下级,10013374,5,4,3,4,3,3,3,3,4,4,4,4,2,3,2,3,3,4,3,4,3,4,4,4,4,4,3,3,"communication directly with sales team, open listening to team members ","process oriented, structure and team cooperation clarification ",more transparent communication regardless of language and culture barriers  ,9.1,35,7,2/13/2026,营销,营销策略,A
10009767,光储集团,营销体系,欧洲大区,工商业光伏及户用业务部,,,执行层,下级,10018433,5,4,5,4,5,5,4,4,3,5,4,4,3,4,5,5,5,4,5,4,4,5,3,3,4,4,5,4,"Matt always tries to find a solution as quickly as possible for difficult issues, which helps me a lot.","
Communication, message transmission, goal setting",Can be more open to get more help on daily work,9.1,35,7,2/13/2026,营销,营销策略,A
10009767,光储集团,营销体系,欧洲大区,工商业光伏及户用业务部,,,执行层,下级,10026240,4,4,4,4,4,5,5,4,5,4,4,4,3,3,4,4,5,4,5,4,4,5,3,4,3,4,5,5,勇于担责；快速回应；团队凝聚力强,"建议部门工作再聚焦，勿被其他部门过度占用资源与时间；
建议任务下发及完成时间，评估合理后下发，给以下属充分的时间思考与达成；",暂无,9.1,35,7,2/13/2026,营销,营销策略,A
10009767,光储集团,营销体系,欧洲大区,工商业光伏及户用业务部,,,执行层,下级,10027131,3,4,4,4,3,4,4,3,3,4,4,3,2,3,4,3,3,4,4,4,4,4,4,3,5,5,5,4,very open to hear regional difference and needs and always jump on to help with alternative and flexible solutions,it is sometimes not very clear how the decision relating to product / market entry is being made and there is not a lot transparency on how multi-team collborate and guided by ,it would be useful to be involved in product-related decison and market strategy analysis ,9.1,35,7,2/13/2026,营销,营销策略,A
10009767,光储集团,营销体系,欧洲大区,工商业光伏及户用业务部,,,执行层,下级,10031583,4,4,4,3,3,4,4,4,3,4,3,3,2,3,3,2,2,4,2,4,3,4,2,2,2,3,4,3,"Matt has taken the effort to personally initiate communication 1-2-1 with all our team, to undertsand and meet us. Has also expressed his wishes in the position and allowed us to understand the goal. Also invited us to reach out when needed. ","- More time to check with the under teams, for manager point of view and kpi clearance.
- Communicate more efficiently the middle goals during the quarters, not just the big goal. This allows us to perform better","No other. 
",9.1,35,7,2/13/2026,营销,营销策略,A
10009767,光储集团,营销体系,欧洲大区,工商业光伏及户用业务部,,,执行层,下级,10032338,5,5,5,5,5,5,4,4,5,5,5,5,4,4,5,5,5,5,5,5,5,5,5,5,5,5,5,5,能听取他人意见，及时调整，,尽量减少临时且紧急的任务出现的频率,注意身体，减少压力,9.1,35,7,2/13/2026,营销,营销策略,A
10009767,光储集团,营销体系,欧洲大区,工商业光伏及户用业务部,,,执行层,下级,10032885,5,5,4,4,5,5,4,5,4,5,3,3,2,5,5,4,5,4,4,5,4,4,4,5,5,4,5,4,"1. Strong understanding of market trends and business strategy, especially in identifying opportunities and risks in the residential PV and storage market.
2. Very supportive in cross-team collaboration and communication, helping align HQ, local teams, and partners efficiently.
3. Demonstrated strong technical and product knowledge, especially in guiding discussions around new product launches, customer requirements, and market positioning.","1. Could further strengthen team collaboration by organizing more regular team-building activities and cross-department workshops to improve communication and alignment.
2. More frequent quarterly workshops or knowledge-sharing sessions could help teams stay better updated on product strategy, market trends, and technical developments.",Not at the Moment. ,9.1,35,7,2/13/2026,营销,营销策略,A
10009767,光储集团,营销体系,欧洲大区,工商业光伏及户用业务部,,,执行层,下级,10041191,,,,,,,,,,,,,,,,,,,,,,,,,,,,,,,,9.1,35,7,2/13/2026,营销,营销策略,A
10009767,光储集团,营销体系,欧洲大区,工商业光伏及户用业务部,,,执行层,协同方,10006913,4,4,4,4,3,4,4,5,4,5,5,4,,,,,,,,4,4,4,4,4,4,4,5,5,沟通协调能力强，善于换位思考,加强推动力，加强国际化能力,暂无,9.1,35,7,2/13/2026,营销,营销策略,A
10009767,光储集团,营销体系,欧洲大区,工商业光伏及户用业务部,,,执行层,协同方,10007913,4,4,4,4,4,5,4,3,4,5,4,5,,,,,,,,5,4,4,4,5,4,5,5,5,结果导向,组织发展,无,9.1,35,7,2/13/2026,营销,营销策略,A
10009767,光储集团,营销体系,欧洲大区,工商业光伏及户用业务部,,,执行层,协同方,10009084,2,2,2,3,4,2,2,3,1,3,3,3,,,,,,,,4,2,2,1,1,2,2,3,3,-,not very involved with the local teams and needs to understand better cultural differences and customer requirements,-,9.1,35,7,2/13/2026,营销,营销策略,A
10009767,光储集团,营销体系,欧洲大区,工商业光伏及户用业务部,,,执行层,协同方,10009470,2,3,3,3,3,3,4,4,3,3,3,4,,,,,,,,2,3,4,4,4,3,5,3,5,Paying attention to former errors in distribution and trying to solve them,"Needs to take decisions quicker, very burocratic in the decisions, needs to travel and understand local needs, better work in allocation, needs to say yes or no","Listen to local teams and quick decisions, learn to say yes or know",9.1,35,7,2/13/2026,营销,营销策略,A
10009767,光储集团,营销体系,欧洲大区,工商业光伏及户用业务部,,,执行层,协同方,10013582,3,3,3,2,2,3,1,1,1,2,2,3,,,,,,,,2,3,3,2,4,2,2,3,2,No comments,Need to learn to be more localised working in EU,No comments,9.1,35,7,2/13/2026,营销,营销策略,A
10009767,光储集团,营销体系,欧洲大区,工商业光伏及户用业务部,,,执行层,协同方,10014933,3,3,2,2,2,2,2,2,2,1,2,2,,,,,,,,2,2,3,2,3,3,2,2,3,温和，对人比较亲切,转变思维，在一线岗位要有经营管理的意识和销售能力,转变思维，在一线岗位要有经营管理的意识和销售能力,9.1,35,7,2/13/2026,营销,营销策略,A
10009767,光储集团,营销体系,欧洲大区,工商业光伏及户用业务部,,,执行层,协同方,10015242,3,4,4,3,3,5,5,5,2,5,5,5,,,,,,,,4,5,4,3,5,3,4,4,5,"Team Communication
",NA,NA,9.1,35,7,2/13/2026,营销,营销策略,A
10009767,光储集团,营销体系,欧洲大区,工商业光伏及户用业务部,,,执行层,协同方,10015667,3,3,3,3,4,3,3,5,2,4,4,4,,,,,,,,3,3,5,3,4,4,3,3,5,he is developing ,understand better EU bussiness,N/A,9.1,35,7,2/13/2026,营销,营销策略,A
10009767,光储集团,营销体系,欧洲大区,工商业光伏及户用业务部,,,执行层,协同方,10015954,1,1,2,1,1,1,1,1,1,3,2,2,,,,,,,,3,1,3,1,3,2,3,4,3,需要时间观察,加强跨区域，跨部门沟通力,要有独立思考和判断力,9.1,35,7,2/13/2026,营销,营销策略,A
10009767,光储集团,营销体系,欧洲大区,工商业光伏及户用业务部,,,执行层,协同方,10017380,3,2,1,1,1,1,2,1,1,1,1,1,,,,,,,,2,1,4,1,4,1,5,4,4,工作努力,开放交流,无,9.1,35,7,2/13/2026,营销,营销策略,A
10009767,光储集团,营销体系,欧洲大区,工商业光伏及户用业务部,,,执行层,协同方,10024939,3,4,4,4,4,4,4,4,4,5,4,5,,,,,,,,4,4,5,4,5,4,4,5,5,NA,NA,NA,9.1,35,7,2/13/2026,营销,营销策略,A
10009767,光储集团,营销体系,欧洲大区,工商业光伏及户用业务部,,,执行层,协同方,10031684,,,,,,,,,,,,,,,,,,,,,,,,,,,,,,,,9.1,35,7,2/13/2026,营销,营销策略,A
10009767,光储集团,营销体系,欧洲大区,工商业光伏及户用业务部,,,执行层,协同方,10033767,4,4,4,4,4,4,4,4,4,4,4,4,,,,,,,,4,4,4,4,4,4,4,4,4,无接触,无接触,无,9.1,35,7,2/13/2026,营销,营销策略,A
10009767,光储集团,营销体系,欧洲大区,工商业光伏及户用业务部,,,执行层,协同方,10040535,,,,,,,,,,,,,,,,,,,,,,,,,,,,,,,,9.1,35,7,2/13/2026,营销,营销策略,A
10009767,光储集团,营销体系,欧洲大区,工商业光伏及户用业务部,,,执行层,协同方,10043707,4,4,4,4,4,4,4,4,4,4,4,4,,,,,,,,4,4,4,4,4,4,4,4,4,Na,Na,Na,9.1,35,7,2/13/2026,营销,营销策略,A
10009767,光储集团,营销体系,欧洲大区,工商业光伏及户用业务部,,,执行层,自己,10009767,4,5,4,5,4,5,4,4,5,5,5,5,3,4,5,5,5,5,4,4,5,5,5,4,5,4,5,5,以身作则，带头工作，高频出差； 做事踏实落地,加强销售角色的敏感性,无,9.1,35,7,2/13/2026,营销,营销策略,A
10014226,光储集团,营销体系,欧洲大区,德语区、北欧、荷比卢、土耳其,荷比卢,,执行层,协同方,10007708,5,5,5,5,5,5,4,4,4,4,4,4,,,,,,,,4,4,4,4,4,4,5,5,5,工作热情积极，秉持好学态度,荷比卢的地面光伏业务需要尽快扭转,无,3.3,36,14,,营销,商务销售,B+
10014226,光储集团,营销体系,欧洲大区,德语区、北欧、荷比卢、土耳其,荷比卢,,执行层,协同方,10007343,5,4,4,4,4,5,5,5,4,5,5,5,,,,,,,,4,4,5,5,5,4,4,5,4,...,...,...,3.3,36,14,,营销,商务销售,B+
10014226,光储集团,营销体系,欧洲大区,德语区、北欧、荷比卢、土耳其,荷比卢,,执行层,下级,10047848,5,5,5,5,4,4,5,5,5,5,4,5,4,4,5,5,5,5,4,5,5,5,4,4,4,5,5,5,"1. 具备清晰的战略视角与业务判断力
能够从全局出发制定符合本地市场特点的策略，并在复杂环境中做出高质量决策，平衡短期业绩与长期发展，为团队提供明确方向。
2. 推动跨团队协同，提升整体执行效率
在多团队协作中，能够有效整合资源、打破信息壁垒，推动关键项目顺利落地，显著提升组织整体的执行力和协同效率。",可以建立更结构化的信息同步机制（如固定节奏沟通、关键节点对齐），提升沟通的透明度与一致性。,暂无,3.3,36,14,,营销,商务销售,B+
10014226,光储集团,营销体系,欧洲大区,德语区、北欧、荷比卢、土耳其,荷比卢,,执行层,下级,10044626,4,3,4,3,3,2,3,4,5,5,3,4,4,4,2,4,3,2,3,5,5,5,5,4,5,3,5,4,-,-,-,3.3,36,14,,营销,商务销售,B+
10014226,光储集团,营销体系,欧洲大区,德语区、北欧、荷比卢、土耳其,荷比卢,,执行层,下级,10033073,,,,,,,,,,,,,,,,,,,,,,,,,,,,,,,,3.3,36,14,,营销,商务销售,B+
10014226,光储集团,营销体系,欧洲大区,德语区、北欧、荷比卢、土耳其,荷比卢,,执行层,下级,10031714,4,4,4,4,4,4,5,4,5,4,5,4,5,4,5,4,5,4,5,4,5,4,5,4,5,4,5,4,"1.行为果断
2.决策正确
3.奖罚分明","1.无
2.无
3.无",无,3.3,36,14,,营销,商务销售,B+
10014226,光储集团,营销体系,欧洲大区,德语区、北欧、荷比卢、土耳其,荷比卢,,执行层,下级,10030099,5,5,5,5,5,5,4,4,5,5,5,5,4,4,4,5,5,5,5,5,5,5,4,4,4,5,5,5,Customer First/ Results-oriented/ Merit-based selection,Greater consistency in communication and information presentation would facilitate faster alignment and more effective execution,Nah,3.3,36,14,,营销,商务销售,B+
10014226,光储集团,营销体系,欧洲大区,德语区、北欧、荷比卢、土耳其,荷比卢,,执行层,下级,10027548,5,4,4,4,5,4,5,4,4,5,4,4,4,4,4,4,4,3,3,4,4,4,4,4,4,5,5,4,"He listen to the given feedback and try to work on it.
I can communicate with hem in open way.
He pay attention to details in meetings and constat try to improvement.

",Push for a better marketing team!,no,3.3,36,14,,营销,商务销售,B+
10014226,光储集团,营销体系,欧洲大区,德语区、北欧、荷比卢、土耳其,荷比卢,,执行层,下级,10027517,5,4,5,4,5,4,4,5,5,5,5,5,5,4,5,5,5,5,5,5,5,5,5,5,5,5,5,5,领导力/执行力,无,无,3.3,36,14,,营销,商务销售,B+
10014226,光储集团,营销体系,欧洲大区,德语区、北欧、荷比卢、土耳其,荷比卢,,执行层,下级,10025555,5,5,5,5,5,5,4,5,5,5,5,5,5,5,5,5,5,5,5,5,5,5,5,5,4,5,5,5,"Comprehend corporate strategy, analyze internal and external industry landscapes, identify risks and tap into business growth opportunities.","Proactively engage with creative and innovative proposals from department members, develop a sound incentive system to commend high-impact innovation practices delivered by individuals or teams. In addition, give full recognition to courageous innovation attempts regardless of final results.",No,3.3,36,14,,营销,商务销售,B+
10014226,光储集团,营销体系,欧洲大区,德语区、北欧、荷比卢、土耳其,荷比卢,,执行层,下级,10021161,,,,,,,,,,,,,,,,,,,,,,,,,,,,,,,,3.3,36,14,,营销,商务销售,B+
10014226,光储集团,营销体系,欧洲大区,德语区、北欧、荷比卢、土耳其,荷比卢,,执行层,下级,10017953,4,4,4,4,4,4,4,4,4,4,4,4,4,4,4,4,4,4,4,4,4,4,4,4,4,4,4,4,I don’t know,Communication ,No suggestions,3.3,36,14,,营销,商务销售,B+
10009774,光储集团,充电事业部,产品中心,研发中心,软件平台,控制软件部,执行层,上级,10013915,3,4,4,4,4,4,5,4,3,4,4,4,5,5,5,4,4,4,4,4,5,5,5,5,5,5,5,5,善于发现团队成员优点,加强跨部门沟通能力，更多跨部门展现个人/团队,个人技能提升,3.8,34,5,,产品与研发,控制软件,B+
10009774,光储集团,充电事业部,产品中心,研发中心,软件平台,控制软件部,执行层,下级,10013929,5,5,5,5,5,5,5,5,4,5,5,5,5,5,5,4,5,5,5,5,5,5,5,5,4,5,5,5,快速识别出AI在DSP控制软件中的巨大作用，积极推动应用，使本部门AI应用水平，在公司中排前列，大大提高了工作效率。,加强身体锻炼，更好的身体，更好的工作效率,无,3.8,34,5,,产品与研发,控制软件,B+
10009774,光储集团,充电事业部,产品中心,研发中心,软件平台,控制软件部,执行层,下级,10028370,5,5,5,5,4,5,4,5,5,4,4,5,5,5,5,5,5,5,5,5,5,5,5,5,5,5,5,5,"1.有创新想法，且会付出实施；
2.结合团队每个人的特点，安排不同的项目工作；",建议放松一点，不要有太大压力,暂无,3.8,34,5,,产品与研发,控制软件,B+
10009774,光储集团,充电事业部,产品中心,研发中心,软件平台,控制软件部,执行层,下级,10034654,5,5,5,4,4,5,4,5,5,5,5,4,5,4,4,4,5,5,4,5,5,4,5,4,5,5,4,5,无,无,无,3.8,34,5,,产品与研发,控制软件,B+
10009774,光储集团,充电事业部,产品中心,研发中心,软件平台,控制软件部,执行层,下级,10034878,4,5,5,4,4,4,5,5,5,5,5,4,4,5,4,4,4,4,4,4,5,5,4,5,4,4,5,5,包容、开放、尊重、思考全面,暂无,暂无,3.8,34,5,,产品与研发,控制软件,B+
10009774,光储集团,充电事业部,产品中心,研发中心,软件平台,控制软件部,执行层,下级,10034940,,,,,,,,,,,,,,,,,,,,,,,,,,,,,,,,3.8,34,5,,产品与研发,控制软件,B+
10009774,光储集团,充电事业部,产品中心,研发中心,软件平台,控制软件部,执行层,下级,10036626,5,5,5,5,5,5,5,5,5,5,5,5,5,5,5,5,5,5,5,5,4,4,5,5,5,5,5,5,"在部门内营造良好的学习氛围，结合部门需求与员工的发展意愿，为团队成员提供多样的学习和挑战机会。
积极参与公司数字化项目，助力公司数字化变革成功
积极倾听部门成员的创新想法，建立激励机制，奖励成功实施创新想法的个人或团队，同时认可那些虽未成功但勇于尝试的创新行为",树立“合规”意识，带头践行合规文化，将合规理念贯穿于日常经营行动的每一个环节,无,3.8,34,5,,产品与研发,控制软件,B+
10009774,光储集团,充电事业部,产品中心,研发中心,软件平台,控制软件部,执行层,协同方,10014592,3,3,3,3,4,3,2,2,2,3,4,4,,,,,,,,2,3,2,2,4,2,5,5,5,耐心倾听和讲解产品技术要点,外部门协同的事务中，可以再主动积极点,无,3.8,34,5,,产品与研发,控制软件,B+
10009774,光储集团,充电事业部,产品中心,研发中心,软件平台,控制软件部,执行层,协同方,10016309,4,4,4,4,4,3,3,4,4,4,4,4,,,,,,,,4,4,4,4,4,3,4,4,4,积极使用AI,深入代码；以技术角度驱动管理,暂无,3.8,34,5,,产品与研发,控制软件,B+
10009774,光储集团,充电事业部,产品中心,研发中心,软件平台,控制软件部,执行层,协同方,10016786,4,5,4,4,5,4,4,4,4,5,4,4,,,,,,,,5,4,5,4,5,4,4,4,5,乐于沟通，项目遇到问题能快速响应。,无,无,3.8,34,5,,产品与研发,控制软件,B+
10009774,光储集团,充电事业部,产品中心,研发中心,软件平台,控制软件部,执行层,协同方,10019090,3,4,4,4,3,4,3,4,4,4,4,3,,,,,,,,4,4,4,4,5,4,4,4,5,"1. 深入一线，带领团队攻坚，有丰富的领域知识
2. 问题解决者，可以闭环","1. 多接触新的软件管理方法和软件技术，提效提质
2. 多推进共平台，提炼公共组件",多尝试和验证非算法层面的新方案,3.8,34,5,,产品与研发,控制软件,B+
10009774,光储集团,充电事业部,产品中心,研发中心,软件平台,控制软件部,执行层,协同方,10022367,4,4,4,4,4,4,3,3,3,4,4,4,,,,,,,,5,3,4,3,4,4,4,3,5,认真听取他人意见,无,无,3.8,34,5,,产品与研发,控制软件,B+
10009774,光储集团,充电事业部,产品中心,研发中心,软件平台,控制软件部,执行层,协同方,10025120,2,2,3,2,3,3,4,4,4,4,4,3,,,,,,,,3,3,4,3,4,4,3,3,4,交集少，不了解,交集少，不了解,交集少，不了解,3.8,34,5,,产品与研发,控制软件,B+
10009774,光储集团,充电事业部,产品中心,研发中心,软件平台,控制软件部,执行层,协同方,10026770,2,4,3,3,3,4,3,3,2,3,3,3,,,,,,,,2,3,4,3,3,2,4,5,5,暂无,1、更多的以满足客户需求为目标,暂无,3.8,34,5,,产品与研发,控制软件,B+
10009774,光储集团,充电事业部,产品中心,研发中心,软件平台,控制软件部,执行层,协同方,10036170,5,4,4,4,4,4,4,4,4,4,5,4,,,,,,,,4,4,4,4,4,5,4,5,5,积极参与技术难点和严重市场问题的处理，给出专业技术解决意见及验证方案，推动协同部门快速处理,多与协同部门沟通，保持信息同步,加强协调部门沟通,3.8,34,5,,产品与研发,控制软件,B+
10009774,光储集团,充电事业部,产品中心,研发中心,软件平台,控制软件部,执行层,协同方,10042234,5,5,5,4,4,3,3,3,4,3,3,3,,,,,,,,3,3,4,2,3,3,3,3,4,问题推动快,无,无,3.8,34,5,,产品与研发,控制软件,B+
10009774,光储集团,充电事业部,产品中心,研发中心,软件平台,控制软件部,执行层,协同方,10046103,5,5,4,4,4,3,4,3,3,3,4,3,,,,,,,,4,4,4,3,4,4,4,5,5,"对新技术和新工具的态度积极；
做事严谨；
积极分享。",无,无,3.8,34,5,,产品与研发,控制软件,B+
10009774,光储集团,充电事业部,产品中心,研发中心,软件平台,控制软件部,执行层,协同方,10046398,4,4,4,4,4,3,5,4,3,5,5,3,,,,,,,,4,4,5,3,4,5,4,5,5,不惧困难勇往直前,暂无,暂无,3.8,34,5,,产品与研发,控制软件,B+
10009774,光储集团,充电事业部,产品中心,研发中心,软件平台,控制软件部,执行层,自己,10009774,4,5,5,4,5,5,4,5,3,5,5,5,5,4,5,5,4,5,5,4,4,5,5,5,5,4,5,5,无,无,无,3.8,34,5,,产品与研发,控制软件,B+
10014226,光储集团,营销体系,欧洲大区,德语区、北欧、荷比卢、土耳其,荷比卢,,执行层,上级,10009084,4,3,3,4,4,3,3,3,4,3,4,5,3,4,3,2,3,2,3,5,4,3,2,3,3,2,3,4,Very hard working and has made some positive changes in Benelux region. Quickly understood the market and focusing on customer relationship.,Needs to build a more diverse and stable team in Benelux. Currently the team not in a good condition and many colleagues have left teh company in the past year in his region.,-,3.3,36,14,,营销,商务销售,B+
10014117,阳光商研院,经营力学院,,,,,执行层,自己,10014117,3,4,4,3,4,4,3,4,3,4,4,4,3,3,4,3,3,4,4,4,4,4,3,4,4,5,5,5,深度学习、助力他人、合作意识,"1、提升个人的领导力，更好地建立信任及激励他人；
2、提升公司的业务理解能力，更好地设计出能够赋能业务的培训项目。",无,6,38,3,,赋能管理,赋能管理,B+
10014117,阳光商研院,经营力学院,,,,,执行层,协同方,10015204,5,5,5,5,5,5,5,5,5,5,5,5,,,,,,,,5,5,5,5,5,5,5,5,5,主动积极；热爱学习,暂无,暂无,6,38,3,,赋能管理,赋能管理,B+
10014117,阳光商研院,经营力学院,,,,,执行层,协同方,10012241,4,5,4,4,4,4,4,4,5,5,5,5,,,,,,,,4,5,5,4,5,5,5,5,5,严谨规划、持续学习、钻研精神、协作补位,"试错精神、敏捷响应。
客观归因，拒绝自我否定。
限制决策思考时间，拒绝过度内耗。",无,6,38,3,,赋能管理,赋能管理,B+
10014117,阳光商研院,经营力学院,,,,,执行层,协同方,10010532,5,5,4,5,5,5,5,5,4,5,5,5,,,,,,,,5,5,5,4,5,5,5,5,5,"1、认真对待协同诉求
2、尽自己最大努力澄清困难、提供资源。
3、努力提升自己和团队的各项能力。",暂无,暂无,6,38,3,,赋能管理,赋能管理,B+
10014117,阳光商研院,经营力学院,,,,,执行层,协同方,10010435,3,3,4,4,4,4,3,3,3,4,4,4,,,,,,,,4,4,5,4,5,5,5,5,5,学习能力很强、严谨细致,国际化、数字化方面,暂无,6,38,3,,赋能管理,赋能管理,B+
10014117,阳光商研院,经营力学院,,,,,执行层,协同方,10007421,4,5,4,4,5,5,5,4,4,4,5,5,,,,,,,,4,4,4,5,4,4,5,5,5,善于倾听、沟通、协作,暂无,暂无,6,38,3,,赋能管理,赋能管理,B+
10014117,阳光商研院,经营力学院,,,,,执行层,协同方,10002261,4,4,4,3,3,3,3,3,4,3,3,3,,,,,,,,4,4,4,4,4,4,4,4,4,积极跟踪，反馈进展,无,无,6,38,3,,赋能管理,赋能管理,B+
10014117,阳光商研院,经营力学院,,,,,执行层,协同方,10001540,5,5,5,5,5,5,4,4,4,4,5,5,,,,,,,,5,5,4,5,4,5,5,5,5,"1,热情的辅导学员
2，对学员负责
3，同理心强，情绪照顾做的好",无,无,6,38,3,,赋能管理,赋能管理,B+
10014117,阳光商研院,经营力学院,,,,,执行层,协同方,10001394,5,4,4,5,5,4,4,4,4,4,5,5,,,,,,,,4,4,4,4,4,4,5,5,5,授课老师专业素养扎实，讲解通俗易懂、条理清晰。授课耐心细致，互动氛围良好，内容贴合工作实际，受益匪浅，非常认可老师的教学,老师授课专业认真，讲解细致易懂，课堂节奏把控良好。建议后续可增加案例实操与互动问答，结合岗位实例讲解，进一步提升学习效果。,"1.建议适当压缩理论时长，增加小组讨论环节，丰富课堂形式，提升学员参与积极性。
2.建议多分享行业前沿经验与实操技巧，内容更贴合日常工作，助力学以致用。",6,38,3,,赋能管理,赋能管理,B+
10014117,阳光商研院,经营力学院,,,,,执行层,协同方,10001012,4,5,5,5,5,5,5,5,4,5,4,5,,,,,,,,5,5,5,5,5,5,5,5,5,耐心倾听协作方意见，反复打磨课程案例，多视角调研，尊重差异，科学决策,无,无,6,38,3,,赋能管理,赋能管理,B+
10014117,阳光商研院,经营力学院,,,,,执行层,下级,10020817,5,5,5,5,4,5,5,4,5,5,5,4,4,5,5,5,5,4,5,5,4,5,4,5,5,5,5,5,1、主动学习补充自身专业知识，提高能力；2、综合下属表现合理安排任务；3、做项目时发挥良好的带头作用认真负责,1、抓大放小，严谨开放；2、提高洞察敏锐度,更加果断一点会更好,6,38,3,,赋能管理,赋能管理,B+
10014117,阳光商研院,经营力学院,,,,,执行层,下级,10015873,4,4,3,3,3,4,3,4,3,5,4,4,3,3,3,3,4,3,4,4,3,4,4,4,4,4,5,5,"能够听取别人的建议，并作出改变；
学习认真，起到学习表率的作用。",决策需要更有魄力,无,6,38,3,,赋能管理,赋能管理,B+
10014117,阳光商研院,经营力学院,,,,,执行层,下级,10015207,5,5,4,5,5,5,4,4,5,5,5,5,4,4,5,4,5,5,5,5,5,5,5,5,5,5,5,5,"1、经营理论学习扎实，对于不懂的内容往往选择第一时间研究清楚；
2、设计项目从学员需求出发，不怕困难，致力于真正解决学员痛点。",增强部门内部信息互享时效,无,6,38,3,,赋能管理,赋能管理,B+
10014117,阳光商研院,经营力学院,,,,,执行层,上级,10011854,5,5,4,5,5,5,4,4,5,5,5,5,4,5,5,4,5,5,5,5,5,5,4,5,5,4,5,5,1、积极服务内部客户，尽最大可能客户的需求。2、积极学习与经营力赋能相关的知识，不断提升自己的专业能力。 3、在团队内部打造了简单、舒适、可信任的关系，避免团队内部的内耗。,1、继续提升领导力，对下属做的不好的地方要及时反馈。2、继续提升专业能力，赋能更多的经营类人才，为公司实现经营目标努力。,提升衣品。,6,38,3,,赋能管理,赋能管理,B+
10014059,光储集团,地面光伏事业部,产品规划与市场部,规划部,,,执行层,自己,10014059,5,4,3,5,4,3,4,3,3,4,3,4,5,3,3,3,3,4,3,3,3,4,3,5,4,4,5,3,客观分析现状，拉通资源寻找可行路径,提高执行力,无,6.1,33,9,3/9/2026,产品与研发,产品,A
10014059,光储集团,地面光伏事业部,产品规划与市场部,规划部,,,执行层,协同方,10028619,4,4,4,4,4,5,5,5,5,5,5,5,,,,,,,,5,5,5,5,5,5,5,5,5,无,无,无,6.1,33,9,3/9/2026,产品与研发,产品,A
10014059,光储集团,地面光伏事业部,产品规划与市场部,规划部,,,执行层,协同方,10011654,4,5,5,5,5,5,4,4,4,5,5,5,,,,,,,,5,5,5,5,4,5,4,4,4,"1. 思路清晰
2. 能力出众",无,无,6.1,33,9,3/9/2026,产品与研发,产品,A
10014059,光储集团,地面光伏事业部,产品规划与市场部,规划部,,,执行层,协同方,10017582,5,5,4,4,4,5,5,5,5,4,5,5,,,,,,,,5,4,5,5,5,4,5,4,4,对方技术能力突出，能够精准理解业务诉求，定制化方案落地效果良好。对接人员专业耐心，主动跟进项目进展,推进新项目/新任务时，可提前做好风险预判与预案，增强兜底能力。,无,6.1,33,9,3/9/2026,产品与研发,产品,A
10014059,光储集团,地面光伏事业部,产品规划与市场部,规划部,,,执行层,协同方,10020768,4,4,5,4,4,1,5,4,2,3,4,5,,,,,,,,4,4,3,2,1,2,5,5,5,对市场、产品了解深入,对外、对内交流注意表达方式,能力很强的专家，但风格鲜明,6.1,33,9,3/9/2026,产品与研发,产品,A
10014059,光储集团,地面光伏事业部,产品规划与市场部,规划部,,,执行层,协同方,10023097,5,4,5,4,4,4,5,5,5,4,5,4,,,,,,,,5,5,5,4,5,4,4,4,5,学习能力强，表达能力强，英语好,无,无,6.1,33,9,3/9/2026,产品与研发,产品,A
10014059,光储集团,地面光伏事业部,产品规划与市场部,规划部,,,执行层,协同方,10002705,4,3,2,2,3,3,3,3,2,3,3,4,,,,,,,,3,3,4,3,4,3,3,4,4,善于思考，压力下能坚持自己的意见,执行力要提升,要关注团队发展,6.1,33,9,3/9/2026,产品与研发,产品,A
10014059,光储集团,地面光伏事业部,产品规划与市场部,规划部,,,执行层,协同方,10001524,4,4,4,3,3,4,4,3,3,4,4,4,,,,,,,,4,3,3,4,3,3,4,4,4,逻辑思维明捷，敢说敢干,年轻气盛，同理心有待提升,无,6.1,33,9,3/9/2026,产品与研发,产品,A
10014059,光储集团,地面光伏事业部,产品规划与市场部,规划部,,,执行层,协同方,10001442,3,4,3,3,3,3,3,2,3,4,3,3,,,,,,,,4,3,3,3,4,3,3,4,4,做事有主见有想法,学会积极倾听和高效协同,无,6.1,33,9,3/9/2026,产品与研发,产品,A
10014059,光储集团,地面光伏事业部,产品规划与市场部,规划部,,,执行层,协同方,10000752,5,5,5,5,3,3,4,4,4,5,4,5,,,,,,,,5,5,5,4,4,5,4,5,5,逻辑闭环、敢于决策、勇于说No,多一些耐心，听取他人意见和建议,无,6.1,33,9,3/9/2026,产品与研发,产品,A
10014059,光储集团,地面光伏事业部,产品规划与市场部,规划部,,,执行层,协同方,10000740,4,4,5,4,4,4,5,4,4,5,4,5,,,,,,,,5,4,5,4,5,5,5,5,5,、,、,、,6.1,33,9,3/9/2026,产品与研发,产品,A
10014059,光储集团,地面光伏事业部,产品规划与市场部,规划部,,,执行层,下级,10032049,3,2,2,3,3,4,4,5,3,3,2,3,1,1,3,3,1,2,3,4,4,3,3,3,3,3,3,2,工作主动性较好，积极向上管理和汇报，为部门争取资源,多团建,暂无,6.1,33,9,3/9/2026,产品与研发,产品,A
10014059,光储集团,地面光伏事业部,产品规划与市场部,规划部,,,执行层,下级,10029474,5,5,5,5,5,4,5,4,5,4,5,5,4,4,5,4,5,4,5,5,5,5,5,5,5,5,5,5,产品思维强，视角站位高,无,无,6.1,33,9,3/9/2026,产品与研发,产品,A
10014059,光储集团,地面光伏事业部,产品规划与市场部,规划部,,,执行层,下级,10026880,5,5,5,5,5,5,4,5,5,5,5,5,5,5,4,3,4,5,5,4,4,4,3,4,5,4,5,5,"1.优先级排序： 在资源有限的情况下，能够科学地判断“做什么”和“不做什么”，确保每一分研发投入都能带来最大的商业回报。
2.长期主义： 能够平衡短期利益与长期目标，制定清晰的产品演进路线图，确保产品生命周期管理的连贯性。","1.重视“恢复”：休息也是训练的一部分
很多人失败是因为太急，练得太狠，导致受伤或倦怠。长期主义者最懂得休息的价值。
睡眠是王道： 所有的肌肉修复、激素调节都在睡眠中完成。保证7-8小时高质量睡眠是底线。
主动恢复： 在休息日做一些拉伸、瑜伽或散步，促进血液循环，而不是完全躺着不动。
倾听身体： 如果感到关节疼痛或极度疲劳，立刻停下来。带伤坚持不是勇敢，是愚蠢，因为这会打断你的长期进程。

2.“静水流深。”
你的逻辑是你的武器，而平静的语言是你的鞘。
不用刻意去“演”冷静，而是通过深呼吸和逻辑梳理，让自己真的进入一种“解题模式”。当你把沟通看作是一道待解的逻辑题，而不是一场情绪宣泄时，那种自然的平静感，就是最强大的说服力。",将“修身”与“修心”同步进行。在保持逻辑优势的同时，刻意练习“降速沟通”——在输出观点前，先停顿三秒，用更平和的语言包裹锋利的逻辑，实现从“说服”到“影响”的转变。同时，必须将“体能训练”纳入核心KPI，通过规律的运动（如长跑、游泳）来磨练耐性、释放压力。只有当他的身体足够强壮，心态足够平和，他那把“逻辑之刃”才能真正成为团队的利器，而不是伤人的凶器。,6.1,33,9,3/9/2026,产品与研发,产品,A
10014059,光储集团,地面光伏事业部,产品规划与市场部,规划部,,,执行层,下级,10026861,5,5,4,4,5,4,5,4,4,4,4,5,5,5,4,4,4,4,5,4,5,5,4,5,4,4,5,4,"1、产品创新能力与思路；
2、极佳的沟通能力。",暂无。,暂无。,6.1,33,9,3/9/2026,产品与研发,产品,A
10009813,光储集团,营销体系,亚太大区,直销业务部,,,执行层,上级,10001001,5,5,5,5,4,5,4,5,4,5,4,4,5,5,5,5,5,4,4,5,5,5,4,4,4,5,4,5,暂无,暂无,暂无,9,33,4,,营销,商务销售,A
10009813,光储集团,营销体系,亚太大区,直销业务部,,,执行层,下级,10013636,5,5,5,5,5,5,5,5,5,5,5,5,4,4,5,5,5,5,5,5,5,5,4,5,5,5,5,4,专业性强，目标清晰，客户导向，结果导向，值得学习,暂无,暂无,9,33,4,,营销,商务销售,A
10009813,光储集团,营销体系,亚太大区,直销业务部,,,执行层,下级,10017751,4,5,5,5,4,5,4,5,5,4,4,4,3,5,5,3,5,5,5,4,5,4,4,5,5,5,4,5,具有领导力，领导团队方式得当。,无,很优秀的领导,9,33,4,,营销,商务销售,A
10009813,光储集团,营销体系,亚太大区,直销业务部,,,执行层,下级,10038089,4,5,5,4,4,5,5,5,5,5,5,5,4,5,4,5,5,5,5,5,5,5,4,5,5,5,5,5,"1.深入一线，陪同我一起前往日韩，了解区域我会遇到的问题和瓶颈，给出切实的指导意见。
2.充分信任下属，在我提供足够证据和可信逻辑时给与足够高的自由度和权限帮助我高效推进工作。
3.充分向我宣贯总部的战略策略和部门的工作方向，帮助我更深理解总部战略方向，站在更高的视角制定计划，推动落地。",暂无,暂无,9,33,4,,营销,商务销售,A
10009813,光储集团,营销体系,亚太大区,直销业务部,,,执行层,下级,10047113,5,5,5,5,5,5,4,5,5,5,5,5,5,5,5,5,5,5,5,5,5,5,5,5,5,5,5,5,对于工作中出现的新问题，总是能看到问题的关键，并及给出有效的解决方案。,跨文化学习,暂无,9,33,4,,营销,商务销售,A
10009813,光储集团,营销体系,亚太大区,直销业务部,,,执行层,协同方,10007215,5,4,5,5,4,4,4,4,5,5,4,5,,,,,,,,4,4,5,5,4,5,4,5,4,Aggressive in approach which is most important when in front and interaction happens with customers,NA,No,9,33,4,,营销,商务销售,A
10009813,光储集团,营销体系,亚太大区,直销业务部,,,执行层,协同方,10010122,5,5,5,5,5,5,5,4,5,5,5,5,,,,,,,,5,5,5,5,5,5,5,5,5,"Laser-Focused Problem Solving: He always pinpoints the root cause of an issue and knows exactly what actions need to be taken, executing solutions with high precision and clarity.

Market Intelligence and Agility: He shows an exceptional commitment to understanding local market dynamics and customer needs quickly and thoroughly, adapting to regional nuances remarkably fast.

Exceptional Cross-Border Collaboration: He demonstrates a powerful willingness to support regional teams and has been instrumental in serving as an invaluable communication bridge with headquarters.","Enhanced Internal Empathy: I suggest he dedicate more time to actively listening to the unique difficulties and operational challenges of local colleagues. Building a more open, supportive dialogue will greatly boost regional collaboration.

Proactive Client Face-Time: I recommend he increase his efforts to engage directly with clients in the field. Making time for face-to-face meetings to hear customer pain points firsthand will lead to more accurate market solutions and stronger long-term relationships.

Strategic Brand Building via Service Collaboration: To overwhelming outperform low-price competitors, he needs to proactively partner with the Service Team. I suggest he aggressively lead a strategy that leverages our superior service capabilities to reinforce and elevate our premium brand identity, securing a sustainable competitive edge.","He is doing an absolutely fantastic job in his new position. He is incredibly smart, highly capable, and his strong bias for action is truly impressive. As he continues to grow in this role, I wish him all the best in becoming a truly well-rounded leader—one who maintains a healthy work-life balance, leads with a warm and empathetic heart, yet possesses a sharp, strategic insight. He has an amazing future ahead, and I look forward to seeing his continued success",9,33,4,,营销,商务销售,A
10009813,光储集团,营销体系,亚太大区,直销业务部,,,执行层,协同方,10012082,5,5,5,5,5,4,5,5,5,5,5,5,,,,,,,,5,5,5,5,5,5,5,5,5,项目和客户开发经验丰富，沟通交流能力强,期待将项目和客户经验更多与本地分享，达成共赢。,无,9,33,4,,营销,商务销售,A
10009813,光储集团,营销体系,亚太大区,直销业务部,,,执行层,协同方,10012514,5,5,4,5,4,4,5,4,5,5,5,5,,,,,,,,5,4,4,4,4,4,5,5,5,"1. 主动补位，不推诿。作为赛道负责人，当业务流程中有一些模糊边界的时候，他会主动承担，避免了真空地带，保证业务正常开展； 
2. 响应及时，闭环意识强。论多晚，发给他的协同需求总能得到快速响应，并且事事有回音。即使暂时无法解决，他也会主动告知进度，让人非常放心。","1. 建议对于下属或新人协作时，引导他们去更多的自我思考，避免直接给他们答案，更利于他们的成长
2. 有时候当对方情绪激动时，容易陷入“讲道理”模式，忽略了先处理情绪再处理事情。建议遇到情绪化的沟通时，先让对方情绪降温后，理性对话才能生效。",你解决了很多跨部门的“疑难杂症”，这些经验非常宝贵。建议你可以把这些高频问题和解决方案整理成简易的FAQ或协作文档，分享给团队，这既能帮大家避坑，也能强化你的专家形象。,9,33,4,,营销,商务销售,A
10009813,光储集团,营销体系,亚太大区,直销业务部,,,执行层,协同方,10014287,5,5,5,5,5,4,5,5,5,5,5,5,,,,,,,,5,5,5,4,4,5,4,4,5,暂无,暂无,暂无,9,33,4,,营销,商务销售,A
10009813,光储集团,营销体系,亚太大区,直销业务部,,,执行层,协同方,10015001,5,5,5,5,5,5,4,4,4,5,5,4,,,,,,,,4,4,5,5,4,4,4,4,4,非常努力，对于工作投入度高；善于思考，总结规律，做事情有激情。,有时候不顾及别人面子，非常直接，结果导向的人员，有时候要换位思考。,希望能够照顾好自己身体，常年出差，熬夜通宵很辛苦。,9,33,4,,营销,商务销售,A
10009813,光储集团,营销体系,亚太大区,直销业务部,,,执行层,协同方,10017042,,,,,,,,,,,,,,,,,,,,,,,,,,,,,,,,9,33,4,,营销,商务销售,A
10009813,光储集团,营销体系,亚太大区,直销业务部,,,执行层,协同方,10019721,4,4,3,4,4,3,5,4,5,5,5,5,,,,,,,,5,5,4,5,4,4,4,5,4,积极主动，执行力强,协调能力强，性格外向，适合接近客户或者内部协调的工作,/,9,33,4,,营销,商务销售,A
10009813,光储集团,营销体系,亚太大区,直销业务部,,,执行层,协同方,10023559,4,4,3,3,5,5,4,4,3,4,4,5,,,,,,,,3,4,4,5,5,4,4,5,5,技术出身，业务能力强，执行力强，思路灵活，总能找到解决办法。,战略业务布局层面。,客情关系的深入发展。,9,33,4,,营销,商务销售,A
10009813,光储集团,营销体系,亚太大区,直销业务部,,,执行层,协同方,10005363,,,,,,,,,,,,,,,,,,,,,,,,,,,,,,,,9,33,4,,营销,商务销售,A
10009813,光储集团,营销体系,亚太大区,直销业务部,,,执行层,协同方,10033096,5,5,5,4,5,4,4,5,5,5,5,5,,,,,,,,5,4,5,4,5,5,5,4,5,战略规划高屋建瓴，并具有极强落地能力，跨部门协调能力极强,暂无,暂无,9,33,4,,营销,商务销售,A
10009813,光储集团,营销体系,亚太大区,直销业务部,,,执行层,自己,10009813,3,4,4,3,3,3,2,3,5,4,5,3,2,3,4,3,3,2,3,3,3,4,2,3,4,3,5,5,无,"1. 从“解决问题”转向“赋能团队”
通过提问引导员工思考，并建立清晰的决策边界（自主权、需报备的权限、不可触碰的红线）
2. 主动“向上管理”，对齐目标与资源
定期与上级沟通，确认“最关键的3个目标”并同步资源缺口。遇到困难时，带着方案（含利弊分析）和需要的支持去汇报，而不是只提问题
3. 建立团队“过程资产”，减少重复劳动
将常见流程、FAQ、复盘结论等沉淀为共享文档。这不仅能帮助新员工快速上手，还能让老员工明确权责、减少推诿
4. 主动用AI解决重复劳动
把团队耗时最多的重复任务列出来，试试看哪些能用AI完成（如写纪要、做PPT草稿、整理数据）",无,9,33,4,,营销,商务销售,A
10014059,光储集团,地面光伏事业部,产品规划与市场部,规划部,,,执行层,下级,10016959,5,5,5,5,5,4,5,4,5,5,5,5,4,4,5,5,5,4,5,5,5,4,5,5,5,5,4,5,无,无,无,6.1,33,9,3/9/2026,产品与研发,产品,A
10014059,光储集团,地面光伏事业部,产品规划与市场部,规划部,,,执行层,下级,10013962,5,4,4,4,5,4,5,4,4,5,5,5,4,5,5,4,4,5,5,5,4,5,4,5,5,5,5,4,"1、洞察能力强，专业覆盖面广；
2、踏实肯干，思维逻辑强。","1、压力大时，需要更加沉稳一些；
2、可以更多的往把握方向和策略上转移精力，安排具体事给相关同事。",多关注点团队能力建设以及团队个人能力提升,6.1,33,9,3/9/2026,产品与研发,产品,A
10014059,光储集团,地面光伏事业部,产品规划与市场部,规划部,,,执行层,下级,10012340,4,4,4,4,4,4,5,3,5,3,3,4,4,3,4,5,4,3,4,3,4,4,4,5,5,3,4,5,逻辑清晰，思考事情从第一性原理出发,暂无,暂无,6.1,33,9,3/9/2026,产品与研发,产品,A
10014059,光储集团,地面光伏事业部,产品规划与市场部,规划部,,,执行层,下级,10011384,4,3,3,2,2,2,3,2,3,3,3,3,3,2,3,2,2,2,3,3,3,3,2,2,2,2,3,3,"洞察全面
市场行业了解的多",人际管理,无,6.1,33,9,3/9/2026,产品与研发,产品,A
10014059,光储集团,地面光伏事业部,产品规划与市场部,规划部,,,执行层,下级,10009349,5,5,5,5,4,4,4,4,5,5,5,5,5,4,4,4,4,5,4,4,5,4,4,5,4,5,5,5,"1、能抓住问题的核心、逻辑推理能力强；
2、专业能力强、知识面广；",暂无,暂无,6.1,33,9,3/9/2026,产品与研发,产品,A
10014059,光储集团,地面光伏事业部,产品规划与市场部,规划部,,,执行层,上级,10001852,5,5,4,4,5,4,5,4,5,5,5,5,4,4,4,4,4,5,5,4,4,4,4,4,4,5,5,5,系统思考、逻辑表达、专业性出众,"需要更加耐心的去指导其他人
多关注员工的个人感受和情绪变化",无,6.1,33,9,3/9/2026,产品与研发,产品,A
10014051,光储集团,充电事业部,国内销售部,国内FAE组,,,执行层,自己,10014051,5,5,5,4,5,5,4,3,3,5,5,5,5,5,5,5,5,5,5,5,5,5,5,5,5,5,5,5,在产品经理领导、项目管理领导缺失的情况下，主动担责，积极推动项目立项和产品立项、规划，有效的支持了研发项目推进。,中资出海相关方面需要学习,在部门承担过多职责的情况下，需要主动和领导沟通，积极推动部门减负,6.1,33,5,,营销,技术营销,A
10014051,光储集团,充电事业部,国内销售部,国内FAE组,,,执行层,协同方,10044353,3,4,5,4,3,3,4,4,4,3,4,5,,,,,,,,3,5,5,5,4,4,5,4,5,专业意见充分,前瞻性布局,无,6.1,33,5,,营销,技术营销,A
10014051,光储集团,充电事业部,国内销售部,国内FAE组,,,执行层,协同方,10044107,3,4,3,3,3,4,4,3,3,4,4,4,,,,,,,,3,3,3,4,4,3,4,5,5,思路清晰,对客户需求加强统计及根因追溯,需要更积极主动,6.1,33,5,,营销,技术营销,A
10014051,光储集团,充电事业部,国内销售部,国内FAE组,,,执行层,协同方,10043213,3,3,3,3,3,4,3,4,3,4,3,3,,,,,,,,4,4,5,4,4,4,4,4,4,组织变更，未产生过多工作交集,组织变更，未产生过多工作交集,组织变更，未产生过多工作交集,6.1,33,5,,营销,技术营销,A
10014051,光储集团,充电事业部,国内销售部,国内FAE组,,,执行层,协同方,10041712,4,4,4,5,4,5,5,5,4,4,4,4,,,,,,,,3,3,3,3,4,4,3,3,4,无,无,无,6.1,33,5,,营销,技术营销,A
10014051,光储集团,充电事业部,国内销售部,国内FAE组,,,执行层,协同方,10037538,5,4,5,3,5,4,5,5,4,5,4,5,,,,,,,,4,5,5,4,4,5,4,4,5,工作能力强，思维清晰，处事果断。,跨部门协调能力加强,无,6.1,33,5,,营销,技术营销,A
10014051,光储集团,充电事业部,国内销售部,国内FAE组,,,执行层,协同方,10034647,5,5,5,5,5,5,5,5,5,5,5,5,,,,,,,,5,5,5,5,5,5,5,5,5,.,.,.,6.1,33,5,,营销,技术营销,A
10014051,光储集团,充电事业部,国内销售部,国内FAE组,,,执行层,协同方,10020583,5,4,4,4,5,3,5,5,4,5,5,5,,,,,,,,4,4,5,4,5,4,5,4,5,"1、前端招投标经验丰富，对产品配置掌握清晰；
2、了解公司流程，销售项目能及时给出合规解决方案。","1、除了前端的业务需求对接，涉及产品故障问题的解决方案，需要主要拉通产品线给出；
2、客户端设备施工安装方案上，要更优化贴近现场施工实际。",共同努力，加强解决方案与服务协同,6.1,33,5,,营销,技术营销,A
10014051,光储集团,充电事业部,国内销售部,国内FAE组,,,执行层,协同方,10017824,4,3,5,4,4,5,5,4,3,5,4,5,,,,,,,,3,4,5,4,4,5,5,4,5,"行业经验丰富，有较强的专业能力；
能洞察产品的问题和趋势；
团队管理较好，团队稳定性高","勇于承担，及时传递市场需求，并推进快速落地；
加强投标风险评估预判，识别高风险项目；
果断行事，快速行动，从追求效率向追求效能转变，执行到位",建立经营意识和长期主义，坚持做难而正确的事！,6.1,33,5,,营销,技术营销,A
10014051,光储集团,充电事业部,国内销售部,国内FAE组,,,执行层,协同方,10017245,5,5,5,5,5,5,5,5,5,5,5,5,,,,,,,,5,5,5,5,5,5,5,5,5,好学,无,无,6.1,33,5,,营销,技术营销,A
10014051,光储集团,充电事业部,国内销售部,国内FAE组,,,执行层,协同方,10011707,3,4,3,3,3,3,1,2,3,3,3,4,,,,,,,,3,4,4,4,4,4,5,5,5,万能解决方案，有困难找他准能给你解决,无,无,6.1,33,5,,营销,技术营销,A
10014051,光储集团,充电事业部,国内销售部,国内FAE组,,,执行层,协同方,10000638,5,5,4,4,4,4,5,5,4,4,5,5,,,,,,,,5,4,4,4,5,5,5,5,5,无,无,无,6.1,33,5,,营销,技术营销,A
10014051,光储集团,充电事业部,国内销售部,国内FAE组,,,执行层,下级,10041281,5,5,5,5,5,5,3,4,5,5,5,5,4,4,5,5,5,4,5,5,5,5,5,5,5,5,5,5,"1、能很好执行跨部门沟通；
2、能很好梳理部门内部各项工作细节。",建议增加国际项目视野，同步带领团队提升国际化项目认知水平。,无,6.1,33,5,,营销,技术营销,A
10014051,光储集团,充电事业部,国内销售部,国内FAE组,,,执行层,下级,10027727,4,5,4,5,5,5,5,5,5,4,5,5,4,5,5,5,5,5,5,5,5,5,5,5,5,5,5,5,为人谦和包容，待人真诚有温度，善于倾听下属想法，悉心指导成长，既是良师也是榜样。,做事严谨要求高，有时节奏偏快。可多增加沟通，多倾听团队不同意见，进一步提升团队归属感和工作积极性。,带头敬业，建议多带动大家劳逸结合，通过聚餐团建舒缓工作压力，营造轻松融洽的团队氛围。,6.1,33,5,,营销,技术营销,A
10014051,光储集团,充电事业部,国内销售部,国内FAE组,,,执行层,下级,10026470,5,4,4,4,3,4,3,4,4,4,3,3,3,3,4,4,4,4,4,3,3,3,4,3,4,4,4,4,大局观，危机意识，服务意识,以身作则，平衡发展,无,6.1,33,5,,营销,技术营销,A
10014051,光储集团,充电事业部,国内销售部,国内FAE组,,,执行层,下级,10023785,4,5,4,5,4,4,3,3,4,5,4,4,4,3,4,4,3,3,3,3,3,3,3,3,3,3,3,5,"1、跨部门、跨公司协调资源能力强
2、情绪稳定，泰山崩于前而面不改色","1、团队管理经验不足
2、体察下属及时性不足",无,6.1,33,5,,营销,技术营销,A
10014051,光储集团,充电事业部,国内销售部,国内FAE组,,,执行层,下级,10015395,5,5,5,5,5,5,5,5,5,5,5,5,5,5,5,4,5,5,5,5,5,5,5,5,5,5,5,5,"1、重视团队文化建设，关注员工状态
2、维护团队利益，带领团队前进","合理规划员工晋升路线
",暂无,6.1,33,5,,营销,技术营销,A
10014051,光储集团,充电事业部,国内销售部,国内FAE组,,,执行层,上级,10046425,4,4,4,4,4,3,4,4,4,4,4,4,4,4,5,5,5,5,5,4,4,4,5,4,4,5,4,4,工作踏实，经验丰富，团队管理成熟度高。,需要更积极的去承担一些本职工作以外的工作。,无,6.1,33,5,,营销,技术营销,A
10013912,光储集团,充电事业部,产品中心,研发中心,结构部,,执行层,自己,10013912,4,4,4,4,4,4,3,2,4,5,4,4,3,3,4,3,3,4,3,3,4,4,4,5,4,4,5,5,"1.责任心强，遇事敢担当；
2.工作态度积极肯干，稳重靠谱；","1.仍然有工程师思维，未站在更高的视角去思考和解决问题，多向直属领导学习她的思维的全面性；
2.战略规划思维还有较大发展空间，作为管理者，要有更长期的技术管理规划；",无,6.2,44,8,,产品与研发,结构,B+
10013912,光储集团,充电事业部,产品中心,研发中心,结构部,,执行层,协同方,10046798,3,3,3,1,3,2,3,2,2,3,4,3,,,,,,,,4,3,3,2,4,3,4,2,4,为人处世比较好,暂无法评价,技术上要大胆尝试新的东西,6.2,44,8,,产品与研发,结构,B+
10013912,光储集团,充电事业部,产品中心,研发中心,结构部,,执行层,协同方,10036170,4,4,3,4,3,3,3,4,4,4,5,4,,,,,,,,4,4,3,4,4,3,4,5,5,能够坦然面对问题，积极承担部门问题进行改善,面对技术难点，需要有创新思维，解决问题速度需提升,解决问题需充分考虑影响项及后果，加快相应速度,6.2,44,8,,产品与研发,结构,B+
10013912,光储集团,充电事业部,产品中心,研发中心,结构部,,执行层,协同方,10035211,4,5,5,4,4,3,4,5,5,5,5,5,,,,,,,,5,4,5,5,5,5,5,5,5,认真负责，善于沟通,希望可以组织开展结构创新相关的工坊，对现有问题迁移使用其他领域的解决方案,暂无,6.2,44,8,,产品与研发,结构,B+
10013912,光储集团,充电事业部,产品中心,研发中心,结构部,,执行层,协同方,10026789,3,3,4,3,3,2,4,2,3,3,3,2,,,,,,,,3,4,3,4,3,2,3,5,5,"1、对待下属比较友好，工作忙不过来能及时工作安排；
2、能主动下去帮助解决问题；",深入前端了解客户痛点问题，并解决,"1、深入本质分析问题，不能头疼医头，脚疼医脚；
2、需秉承客户需求至上的原则",6.2,44,8,,产品与研发,结构,B+
10013912,光储集团,充电事业部,产品中心,研发中心,结构部,,执行层,协同方,10022517,3,3,3,3,3,4,4,3,4,3,4,3,,,,,,,,4,3,4,3,4,3,4,3,4,心态稳定，不急不燥,无,无,6.2,44,8,,产品与研发,结构,B+
10013912,光储集团,充电事业部,产品中心,研发中心,结构部,,执行层,协同方,10015940,1,2,1,2,2,1,1,1,1,1,2,2,,,,,,,,1,2,2,1,2,2,2,2,5,。,专业务实。,积极主动。,6.2,44,8,,产品与研发,结构,B+
10013912,光储集团,充电事业部,产品中心,研发中心,结构部,,执行层,协同方,10015760,3,5,5,3,3,3,3,3,4,4,4,3,,,,,,,,4,4,4,5,4,4,5,5,5,"1. 能够以身作则，在项目需要情况下带领团队成员一起赶进度
2. 在项目多，交期紧迫，结构资源不足的情况下，能够合理安排资源，带领结构团队按时完成任务","1. 要提升团队成员工作任务、工作量的识别能力，和人员能力匹配识别，当前存在的一个问题，结构工程师任务重，一次做对率低，先抛开平台能力成熟情况的因素，需要解决团队成员工作计划合理性、工作流程执行到位、评审把关到位。
2. 建议识别管理工作的重点工作，做好优先级处理，减少或者不做或者不相关工作",无,6.2,44,8,,产品与研发,结构,B+
10013912,光储集团,充电事业部,产品中心,研发中心,结构部,,执行层,协同方,10015675,3,3,2,3,3,3,2,3,3,3,3,4,,,,,,,,3,4,4,4,4,3,5,5,5,专业知识优秀，做事谨慎,暂无,暂无,6.2,44,8,,产品与研发,结构,B+
10013912,光储集团,充电事业部,产品中心,研发中心,结构部,,执行层,协同方,10013915,3,4,3,3,3,4,4,4,3,3,5,5,,,,,,,,4,5,4,4,5,5,4,5,5,团队内部对外沟通耐心，,主动学习提升，扩充视野,尝试新工具，新方式，新思路,6.2,44,8,,产品与研发,结构,B+
10013912,光储集团,充电事业部,产品中心,研发中心,结构部,,执行层,协同方,10006816,3,4,3,3,2,4,2,2,3,3,3,2,,,,,,,,3,4,5,5,4,4,5,5,5,不太清楚,与电气的协同,无,6.2,44,8,,产品与研发,结构,B+
10013912,光储集团,充电事业部,产品中心,研发中心,结构部,,执行层,下级,10047356,4,4,4,5,4,3,4,4,4,4,3,4,3,3,4,4,4,3,4,4,4,4,4,3,4,4,4,5,"1.组织会议进行学习结构的原则，注重公司的规章制度
2.与下属平等对待，没有搞特殊对待","1.结构设计上面的专业性还有发展空间，希望可以通过了解下属的产品进行熟悉，从而能丰富自己的专业经验；
2.部门之间的协调的工作希望能解决下，下属经常需要进行跨部门的沟通协调，上面的流程没有打通",没有了,6.2,44,8,,产品与研发,结构,B+
10013912,光储集团,充电事业部,产品中心,研发中心,结构部,,执行层,下级,10047165,5,5,5,5,5,4,5,4,5,4,5,5,5,4,5,5,5,5,5,4,5,5,4,5,5,4,5,5,"1.深刻理解公司文化内涵，以身作则；
2.积极倾听部门成员的创新想法；",暂时没有,暂时没有,6.2,44,8,,产品与研发,结构,B+
10013912,光储集团,充电事业部,产品中心,研发中心,结构部,,执行层,下级,10045584,5,4,4,4,4,4,5,5,4,4,5,5,5,4,4,4,4,4,5,5,5,5,5,5,5,5,5,5,较好相处，没有架子。,暂无。,做好部门有效管理。,6.2,44,8,,产品与研发,结构,B+
10013912,光储集团,充电事业部,产品中心,研发中心,结构部,,执行层,下级,10042204,4,4,4,4,4,3,3,4,4,5,5,5,3,4,4,5,4,3,5,4,5,5,4,5,5,5,5,5,"1.执行力强，能主动担责，不会一味责骂下属；
2.反馈问题能及时处理协调；
3.分析能力较强；","1.项目开展进行中更多参与设计，识别风险；
2.多多了解行业动态，友商技术创新等；",1.更多的参与团队技术建设，提高整体团队设计水平，多培训及评审,6.2,44,8,,产品与研发,结构,B+
10013912,光储集团,充电事业部,产品中心,研发中心,结构部,,执行层,下级,10034804,5,5,5,5,5,4,4,5,4,4,5,5,3,4,4,4,4,5,5,5,5,5,5,4,4,5,4,5,责任心强 ；遇到问题不推脱,暂无,暂无,6.2,44,8,,产品与研发,结构,B+
10013912,光储集团,充电事业部,产品中心,研发中心,结构部,,执行层,下级,10026755,5,5,5,4,4,4,4,4,3,4,5,4,3,3,4,4,4,5,4,4,5,5,4,5,4,4,5,5,"主导协调外部资源帮忙分析生产出现的难题；
",可以带下项目更加了解公司的生产与制造的过程,无,6.2,44,8,,产品与研发,结构,B+
10013912,光储集团,充电事业部,产品中心,研发中心,结构部,,执行层,下级,10016769,5,5,5,4,4,5,4,4,5,5,5,5,4,4,5,5,4,4,5,4,5,5,4,5,5,5,5,5,"1、不同项目结构雷区和风险及时总结并分享；
2、抗压能力强，遇事沉着冷静，不急躁；
3、为人宽厚，主动担责。","1、更多的发声，公开表达自己的观点，必要时据理力争；
2、率领大家把结构标准化尽早落地",多对大家提要求，督促大家一起进步,6.2,44,8,,产品与研发,结构,B+
10013912,光储集团,充电事业部,产品中心,研发中心,结构部,,执行层,下级,10016149,5,5,4,5,4,5,4,4,5,4,4,5,4,5,5,4,4,5,4,5,4,5,5,5,5,4,5,5,"1、专业性强：如交流桩BOSS柱开裂，防水失效等等，会持续跟进到闭环，并在过程中能够提供专业的指导建议，与大家一起识别风险，解决问题；
2、主动担责：碰到问题时会主动跨部门沟通，积极拉通各个相关方，并跟进到问题解决；","提升权威性：结构设计主观性很大，导致结构是产品开发中最容易被挑战的一环，我们时常会听到很多“友好”的建议，但其实一些建议并不是很成熟，但对方又可能一直坚持自己的观点，导致我们会进行反复验证证明这个建议不可行，希望结构部门也能提高权威性，减少不必要的测试，同时又能说服提问的人；
",部门内部希望建预研项，当前项目更多是在做堆叠，重复性工作。建预研项多学习下前沿的技术，为未来的发展做技术储备。,6.2,44,8,,产品与研发,结构,B+
10013912,光储集团,充电事业部,产品中心,研发中心,结构部,,执行层,下级,10016036,5,5,5,5,4,5,5,5,5,5,4,5,4,5,5,5,5,4,5,4,5,5,4,5,5,5,5,5,"1.做事有担当，遇到问题不推脱
2.沟通顺畅，能够遇事清楚沟通；
3.在意成本意识，各种维度考虑降本问题；","1.研发设计管理中增加雷区横向拉通次数；
2.根据痛点需求增加学习培训次数；",增加员工雷区问题互相分享经验,6.2,44,8,,产品与研发,结构,B+
10013912,光储集团,充电事业部,产品中心,研发中心,结构部,,执行层,上级,10013919,3,3,2,2,2,3,2,4,2,4,2,4,2,3,2,3,2,3,3,3,3,4,4,5,4,4,4,5,工作态度好，善于营造较好的团队氛围,系统思维要加强，改进优化需落地执行,无,6.2,44,8,,产品与研发,结构,B+
10013859,光储集团,营销体系,直销经营中心,国内直销,国内经营策略部,国内行销部,执行层,自己,10013859,5,5,5,5,5,4,5,5,5,4,5,5,5,4,5,5,5,5,4,5,5,5,5,5,4,5,4,5,本人深耕光储技术营销业务，具备扎实的逆变器、储能专业知识；擅长大基地项目投标研判、方案编制，主动参与体系建设、新人带教及课程开发，具备良好执行力、复盘能力与团队赋能意识。工作严谨负责，抗压能力强，能够高效完成重点项目攻坚。,一是高阶商务谈判经验有待积累；二是多任务并行时时间统筹仍需优化；三是后续将主动学习商务谈判技巧，优化工作优先级管理，加强供应链、交付流程学习，全面提升综合业务能力。,持续沉淀大基地项目经验，完善个人知识体系，向专业化、综合化高级技术营销方向进阶，为部门创造更高业务价值。,6.2,37,10,,营销,营销策略,B+
10013859,光储集团,营销体系,直销经营中心,国内直销,国内经营策略部,国内行销部,执行层,协同方,10022318,5,5,4,5,4,5,5,5,4,5,5,5,,,,,,,,5,4,5,5,5,5,5,4,5,做项目思路清晰,无,无,6.2,37,10,,营销,营销策略,B+
10013859,光储集团,营销体系,直销经营中心,国内直销,国内经营策略部,国内行销部,执行层,协同方,10019166,5,5,5,5,4,5,4,5,5,5,5,5,,,,,,,,4,5,5,4,5,5,5,4,5,无,无,无,6.2,37,10,,营销,营销策略,B+
10013859,光储集团,营销体系,直销经营中心,国内直销,国内经营策略部,国内行销部,执行层,协同方,10017582,4,5,5,4,4,5,3,4,5,5,5,5,,,,,,,,5,4,5,4,5,4,5,4,4,对方技术能力突出，能够精准理解业务诉求，定制化方案落地效果良好。对接人员专业耐心，主动跟进项目进展,推进新项目/新任务时，可提前做好风险预判与预案，增强兜底能力。,无,6.2,37,10,,营销,营销策略,B+
10013859,光储集团,营销体系,直销经营中心,国内直销,国内经营策略部,国内行销部,执行层,协同方,10013285,4,5,4,4,4,4,5,4,4,5,5,4,,,,,,,,4,4,5,4,5,5,5,5,5,文档输出能力较强，善于总结,如果精力分配再稍微调整下，更多参与项目本身，可能会提升更大,无,6.2,37,10,,营销,营销策略,B+
10013859,光储集团,营销体系,直销经营中心,国内直销,国内经营策略部,国内行销部,执行层,协同方,10012376,4,4,4,5,4,4,5,4,5,5,5,5,,,,,,,,5,5,4,5,5,5,5,5,5,工作态度端正，踏实务实；任劳任怨，团队配合意识强,建议做完工作及时复盘总结，积累经验，持续精进工作细节质量,暂无,6.2,37,10,,营销,营销策略,B+
10013859,光储集团,营销体系,直销经营中心,国内直销,国内经营策略部,国内行销部,执行层,下级,10043542,5,5,5,5,5,5,5,5,5,5,5,5,5,5,5,5,5,5,5,5,5,5,5,5,5,5,5,5,做事严谨有逻辑；善于主动学习钻研业务；待人谦和友善,面对细碎琐事可保持更平和心态,多给区域省份交流推进项目心得,6.2,37,10,,营销,营销策略,B+
10013859,光储集团,营销体系,直销经营中心,国内直销,国内经营策略部,国内行销部,执行层,下级,10029027,5,5,5,5,5,5,4,4,5,4,5,4,5,3,4,4,5,5,5,5,5,5,4,5,4,5,5,5,"1、认真并细致的落实各项工作

2、快速响应并处理工作","1、外国语言学习
2、综合管理能力",无,6.2,37,10,,营销,营销策略,B+
10013859,光储集团,营销体系,直销经营中心,国内直销,国内经营策略部,国内行销部,执行层,下级,10025564,5,5,5,5,5,5,4,5,5,5,5,5,5,4,5,5,5,5,5,5,5,5,5,5,5,5,5,5,负责、创新、友善,无,无,6.2,37,10,,营销,营销策略,B+
10013859,光储集团,营销体系,直销经营中心,国内直销,国内经营策略部,国内行销部,执行层,下级,10024893,5,5,5,5,5,5,5,4,5,5,5,5,5,5,5,5,5,5,5,5,5,5,5,4,5,5,5,5,"1、主动承担挑战性任务，在项目遇到瓶颈或他人犹豫不决时，能够主动请缨，牵头解决复杂问题，并通过系统分析和持续努力推动任务落地。这种迎难而上的态度和行动力，能有效带动团队突破困境。
2、系统总结并分享经验，会主动整理关键流程、易错点和优化建议，形成文档或组织内部分享，帮助团队成员快速复制成功经验、规避常见陷阱。这种知识沉淀的意识和无私分享的习惯，显著提升了团队的整体效能。
3、能迅速理清优先级，有条不紊地协调资源、推进解决，同时稳定团队情绪。这种抗压能力和从容应对的方式，为他人树立了良好的职业标杆。",暂无,暂无,6.2,37,10,,营销,营销策略,B+
10013859,光储集团,营销体系,直销经营中心,国内直销,国内经营策略部,国内行销部,执行层,下级,10024074,4,5,5,5,5,4,4,5,4,5,4,5,4,5,4,5,4,5,4,5,4,5,4,5,4,5,4,5,"尊重他人
善于学习总结
关心下属",暂无,暂无,6.2,37,10,,营销,营销策略,B+
10013859,光储集团,营销体系,直销经营中心,国内直销,国内经营策略部,国内行销部,执行层,下级,10018778,5,5,5,5,5,5,5,5,5,5,5,5,5,5,5,5,5,5,5,5,5,5,5,5,5,5,5,5,认真工作，思维清晰,无,无,6.2,37,10,,营销,营销策略,B+
10013859,光储集团,营销体系,直销经营中心,国内直销,国内经营策略部,国内行销部,执行层,下级,10018775,4,4,4,4,4,3,4,3,4,4,4,3,4,3,4,4,4,4,4,4,4,4,4,4,4,4,4,4,在群里反馈信息的方式方法和思路需要每个人学习,管理者角度考虑问题，带领区域更好发展,多与每一位区域人员聊聊发展和近况,6.2,37,10,,营销,营销策略,B+
10013859,光储集团,营销体系,直销经营中心,国内直销,国内经营策略部,国内行销部,执行层,下级,10018586,5,5,5,5,5,4,5,5,5,5,5,4,5,5,5,4,5,5,4,5,5,4,5,5,5,4,5,5,工作认真、管理细致,/,/,6.2,37,10,,营销,营销策略,B+
10013859,光储集团,营销体系,直销经营中心,国内直销,国内经营策略部,国内行销部,执行层,上级,10009508,3,3,3,4,4,4,3,3,4,5,4,5,4,3,3,5,4,4,5,4,4,5,5,4,4,5,5,5,"1、学习能力强，快速掌握业务规则与专业技术，短时间内胜任区域管理工作。
2、工作热情饱满，服从安排，面对新任务、新挑战敢于尝试，积极性突出。","1、不擅长合理分工，习惯凡事亲力亲为。建议：学会放权分工，培养团队成员独立处理工作的能力。
2、工作压力疏导不足，偶尔影响工作状态。建议：做好时间与精力管理，学会拆解繁重工作，劳逸结合。",深耕区域，把事情做踏实,6.2,37,10,,营销,营销策略,B+
10013696,光储集团,储能事业部,产品经营中心,产品创新发展部,,,执行层,自己,10013696,5,5,5,5,5,5,4,4,5,5,5,4,5,5,5,5,4,4,4,4,4,4,4,5,5,4,5,5,"积极主动：遇到问题首要想办法解决而非推诿；
战略思考：以长远价值为导向推动业务，而非眼前小利","国际化能力：语言、跨国沟通技巧等全方位提升；
带动团队主动积极的能力：始终保持团队的主动性",长期做正确的事,6.3,33,8,4/20/2026,产品与研发,标准及认证,B+
10013696,光储集团,储能事业部,产品经营中心,产品创新发展部,,,执行层,协同方,10023794,,,,,,,,,,,,,,,,,,,,,,,,,,,,,,,,6.3,33,8,4/20/2026,产品与研发,标准及认证,B+
10013696,光储集团,储能事业部,产品经营中心,产品创新发展部,,,执行层,协同方,10022546,4,4,4,4,3,3,4,4,4,4,4,4,,,,,,,,4,3,4,4,4,5,5,5,5,积极灵活,组织协同,暂无,6.3,33,8,4/20/2026,产品与研发,标准及认证,B+
10013696,光储集团,储能事业部,产品经营中心,产品创新发展部,,,执行层,协同方,10021389,5,5,5,5,5,5,5,5,5,5,5,5,,,,,,,,5,5,5,5,5,5,5,5,5,到目前为止，未产生直接工作交集，上面选择式评价均按最高评价,到目前为止，未产生直接工作交集，上面选择式评价均按最高评价,暂无,6.3,33,8,4/20/2026,产品与研发,标准及认证,B+
10013696,光储集团,储能事业部,产品经营中心,产品创新发展部,,,执行层,协同方,10018912,5,4,3,3,4,3,3,2,3,3,4,3,,,,,,,,2,5,4,2,3,4,5,4,5,战略研讨充分,多与外部沟通,多与外部沟通,6.3,33,8,4/20/2026,产品与研发,标准及认证,B+
10013696,光储集团,储能事业部,产品经营中心,产品创新发展部,,,执行层,协同方,10016721,4,3,3,4,5,4,4,4,4,5,5,4,,,,,,,,4,4,5,4,4,4,5,5,5,创新工作方式；专业技能,战略眼光；团队协作,无,6.3,33,8,4/20/2026,产品与研发,标准及认证,B+
10013696,光储集团,储能事业部,产品经营中心,产品创新发展部,,,执行层,协同方,10015878,5,4,4,4,4,4,4,4,4,4,5,4,,,,,,,,5,5,5,4,5,5,4,4,5,业务能力扎实，习惯和团队人员探讨问题,团队驱动力过强，留给下属思考性的不多，有时需要多给对方留白,创新发展对于思路很重要，希望未来能够多多出去交流，并发动其他部门一起参与；,6.3,33,8,4/20/2026,产品与研发,标准及认证,B+
10013696,光储集团,储能事业部,产品经营中心,产品创新发展部,,,执行层,协同方,10017791,5,5,5,4,5,5,5,5,4,5,4,4,,,,,,,,5,4,5,5,5,5,5,5,5,创新、进取、积极主动,领导力,\,6.3,33,8,4/20/2026,产品与研发,标准及认证,B+
10013696,光储集团,储能事业部,产品经营中心,产品创新发展部,,,执行层,协同方,10013049,4,4,4,4,4,3,4,4,3,4,5,4,,,,,,,,4,4,4,3,4,4,4,4,4,创新业务推进高效,暂无,暂无,6.3,33,8,4/20/2026,产品与研发,标准及认证,B+
10013696,光储集团,储能事业部,产品经营中心,产品创新发展部,,,执行层,协同方,10019447,4,5,4,4,4,5,4,3,4,4,5,4,,,,,,,,5,4,5,3,5,4,5,5,5,有创造力，执行力强,做事需更细致，严谨,无,6.3,33,8,4/20/2026,产品与研发,标准及认证,B+
10013696,光储集团,储能事业部,产品经营中心,产品创新发展部,,,执行层,协同方,10011959,4,3,4,3,3,3,3,3,4,4,4,5,,,,,,,,4,3,5,3,3,3,4,5,5,深入洞察，跟踪挖掘外部客户需求，提出创新性产品构想。,前瞻布局与规划创新项目的方向，探索创新项目落地的敏捷机制,无,6.3,33,8,4/20/2026,产品与研发,标准及认证,B+
10013696,光储集团,储能事业部,产品经营中心,产品创新发展部,,,执行层,协同方,10022840,5,5,5,5,5,4,4,4,5,4,4,5,,,,,,,,5,4,4,5,4,5,5,4,5,"敢于创新思路，不墨守成规，能优化流程、提质增效
适应变革能力强，面对调整改革能快速适应","细节把控还有提升空间，偶有工作复盘不及时、闭环不到位
跨部门主动协同意识可加强，主动对接、前置联动偏少",建立常态化谈心谈话机制，精准掌握下属思想状态与能力短板，分类帮带、因材施教。,6.3,33,8,4/20/2026,产品与研发,标准及认证,B+
10013696,光储集团,储能事业部,产品经营中心,产品创新发展部,,,执行层,协同方,10007764,5,5,5,5,5,4,4,5,4,5,5,5,,,,,,,,5,4,5,5,4,5,4,5,5,"1、高效管理时间与优先级，手头任务繁多但总能按时交付，且质量稳定。善于使用计划工具、合理分配精力，从不因忙碌而漏项；
2、在压力下保持冷静与秩序，面对紧急突发任务或客户投诉时，先稳定情绪，再有条不紊地梳理问题、沟通各方、逐项解决。这种抗压能力是团队稳定的基石。",无,无,6.3,33,8,4/20/2026,产品与研发,标准及认证,B+
10013696,光储集团,储能事业部,产品经营中心,产品创新发展部,,,执行层,协同方,10004028,4,4,4,3,4,3,4,4,4,5,4,4,,,,,,,,4,4,4,2,4,4,4,4,4,创新意识强，头脑灵活。,部门间协同不足，信息未充分沟通和拉起。,关键事项要有定期拉起的机制。,6.3,33,8,4/20/2026,产品与研发,标准及认证,B+
10013696,光储集团,储能事业部,产品经营中心,产品创新发展部,,,执行层,协同方,10003745,4,4,4,4,4,4,4,4,5,5,4,5,,,,,,,,4,5,4,3,4,4,4,5,5,产品的规划能力，市场分析清晰,对研发团队进展业务赋能,无,6.3,33,8,4/20/2026,产品与研发,标准及认证,B+
10013696,光储集团,储能事业部,产品经营中心,产品创新发展部,,,执行层,协同方,10003244,5,4,5,5,4,5,5,4,4,5,5,5,,,,,,,,4,4,5,4,4,4,5,4,4,思维比较敏捷，敢为人先,内部信息拉齐方面可以加强,无,6.3,33,8,4/20/2026,产品与研发,标准及认证,B+
10013696,光储集团,储能事业部,产品经营中心,产品创新发展部,,,执行层,协同方,10000924,,,,,,,,,,,,,,,,,,,,,,,,,,,,,,,,6.3,33,8,4/20/2026,产品与研发,标准及认证,B+
10013696,光储集团,储能事业部,产品经营中心,产品创新发展部,,,执行层,协同方,10000828,,,,,,,,,,,,,,,,,,,,,,,,,,,,,,,,6.3,33,8,4/20/2026,产品与研发,标准及认证,B+
10013696,光储集团,储能事业部,产品经营中心,产品创新发展部,,,执行层,下级,10036379,5,5,5,5,4,5,4,5,5,5,5,4,5,5,4,4,5,5,4,5,5,5,5,5,5,4,5,5,"1.主动承担工作责任和业务责任、客户和业务优先的内部管理风格
2.积极拥抱AI和新技术，提升工作效率
3.不搞PUA和小圈子斗争，不搞精致利己主义，给部门营造了一个和谐的工作氛围",暂无,暂无,6.3,33,8,4/20/2026,产品与研发,标准及认证,B+
10013696,光储集团,储能事业部,产品经营中心,产品创新发展部,,,执行层,下级,10036015,4,4,5,4,5,3,5,5,5,5,4,4,5,3,4,4,4,4,3,4,5,5,4,4,3,4,5,5,向上管理，拉通协调内部资源,团队文化建设，提升凝聚力,暂无,6.3,33,8,4/20/2026,产品与研发,标准及认证,B+
10013696,光储集团,储能事业部,产品经营中心,产品创新发展部,,,执行层,下级,10019593,5,5,5,5,5,5,5,5,5,5,5,5,5,5,5,5,5,5,5,5,5,5,5,5,5,5,5,5,全局观、责任感,无,无,6.3,33,8,4/20/2026,产品与研发,标准及认证,B+
10013696,光储集团,储能事业部,产品经营中心,产品创新发展部,,,执行层,下级,10017841,5,4,5,5,4,5,4,4,5,4,5,3,5,3,3,3,5,5,5,5,4,4,3,5,5,5,5,5,"1、思路比较清晰活跃，抓重点关键环节，赋能且信任团队自主完成任务。
2、态度积极，总能直面问题并亲自带队解决问题。
","1、对内考虑更沉稳的沟通表达方式以及提供更系统性的团队发展、产品发展总体规划；
2、对外承担更多联络拉通和资源协调责任；",有独特的领导风格，比较适配自驱力高的团队成员，可以适当提高对细节环节的把控，以确保既定目标更低风险达成。,6.3,33,8,4/20/2026,产品与研发,标准及认证,B+
10013696,光储集团,储能事业部,产品经营中心,产品创新发展部,,,执行层,下级,10009950,5,5,5,5,5,4,5,4,3,4,5,4,5,5,4,5,4,5,5,5,5,5,4,4,4,4,5,5,积极尝试新工具提高工作效率、大胆创新,跨部门资源协调、交流,无,6.3,33,8,4/20/2026,产品与研发,标准及认证,B+
10013696,光储集团,储能事业部,产品经营中心,产品创新发展部,,,执行层,下级,10009375,5,5,5,5,5,4,4,5,5,4,5,4,5,5,5,5,4,5,5,4,5,5,5,5,4,5,4,5,"1. 鼓励下属通过AI赋能自己的工作效率；
2. 为下属争取更多的学习机会，并且培养下属的个人影响力；",多多开展部门团建，增强团队凝聚力,无,6.3,33,8,4/20/2026,产品与研发,标准及认证,B+
10013696,光储集团,储能事业部,产品经营中心,产品创新发展部,,,执行层,上级,10009176,5,5,5,4,5,4,4,3,5,5,5,5,5,4,4,4,4,4,3,4,4,5,4,5,5,5,5,5,接受创新，善于突破自我，思维敏捷有条理。,培养下属。,暂无,6.3,33,8,4/20/2026,产品与研发,标准及认证,B+
10013582,光储集团,营销体系,欧洲大区,综合管理部,,,执行层,自己,10013582,3,3,3,3,4,4,4,3,4,3,3,3,4,3,3,4,4,4,4,4,3,3,3,4,4,4,4,5,"HR as a Trusted Business Partner
People can learn that HR is not just an administrative function — it plays a strategic role in supporting business goals, guiding leaders, and helping organizations make balanced people decisions.
HR Builds Trust Through Support and Guidance
Since employees frequently approach HR for advice, it shows that HR is viewed as a reliable and approachable resource for handling workplace concerns, career discussions, and interpersonal challenges.
HR Creates Strong Workplace Relationships
The trust from both stakeholders and employees demonstrates the importance of communication, empathy, and fairness in building positive relationships across the organization.","1. Managing Impatience
2. Improving Confidence with RMB and Numbers
3. Balancing High Standards with Realistic Expectations","Be kind to myself, learn to let go and let employees develop by themselves",6.4,49,15,,人力资源,——,B+
10013582,光储集团,营销体系,欧洲大区,综合管理部,,,执行层,协同方,10043707,4,4,4,4,4,4,4,4,4,4,4,4,,,,,,,,4,4,4,4,4,4,4,4,4,Na,Na,Na,6.4,49,15,,人力资源,——,B+
10013582,光储集团,营销体系,欧洲大区,综合管理部,,,执行层,协同方,10040535,,,,,,,,,,,,,,,,,,,,,,,,,,,,,,,,6.4,49,15,,人力资源,——,B+
10013582,光储集团,营销体系,欧洲大区,综合管理部,,,执行层,协同方,10033767,3,3,3,3,3,2,4,4,3,3,3,3,,,,,,,,3,3,4,4,4,4,4,4,4,Patient and proactive in offering help,Further improve business capability and team leadership,No comment,6.4,49,15,,人力资源,——,B+
10013582,光储集团,营销体系,欧洲大区,综合管理部,,,执行层,协同方,10031684,,,,,,,,,,,,,,,,,,,,,,,,,,,,,,,,6.4,49,15,,人力资源,——,B+
10013582,光储集团,营销体系,欧洲大区,综合管理部,,,执行层,协同方,10024939,3,4,4,3,3,4,5,4,3,3,4,2,,,,,,,,4,3,4,5,4,4,5,5,5,NA,NA,NA,6.4,49,15,,人力资源,——,B+
10013582,光储集团,营销体系,欧洲大区,综合管理部,,,执行层,协同方,10017380,2,1,1,1,1,1,2,1,1,1,1,1,,,,,,,,1,1,1,1,1,1,5,2,4,No comment,No comment,No comment,6.4,49,15,,人力资源,——,B+
10013582,光储集团,营销体系,欧洲大区,综合管理部,,,执行层,协同方,10015954,2,2,2,2,1,4,3,3,3,2,3,3,,,,,,,,4,3,3,4,3,3,4,3,4,Strong execution ability,Need to improve awareness and capability in service business,Set aside bias and remain objective in work,6.4,49,15,,人力资源,——,B+
10013582,光储集团,营销体系,欧洲大区,综合管理部,,,执行层,协同方,10015667,1,1,1,1,2,2,1,1,2,1,2,1,,,,,,,,1,2,2,1,2,2,2,3,1,not sufficient,she needs to understand company needs and priorities,N/A,6.4,49,15,,人力资源,——,B+
10013582,光储集团,营销体系,欧洲大区,综合管理部,,,执行层,协同方,10014933,4,4,3,3,3,3,4,4,4,3,3,4,,,,,,,,4,4,3,4,5,4,4,4,4,Upright and fair-minded in dealing with employees,Strive to learn Chinese culture and make good use of local strengths to integrate both sides effectively,"Strive to learn Chinese culture and make full use of local strengths to integrate both sides effectively, while staying true to the original purpose of HR",6.4,49,15,,人力资源,——,B+
10013582,光储集团,营销体系,欧洲大区,综合管理部,,,执行层,协同方,10009767,4,4,4,3,4,4,5,5,5,5,5,3,,,,,,,,4,3,4,5,4,3,5,5,5,Open to diverse opinions,No comment,No comment,6.4,49,15,,人力资源,——,B+
10013582,光储集团,营销体系,欧洲大区,综合管理部,,,执行层,协同方,10009470,5,5,4,4,5,5,5,5,4,5,4,5,,,,,,,,5,4,5,5,5,5,5,4,5,"Caring person, reference for colleagues, always listening and finding solutions",Work in goshiping policies to try to avoid problems within the team which could harm reputation of colleagues,"Great HR Director, always a person who can fully be trusted and implemented great policies in the company",6.4,49,15,,人力资源,——,B+
10013582,光储集团,营销体系,欧洲大区,综合管理部,,,执行层,协同方,10009084,3,4,4,4,3,4,5,5,4,4,3,3,,,,,,,,5,4,4,5,4,4,4,4,5,she is encouraging the teams to create a positive and inclusive team culture,the HR team is sometimes not aware of business needs. Too much focus on admin topics.,-,6.4,49,15,,人力资源,——,B+
10013582,光储集团,营销体系,欧洲大区,综合管理部,,,执行层,协同方,10007913,4,3,4,4,4,3,4,3,3,4,4,4,,,,,,,,4,4,4,4,5,4,5,4,5,Customer mindset,Organizational development,No comment,6.4,49,15,,人力资源,——,B+
10013582,光储集团,营销体系,欧洲大区,综合管理部,,,执行层,协同方,10001844,2,3,3,3,3,3,3,3,3,3,3,2,,,,,,,,3,3,3,4,4,4,4,4,5,Highly professional and has very positive values.,"Strengthen the insight and understanding of business requirements.
Strengthen the professional capabilities of HR team.",Grant more authority to subordinates and cultivate their working abilities.,6.4,49,15,,人力资源,——,B+
10013582,光储集团,营销体系,欧洲大区,综合管理部,,,执行层,下级,10046481,4,4,4,4,3,4,5,5,3,4,4,3,4,4,5,4,3,4,3,5,4,5,5,4,4,5,5,5,"She demonstrates a high level of openness and cultural awareness, showing a genuine ability to understand and respect different perspectives across teams. She is approachable and supportive. At the same time, she shows willingness to listen and adapt, which strengthens trust within the team.","She could work more closely with me to further strengthen her understanding of the WOW and gain deeper insight into the complexity of certain roles. While she is already making many efforts in this area, I believe there is still some room for further improvement.",No further comments,6.4,49,15,,人力资源,——,B+
10013582,光储集团,营销体系,欧洲大区,综合管理部,,,执行层,下级,10042782,4,4,5,4,5,5,5,5,5,5,5,5,5,5,4,5,5,5,5,5,5,5,5,5,5,5,5,5,"Fully trust team member and provide freedom to team work independently, open for feedback and new ideas, explore AI ",Process improvement ,N/A,6.4,49,15,,人力资源,——,B+
10013582,光储集团,营销体系,欧洲大区,综合管理部,,,执行层,下级,10037897,4,4,4,4,4,4,4,4,4,4,4,4,4,4,4,4,4,4,4,4,4,4,4,4,4,4,4,4,She has shown strong leadership in promoting a proactive EHS culture and consistently prioritizing safety.,I don’t have any in mind at the moment.,I don’t have any in mind at the moment.,6.4,49,15,,人力资源,——,B+
10013582,光储集团,营销体系,欧洲大区,综合管理部,,,执行层,下级,10032301,5,5,5,5,5,5,5,5,4,4,4,4,5,5,5,5,4,5,5,5,5,5,5,5,5,5,5,5,"Strategic big picture thinking, genuine care for employees, and accommodating different needs based on individual situations.",N/A,N/A,6.4,49,15,,人力资源,——,B+
10013582,光储集团,营销体系,欧洲大区,综合管理部,,,执行层,下级,10031904,5,4,5,4,5,4,5,4,5,4,5,4,5,4,5,4,5,4,5,4,5,4,5,4,5,4,5,4,.,.,.,6.4,49,15,,人力资源,——,B+
10013582,光储集团,营销体系,欧洲大区,综合管理部,,,执行层,下级,10029806,5,5,5,5,4,4,5,4,5,4,4,5,4,4,5,3,5,4,4,5,3,5,5,5,3,5,5,5,"One area where she performs exceptionally well is empowering her team while maintaining strong alignment across functions and regions. Despite leading a highly diverse organization/function in a multicultural European environment, she consistently trusts team members to apply their local expertise and make decisions independently. This creates both accountability and motivation within the team, while ensuring local business realities are properly considered.

She also demonstrates outstanding responsiveness and supportiveness as a leader. Regardless of the complexity or urgency of the situation, she remains approachable, available, and solution-oriented. Her ability to provide guidance while still encouraging ownership has created a very positive and collaborative working environment.","One area where there is maybe room for improvement is in written communication style. Because communication is often concise and direct in written form, it can sometimes be difficult for team members to interpret the intended tone. In certain situations, messages may unintentionally create concern or additional stress, especially during already demanding periods. Adding a bit more context or emotional nuance in written communication could help ensure messages are consistently perceived as supportive and constructive. Or the other way around: explain to the team her communication style to avoid any possible misunderstandings.

Another potential improvement area relates to digital disconnection and work-life boundaries. As a highly committed and responsive leader, she occasionally reaches out outside of standard working hours (always without expecting immediate responses). However, for high-performing and highly accountable team members, this can create an implicit pressure to stay connected and respond quickly. Encouraging clearer boundaries around after-hours communication, when possible, could further support team wellbeing and sustainable work practices.",No additional suggestions,6.4,49,15,,人力资源,——,B+
10013582,光储集团,营销体系,欧洲大区,综合管理部,,,执行层,下级,10029633,5,4,4,4,3,3,4,4,4,5,4,4,4,4,5,3,3,3,4,4,4,4,4,4,3,4,3,3,"Truly cares about employees and their well-being; low distance approach, very approachable - more supervisors should care about their subordinates this way","Sometimes rewards under-performing or 'problematic' employees, either instead of or in the same way as high performing employees, leading to frustration and dissatisfaction - my suggestion would be to truly evaluate the contribution of team members, incl. their behavior to other team members and colleagues and offer better incentives and ways to show appreciation",No,6.4,49,15,,人力资源,——,B+
10013582,光储集团,营销体系,欧洲大区,综合管理部,,,执行层,下级,10029421,,,,,,,,,,,,,,,,,,,,,,,,,,,,,,,,6.4,49,15,,人力资源,——,B+
10013582,光储集团,营销体系,欧洲大区,综合管理部,,,执行层,下级,10029417,5,5,4,5,5,5,5,5,4,5,4,5,4,4,5,5,5,4,4,4,5,5,5,5,4,5,4,5,"Siew brings a very calm and steady approach to leadership, especially during complex or high-pressure situations. She is able to stay focused, think pragmatically, and guide discussions in a balanced and professional way even when facing sensitive organizational or people-related challenges. This creates stability and confidence within the team.

She also has a strong ability to balance business priorities with people considerations. She understands the operational needs of the business while still taking into account employee impact, local realities, and long-term organizational implications. This balanced perspective is something that contributes positively to decision-making and team alignment.

Another strength is her collaborative working style across different regions and stakeholders. She encourages open communication, listens to different viewpoints, and works to build alignment between teams with different perspectives and interests. Her ability to maintain constructive relationships in a multicultural and fast-paced environment is something others can learn from.","As general feedback related to improving internal processes with HQ, and in order to remain competitive in a very fast-moving market, I believe there is an opportunity to further streamline and accelerate certain approval processes, particularly around hiring and headcount approvals. In some cases, lengthy timelines can create challenges in securing strong candidates, as candidates may move forward with other opportunities while approvals are still pending. From my experience, Siew does her best to push and accelerate these processes on her side as much as possible, however the large number of approval layers and stakeholders involved afterward can significantly delay the final decision-making process. Improving the speed and efficiency of these processes could support the business more effectively and strengthen the overall candidate experience.

Other than that, I believe Siew brings a strong combination of professionalism, collaboration, and balanced leadership to her role.","I think the continued collaboration between the different HR teams and regions is very positive and helps create better alignment across the organization. The efforts to maintain open communication and encourage strategic discussions between regions are valuable and contribute to stronger cooperation and consistency.
I encourage Siew to continue leading in this way and supporting the strong collaborative environment that already exists today. I am proud to be part of her team and to work alongside her.",6.4,49,15,,人力资源,——,B+
10013582,光储集团,营销体系,欧洲大区,综合管理部,,,执行层,下级,10023343,5,5,4,4,5,5,5,5,5,5,5,4,4,4,5,4,4,3,4,5,5,4,4,5,4,4,5,4,"1. Trust on me, on my criteria. 
2. For projects and requirements, she always is the first taking the initiative, pushing obstacles, moving opened topics between different departments, helping you out with department issues.
3. Decision capacity.","Not in her side, but on the department settings like divided within functions amd roles, and not for countries... but this is a matter of time to be improved. On the way. ","Nothing, but thanks the trust and the help to make  my job, intiatives and performances get increased in these years. ",6.4,49,15,,人力资源,——,B+
10013582,光储集团,营销体系,欧洲大区,综合管理部,,,执行层,下级,10020962,5,5,5,5,4,4,5,4,5,4,4,4,5,5,5,4,5,5,4,5,5,5,5,5,4,5,4,5,"1. Supporting efficient work by giving access to the tools needed to work at maximum effectiveness.
2. By supporting the creation of a new structure to ensure we maximize the resources we have.
3. Job band project in EU.",1. Improve visibility and accessibility of HR - Scheduling regular check‑ins with departments or hosting open HR hours.,no,6.4,49,15,,人力资源,——,B+
10013582,光储集团,营销体系,欧洲大区,综合管理部,,,执行层,下级,10020439,2,2,4,3,5,4,5,5,3,4,4,4,5,4,4,3,4,4,5,5,4,4,5,4,5,5,5,5,"Recognize the value and risks brought by different perspectives, positions, or cultures; Establish a ""compliance"" mindset; Provide timely feedback on employee performance",strategic thinking and systematic planning,continue to be a great leader,6.4,49,15,,人力资源,——,B+
10013582,光储集团,营销体系,欧洲大区,综合管理部,,,执行层,下级,10015669,3,3,3,3,3,3,3,3,3,3,3,3,3,3,3,3,3,3,3,3,3,3,3,3,3,3,3,3,Good listener; strong internal communication,No comment,No comment,6.4,49,15,,人力资源,——,B+
10013582,光储集团,营销体系,欧洲大区,综合管理部,,,执行层,下级,10015370,5,5,5,5,5,5,5,5,5,5,5,5,5,5,5,5,5,5,5,5,5,5,5,5,5,5,5,5,"Leads by example, upholds principles, and shows strong understanding toward the team",No comment,No comment,6.4,49,15,,人力资源,——,B+
10013582,光储集团,营销体系,欧洲大区,综合管理部,,,执行层,下级,10015242,5,4,5,5,5,4,5,5,5,5,5,4,4,5,5,5,5,5,5,5,5,5,5,5,5,5,5,5,"Strategic Collaboration-High Level Management and Cross-Function
Potential Identification and Strategic Talent Development",NA,NA,6.4,49,15,,人力资源,——,B+
10013582,光储集团,营销体系,欧洲大区,综合管理部,,,执行层,上级,10010753,4,4,4,4,4,5,5,5,4,5,4,5,4,4,4,5,5,5,5,5,4,5,4,5,5,5,4,5,"Works diligently and responsibly, with high enthusiasm and a strong sense of responsibility. Effectively serves as a bridge between headquarters and overseas regions, as well as between the company and employees, and helps convey sungrow's values.","As business development enters different stages, the thinking around local HR strategy in response to business needs can be further strengthened, not only to effectively solve current business pain points, but also to upgrade the HR system and mechanism, so that HR professionalism can more effectively support business success",No comment,6.4,49,15,,人力资源,——,B+
10013582,光储集团,营销体系,欧洲大区,综合管理部,,,执行层,上级,10000751,4,4,5,4,4,4,4,3,3,5,4,4,3,3,3,3,3,4,4,5,5,4,5,5,5,5,5,5,"Fair and just, with positive values",Business-oriented HR management mindset,No comment,6.4,49,15,,人力资源,——,B+
10013576,光储集团,营销体系,拉美大区,技术支持部,,,执行层,自己,10013576,4,4,4,4,3,4,5,4,4,5,4,4,5,3,4,3,3,4,2,4,4,4,3,4,3,5,5,4,-,-,-,6.4,33,8,,营销,技术营销,A
10013576,光储集团,营销体系,拉美大区,技术支持部,,,执行层,协同方,10045273,5,5,4,5,5,3,5,5,5,5,5,4,,,,,,,,5,4,5,4,5,5,5,5,5,Built respectful reputation in market and recognized as reference for our industry.,Use deep knowledge about product and industry to teach others internally as has been doing in past months.,Help to integrate and improve synergy between AE and Sales team,6.4,33,8,,营销,技术营销,A
10013576,光储集团,营销体系,拉美大区,技术支持部,,,执行层,协同方,10041474,5,5,4,4,5,5,4,4,4,5,5,5,,,,,,,,4,4,4,4,4,5,5,5,4,"Very high level of professional expertise; promotes subordinates and provides comprehensive support, while maintaining a strong sense of responsibility for his own work",Further strengthen and optimize the ability to coordinate with headquarters,No comment,6.4,33,8,,营销,技术营销,A
10013576,光储集团,营销体系,拉美大区,技术支持部,,,执行层,协同方,10027839,5,5,4,5,3,5,5,5,4,5,5,5,,,,,,,,5,4,4,4,5,5,5,5,5,"Mauro is an outstanding professional. He quickly masters new and highly complex subjects, communicates very effectively in public, and is able to expertly lead technical discussions with the various types of Sungrow clients.","The development of his commercial skills and, in some cases, his “social” skills will further accelerate his career toward positions beyond director.","Until he develops technically qualified professionals who can filter critical demands within the company, he will continue to be highly sought after on a daily basis by both internal and external customers.",6.4,33,8,,营销,技术营销,A
10013576,光储集团,营销体系,拉美大区,技术支持部,,,执行层,协同方,10027138,5,4,4,4,5,4,5,4,5,5,5,4,,,,,,,,4,4,4,4,4,5,5,5,5,Strong technical expertise and willingness to share knowledge to empower the team. Has a broad perspective and a strong sense of responsibility.,Participate more in group activities,No comment,6.4,33,8,,营销,技术营销,A
10013576,光储集团,营销体系,拉美大区,技术支持部,,,执行层,协同方,10023305,5,5,5,5,5,5,5,5,5,5,5,5,,,,,,,,5,5,5,5,5,5,5,5,5,"echnical Expertise and Problem-Solving: Demonstrates exceptional knowledge in their field and consistently finds effective solutions to complex technical challenges, serving as a model for the team.
Process Optimization and Innovation: Actively seeks opportunities to improve workflows and implement innovative solutions, inspiring others to adopt best practices and drive efficiency.","eadership Development: While technically strong, there is room to further enhance leadership skills, particularly in motivating and inspiring the team during challenging projects.

Suggestion: Consider regular team check-ins, delegating more responsibility, and providing structured feedback to strengthen team engagement and confidence.",no,6.4,33,8,,营销,技术营销,A
10013576,光储集团,营销体系,拉美大区,技术支持部,,,执行层,协同方,10021331,5,5,5,5,4,5,5,4,4,5,5,5,,,,,,,,4,3,3,4,4,5,4,5,3,technical area,"Operations, HR.",no,6.4,33,8,,营销,技术营销,A
10013576,光储集团,营销体系,拉美大区,技术支持部,,,执行层,协同方,10010557,5,5,5,4,5,4,3,5,5,5,5,5,,,,,,,,4,5,4,5,5,4,5,5,5,Macromamangement view,"Sales experience improved a lot, more visits with high managment would be good",no,6.4,33,8,,营销,技术营销,A
10013576,光储集团,营销体系,拉美大区,技术支持部,,,执行层,协同方,10010409,,,,,,,,,,,,,,,,,,,,,,,,,,,,,,,,6.4,33,8,,营销,技术营销,A
10013576,光储集团,营销体系,拉美大区,技术支持部,,,执行层,下级,10046698,,,,,,,,,,,,,,,,,,,,,,,,,,,,,,,,6.4,33,8,,营销,技术营销,A
10013576,光储集团,营销体系,拉美大区,技术支持部,,,执行层,下级,10031783,5,4,4,5,3,4,5,4,4,4,4,4,5,4,3,4,4,4,3,4,5,5,5,4,4,4,4,5,"1. The technical knowledge is strong and solid. Always is an exceptional support.
2. The good mood, and good attitude kind and close with the collaborators","1. Implement a continuous and periodic feedback, structured, in addition to the existing semi-anual one.
2. Create situations of trust for his area, like internal teambuilding, but simples.","He's a great leader, it's a pleasant and comfortable to work with him.",6.4,33,8,,营销,技术营销,A
10013576,光储集团,营销体系,拉美大区,技术支持部,,,执行层,下级,10031290,5,4,4,5,4,5,4,5,5,5,5,4,5,4,3,3,3,5,3,5,4,5,4,4,4,5,4,5,"Mauro is always a strong technical support for the team and someone we can rely on in difficult situations. He helps us understand what is really necessary for the moment and what is not a priority, which improves our decisions and focus.

He also has good technical knowledge and gives clear guidance during discussions with the team and customers. His practical way of thinking and supporting others is something that people can learn from.","One area for improvement could be providing more frequent feedback to the team, helping keep communication and expectations more aligned.

He could also propose more activities and interactions between teams, which would help improve teamwork, collaboration, and integration between different areas.",No further suggestions,6.4,33,8,,营销,技术营销,A
10013576,光储集团,营销体系,拉美大区,技术支持部,,,执行层,下级,10021330,5,5,5,5,5,5,5,5,5,5,5,5,5,4,5,4,4,5,4,5,5,5,5,5,5,5,5,5,"Company culture, well aligned with the solutions and Sungrow visions.",Improve the frequency of Individual feedbacks for the team.,No.,6.4,33,8,,营销,技术营销,A
10013576,光储集团,营销体系,拉美大区,技术支持部,,,执行层,下级,10021142,5,5,5,5,4,5,5,5,5,4,5,4,5,5,4,4,4,5,4,5,4,4,3,5,4,4,5,5,"As a Technical Director, it is noticeable his technical knowledge and problem solving skills. He makes complex issues seems easy to tackle, specially regarding local regulation. Therefore, he is someone to have as a mentor and role model. It is possible to notice how he got  to this point, still to the day, even with more technical skills than any, he still thrives to learn more day by day, recommending to the team his source of information on webinars, books, courses or related skills. ","One area that he has been working on but would be nice to keep the effort is to delegate more activities to the team and guide us through the process, be more on manager mode rather than on maker mode. This will improve team confidence and leverage his workload.","keep empowering its team members, giving them more responsibilities and resources to achieve the setted goals.",6.4,33,8,,营销,技术营销,A
10013576,光储集团,营销体系,拉美大区,技术支持部,,,执行层,下级,10020463,5,5,5,5,4,4,5,5,4,5,5,5,5,4,4,3,4,5,4,5,5,5,3,5,5,4,5,3,"Lead by example, focus on achieving results, and consistently strive for improved outcomes.",It’s sometimes advisable to gain a comprehensive understanding of the situation by speaking to different individuals.,"Honestly, I'm proud to working for someone I admire and get to learn everyday.",6.4,33,8,,营销,技术营销,A
10013576,光储集团,营销体系,拉美大区,技术支持部,,,执行层,下级,10019696,5,4,4,3,3,5,5,4,4,4,5,5,5,3,1,3,1,3,2,5,4,4,3,4,2,3,4,5,"Mauro demonstrates a strong commitment to high-quality work, consistently raising the standard of the department. His attention to detail, sense of ownership, and focus on delivering well-executed results are valuable references for the team.

He is also highly willing to share knowledge with others, contributing to the development of colleagues and supporting a more collaborative and technically prepared work environment.","Mauro could further develop his management skills beyond his already strong technical leadership. One opportunity would be to create a more predictable management environment, with clearer routines for follow-up, alignment, and feedback. Periodic one-on-one conversations with team members could help reduce the perceived distance between leadership and part of the team, while also reinforcing expectations and commitment.

Another improvement area would be to build a more intentional understanding of each team member’s strengths, limitations, and development needs. This mapping could be used more actively to support individual growth, allocate responsibilities more effectively, and improve the execution of tasks and broader team strategies.","Mauro could further strengthen his leadership impact by periodically dedicating focused time to each team member, such as short one-on-one conversations. This would help create a clearer understanding of individual challenges, development opportunities, and career expectations.

This practice could also reinforce the perception of active follow-up and commitment from leadership, while opening space for more guided improvement discussions and more consistent alignment with the team.",6.4,33,8,,营销,技术营销,A
10013576,光储集团,营销体系,拉美大区,技术支持部,,,执行层,上级,10009037,5,5,5,5,5,4,5,4,4,4,5,5,5,5,4,4,5,5,4,5,5,5,4,5,5,5,5,4,Excellent learning and critical thinking ability; willing to take on additional responsibilities when the company needs it and step in for team members or even other departments,Build up more knowledge and skills required to become an executive,No comment,6.4,33,8,,营销,技术营销,A
10013285,光储集团,营销体系,直销经营中心,国内直销,国内经营策略部,国内行销部,执行层,自己,10013285,4,5,4,4,4,4,5,4,4,5,5,4,4,3,4,3,3,4,4,4,5,5,4,5,4,5,4,5,和团队成员一直在一起进行攻坚克难，给团队人员积极梳理思路，态度积极乐观,团队建设和领导力方面后续可以再学习和加强，主要是现在面临市场环境恶劣，竞争压力大，面对友商通过低价和资源置换等途径竞争，如果激发团队人员的信心，不被外界环境影响，做出更高溢价，让团队保持一个信念：我们是最优秀的解决方案工程师、我们的产品是最好的、和我们合作的客户是最幸福的,暂无,6.8,35,9,,营销,营销策略,B+
10013285,光储集团,营销体系,直销经营中心,国内直销,国内经营策略部,国内行销部,执行层,协同方,10022318,5,5,4,5,4,5,5,5,4,5,5,5,,,,,,,,5,4,5,5,5,5,5,4,5,重点客户需求识别精准，人物拆解细致。,无,无,6.8,35,9,,营销,营销策略,B+
10013285,光储集团,营销体系,直销经营中心,国内直销,国内经营策略部,国内行销部,执行层,协同方,10017582,5,5,5,4,4,5,3,4,5,5,5,5,,,,,,,,5,4,5,4,5,4,5,4,4,对方技术能力突出，能够精准理解业务诉求，定制化方案落地效果良好。对接人员专业耐心，主动跟进项目进展,推进新项目/新任务时，可提前做好风险预判与预案，增强兜底能力。,无,6.8,35,9,,营销,营销策略,B+
10013285,光储集团,营销体系,直销经营中心,国内直销,国内经营策略部,国内行销部,执行层,协同方,10012376,5,5,4,5,4,4,5,4,5,5,5,5,,,,,,,,5,5,4,5,5,5,5,5,5,工作积极主动，责任心充足,建议加强主动沟通同步，完善工作闭环，遇事多前置对接,暂无,6.8,35,9,,营销,营销策略,B+
10013285,光储集团,营销体系,直销经营中心,国内直销,国内经营策略部,国内行销部,执行层,协同方,10010307,,,,,,,,,,,,,,,,,,,,,,,,,,,,,,,,6.8,35,9,,营销,营销策略,B+
10013285,光储集团,营销体系,直销经营中心,国内直销,国内经营策略部,国内行销部,执行层,下级,10043340,4,5,5,5,5,4,5,5,5,5,4,4,4,5,5,5,4,4,5,5,4,5,5,5,5,5,5,5,"1、关心下属，尽职尽责，直面问题积极复盘改进，不推诿不敷衍
2、工作态度端正，履职尽责，对待任务严谨细致，保质保量完成各项工作
3、遇事沉稳靠谱，善于沟通协调，高效对接各方事项，减少协作矛盾","1、专业知识涉猎广度足够，复杂工况技术研判仍有提升空间
建议：深耕设备参数、并网规范等核心内容，复盘项目案例积累实操经验",无,6.8,35,9,,营销,营销策略,B+
10013285,光储集团,营销体系,直销经营中心,国内直销,国内经营策略部,国内行销部,执行层,下级,10041708,3,3,3,3,4,4,3,3,4,5,4,5,3,2,4,4,3,3,3,3,2,2,3,3,2,3,4,4,积极响应客户需求，并且通过最新解决方案去解决,"1、经营策略方面
2、更深度的解决方案",1、多询问员工的工作动态,6.8,35,9,,营销,营销策略,B+
10013285,光储集团,营销体系,直销经营中心,国内直销,国内经营策略部,国内行销部,执行层,下级,10038355,5,5,5,4,5,5,4,5,5,5,5,5,4,4,5,5,5,5,5,5,5,5,5,5,5,5,5,5,严谨，项目经验丰富，给予团队成员有效指导和建议。,无,无,6.8,35,9,,营销,营销策略,B+
10013285,光储集团,营销体系,直销经营中心,国内直销,国内经营策略部,国内行销部,执行层,下级,10037187,,,,,,,,,,,,,,,,,,,,,,,,,,,,,,,,6.8,35,9,,营销,营销策略,B+
10013285,光储集团,营销体系,直销经营中心,国内直销,国内经营策略部,国内行销部,执行层,下级,10033689,5,5,5,5,4,5,4,4,4,5,4,4,4,4,4,4,4,4,4,5,5,5,5,5,5,5,5,5,"1、面对问题合理分析，理性指导方法
2、合理安排时间，高效解决问题
3、主动帮助部门同事拉通公司资源","1、提升演讲能力，对外情绪感染力
2、区域内分享成功经验",无,6.8,35,9,,营销,营销策略,B+
10013285,光储集团,营销体系,直销经营中心,国内直销,国内经营策略部,国内行销部,执行层,下级,10030441,5,5,5,4,5,5,4,5,4,4,4,5,4,4,5,5,5,5,5,5,4,4,4,4,4,5,5,5,"对于项目风险点的把控能力非常精准，提前预判项目可能存在的风险点，并能够给予对应的指导策略；
时刻保持创新尊重意识，以身作则在大区内部组织多次项目复盘会、项目案例分析给予下属很多发言的机会；",暂无,暂无,6.8,35,9,,营销,营销策略,B+
10013285,光储集团,营销体系,直销经营中心,国内直销,国内经营策略部,国内行销部,执行层,下级,10028572,5,4,5,3,3,4,3,4,4,3,4,3,3,3,4,3,3,4,4,4,4,3,4,4,4,3,5,4,"1.开放且尊重他人，鼓励员工依据个人意愿进行发展；
2.项目上以客户为中心，践行公司价值观。","1.要依据员工当下的情况进行评估，做有针对性的提升；
2.管理方面仍然需要加强。",无,6.8,35,9,,营销,营销策略,B+
10013285,光储集团,营销体系,直销经营中心,国内直销,国内经营策略部,国内行销部,执行层,下级,10024072,5,5,5,5,5,5,4,5,5,5,5,5,3,3,5,5,4,5,5,5,5,5,5,5,5,5,5,5,建立积极轻松的团队氛围，不断学习成长,无,无,6.8,35,9,,营销,营销策略,B+
10013285,光储集团,营销体系,直销经营中心,国内直销,国内经营策略部,国内行销部,执行层,下级,10023278,4,5,5,5,5,4,4,5,5,5,5,5,5,4,5,4,4,4,5,4,5,4,5,5,4,5,5,4,"具备坦诚精神、言出必行和公开透明的作风
有效地发挥跨部门影响力，链接跨部门资源，推进复杂问题的解决","需设立高绩效标准，通过授权、激励、辅导等形式，挖掘员工潜力
|项目管理更深入化",无其他建议,6.8,35,9,,营销,营销策略,B+
10013285,光储集团,营销体系,直销经营中心,国内直销,国内经营策略部,国内行销部,执行层,下级,10017882,4,4,5,5,5,5,5,4,4,4,4,4,2,3,4,4,4,4,4,4,4,4,4,4,4,4,4,4,"1、存在流程问题及技术问题时第一时间反馈并推动
2、项目推动有较强的计划性及目的性",1、数字化、AI等在部门中的应用需要加强,暂无,6.8,35,9,,营销,营销策略,B+
10013285,光储集团,营销体系,直销经营中心,国内直销,国内经营策略部,国内行销部,执行层,上级,10009508,3,3,3,3,4,4,3,3,4,5,4,5,4,3,3,5,4,4,5,4,4,5,5,4,4,5,5,5,"1、深耕区域业务多年，行业与技术经验扎实
2、扎根大西北，抗压能力强","1、工作重进度轻复盘，项目结束后缺少经验总结。建议：定期梳理项目案例，沉淀可复用方法。
2、细节把控不足，管理粗放。建议在具体管理工作中紧抓细节",暂无,6.8,35,9,,营销,营销策略,B+
10013235,光储集团,营销体系,亚太大区,东南亚区,越南,,执行层,自己,10013235,3,3,3,3,4,4,4,4,3,4,4,3,4,3,4,5,4,3,4,4,4,4,4,3,3,4,4,3,Diligently learns and complies with regulations,Seize opportunities to improve judgment,No comment,4,35,6,1/5/2026,营销,商务销售,B+
10013235,光储集团,营销体系,亚太大区,东南亚区,越南,,执行层,协同方,10037875,,,,,,,,,,,,,,,,,,,,,,,,,,,,,,,,4,35,6,1/5/2026,营销,商务销售,B+
10013235,光储集团,营销体系,亚太大区,东南亚区,越南,,执行层,协同方,10025147,3,3,3,4,5,4,5,4,4,5,5,5,,,,,,,,3,5,4,5,5,5,4,5,5,Positive team atmosphere and strong customer relationships,New product marketing capabilities need to be strengthened,No comment,4,35,6,1/5/2026,营销,商务销售,B+
10013235,光储集团,营销体系,亚太大区,东南亚区,越南,,执行层,协同方,10017283,5,5,5,5,5,5,5,5,5,5,5,5,,,,,,,,5,5,5,5,5,5,5,5,5,Diligent; provides timely feedback; clear thinking,Participate more in market activities,No comment,4,35,6,1/5/2026,营销,商务销售,B+
10013235,光储集团,营销体系,亚太大区,东南亚区,越南,,执行层,协同方,10012514,3,4,4,4,3,4,3,4,4,4,5,4,,,,,,,,3,4,4,5,4,4,4,5,5,"1. Willing to face difficult communication directly. When encountering uncooperative colleagues, he does not avoid the situation, but instead repeatedly aligns with them in a polite yet firm manner, without bringing personal emotions into work. 2. In urgent or high-pressure situations, he rarely complains or becomes emotional.","1. At times, requests are stated too broadly, causing the executing party to guess repeatedly and leading to rework. It is recommended that when raising collaboration requests, an example or measurable indicator be provided; the quality of the other party’s deliverable will improve significantly. 2. After tasks are completed, there is little proactive notice to collaborators that the matter has been closed, and sometimes they need to check or follow up themselves to know the result. It is recommended that regardless of the size of the matter, as long as the other party had paid attention to it, send a message proactively after completion. It takes very little time but can greatly improve trust","It may be helpful to take some time to understand the company’s overall strategy or broader business picture, so that you can better see where your work fits into the whole and make more informed priority judgments",4,35,6,1/5/2026,营销,商务销售,B+
10013235,光储集团,营销体系,亚太大区,东南亚区,越南,,执行层,协同方,10007933,4,3,5,4,4,4,4,4,5,5,4,4,,,,,,,,4,4,3,3,4,4,4,4,5,Good at making relationship with the clients;,More professional when facing to the clients;,N/A,4,35,6,1/5/2026,营销,商务销售,B+
10013235,光储集团,营销体系,亚太大区,东南亚区,越南,,执行层,协同方,10006913,4,4,4,4,4,4,4,5,4,5,5,4,,,,,,,,4,4,4,4,4,4,4,5,5,Strong international capability; good at communicating with others,Strengthen the execution of strategic plans,No comment,4,35,6,1/5/2026,营销,商务销售,B+
10013235,光储集团,营销体系,亚太大区,东南亚区,越南,,执行层,协同方,10001919,5,5,5,5,5,4,5,4,5,5,4,5,,,,,,,,4,5,5,4,5,5,5,4,5,Good at maintaining senior-level customer relationships,Daily work needs greater attention to detail,No comment,4,35,6,1/5/2026,营销,商务销售,B+
10013235,光储集团,营销体系,亚太大区,东南亚区,越南,,执行层,下级,10046308,5,5,5,5,5,5,4,4,5,4,5,5,4,4,5,4,4,5,4,5,4,5,4,5,4,5,5,4,"Demonstrates strong ownership and accountability in projects, consistently following through to deliver results.",Could improve in prioritizing tasks when handling multiple projects simultaneously to maximize efficiency.,Continue strengthening leadership presence by proactively sharing vision and direction with the team.,4,35,6,1/5/2026,营销,商务销售,B+
10013235,光储集团,营销体系,亚太大区,东南亚区,越南,,执行层,下级,10041872,5,5,5,5,5,4,5,5,4,5,5,4,5,5,5,5,5,4,5,5,5,5,5,5,5,5,5,5,1. Cares about subordinates’ career development and provides attentive guidance. 2. Strong ability in key account relationships and strategic breakthrough thinking.,No comment,No comment,4,35,6,1/5/2026,营销,商务销售,B+
10013235,光储集团,营销体系,亚太大区,东南亚区,越南,,执行层,下级,10013088,5,5,5,5,5,5,5,5,5,5,5,5,5,5,5,5,5,5,5,5,5,5,5,5,5,5,5,5,Always listen to feedback from subordinates. Support individuals in reaching their full potential.,N/A,N/A,4,35,6,1/5/2026,营销,商务销售,B+
10013235,光储集团,营销体系,亚太大区,东南亚区,越南,,执行层,下级,10011970,,,,,,,,,,,,,,,,,,,,,,,,,,,,,,,,4,35,6,1/5/2026,营销,商务销售,B+
10013235,光储集团,营销体系,亚太大区,东南亚区,越南,,执行层,上级,10005363,3,4,3,3,3,3,4,4,4,4,3,4,3,3,4,3,4,3,4,4,3,4,4,4,4,5,3,5,"Actively promotes internal performance evaluation, stimulating everyone’s creativity and vitality","Overall, there is a need to strengthen learning in marketing strategy",Increase resource investment in direct sales and the residential energy storage segment,4,35,6,1/5/2026,营销,商务销售,B+
10012700,风能事业部,产品质量部,,,,,执行层,自己,10012700,4,4,4,3,5,4,5,4,4,5,5,5,4,3,4,3,3,4,4,5,4,3,3,4,4,3,5,5,"思考问题全面，具有系统思维
懂得共情，站在他人角度设想
具有同理心",人员管理：充分挖掘并发挥下属人员的优势,无,7.1,38,10,,质量,质量体系(QA),A
10012700,风能事业部,产品质量部,,,,,执行层,协同方,10017296,4,5,4,5,4,5,4,5,4,5,4,5,,,,,,,,4,5,4,5,4,5,4,5,4,能从发展角度看问题,暂无,暂无,7.1,38,10,,质量,质量体系(QA),A
10012700,风能事业部,产品质量部,,,,,执行层,协同方,10005614,4,5,4,4,5,4,4,5,5,5,5,5,,,,,,,,4,5,5,4,5,5,5,5,5,质量问题跟踪及时，问题闭环较好,暂无,暂无,7.1,38,10,,质量,质量体系(QA),A
10012700,风能事业部,产品质量部,,,,,执行层,协同方,10000940,4,4,4,4,4,4,4,4,4,4,4,4,,,,,,,,4,4,4,5,4,4,5,5,5,无,无,无,7.1,38,10,,质量,质量体系(QA),A
10012700,风能事业部,产品质量部,,,,,执行层,协同方,10000649,5,5,5,5,5,4,5,5,5,5,5,4,,,,,,,,5,4,4,4,5,5,5,5,5,"技术功底深厚
以数据说话，工作严谨",依托自身过硬的专业基础，分享知识和经验给更多人,面对压力和挑战保持乐观心态，相信问题总能得到解决,7.1,38,10,,质量,质量体系(QA),A
10012700,风能事业部,产品质量部,,,,,执行层,下级,10032127,4,5,5,5,5,4,3,4,5,5,5,4,4,4,5,5,5,5,4,4,5,4,5,4,5,5,5,5, 自觉维护团结，能够顾全大局，多帮助多补位,暂无,暂无,7.1,38,10,,质量,质量体系(QA),A
10012700,风能事业部,产品质量部,,,,,执行层,下级,10028861,4,5,4,4,5,4,5,4,5,5,5,4,4,4,5,4,5,4,5,4,4,5,5,4,5,5,5,5,"1、技术掌握全面，解决问题具有系统性思维
2、针对现场质量问题，善于从全局考虑，举一反三；
3、领导力强，待人和善，给下属指导方向。",暂无,暂无,7.1,38,10,,质量,质量体系(QA),A
10012700,风能事业部,产品质量部,,,,,执行层,下级,10028647,5,5,5,5,5,4,3,5,5,5,5,5,4,4,5,5,5,5,5,5,5,5,5,4,4,4,5,5,特别好,特别好,特别好,7.1,38,10,,质量,质量体系(QA),A
10012700,风能事业部,产品质量部,,,,,执行层,下级,10022063,4,4,4,3,3,4,4,4,4,4,4,4,3,4,4,4,4,4,4,4,4,4,4,4,4,4,4,4,具备较强的产品系统知识应用产品质量问题分析及解决,暂无,暂无,7.1,38,10,,质量,质量体系(QA),A
10012700,风能事业部,产品质量部,,,,,执行层,下级,10016678,5,5,5,5,5,5,4,4,5,5,5,4,5,5,5,5,5,5,5,5,5,5,5,5,5,5,5,5,务实，以公司需求为导向,无,无,7.1,38,10,,质量,质量体系(QA),A
10012700,风能事业部,产品质量部,,,,,执行层,下级,10005047,5,5,5,5,5,4,5,5,5,5,5,5,5,5,5,4,4,5,4,5,5,5,4,5,5,5,5,5,以身作则，主动、专业,团队建设，规划人才梯队,/,7.1,38,10,,质量,质量体系(QA),A
10012700,风能事业部,产品质量部,,,,,执行层,上级,10005227,4,5,5,5,5,5,5,4,5,4,4,3,4,5,5,5,5,5,4,5,5,5,4,5,5,5,5,5,"体系思维
同理心较强",加强客户质量人员关系建设,无,7.1,38,10,,质量,质量体系(QA),A
10012270,财务中心,光储FBP,北美大区&拉美大区FBP,,,,执行层,自己,10012270,5,4,4,4,4,4,5,5,4,5,4,5,3,5,4,4,5,4,4,4,5,5,5,4,4,5,5,5,"1. 积极参与数字化变革项目
2. 深入洞察，持续跟踪内外部客户需求及满足情况，建立稳定良好的客户关系","1. 应提升时间管理效率
2. 应支持团队在使用AI提升工作效率方面做出更大努力",无,7.3,37,7,12/15/2025,财务,经营管理,A
10012270,财务中心,光储FBP,北美大区&拉美大区FBP,,,,执行层,协同方,10044981,5,5,4,4,5,5,4,4,5,5,4,4,,,,,,,,4,4,5,4,4,5,4,5,5,"1.认真努力，财务专业度高
2.深入一线，业财融合水平高","1.将自己的管理经验分享给同事和下属，成为教练型管理者
2.价值发现，用数据说话，用模型决策。",无,7.3,37,7,12/15/2025,财务,经营管理,A
10012270,财务中心,光储FBP,北美大区&拉美大区FBP,,,,执行层,协同方,10042226,4,4,4,4,4,5,4,5,4,5,4,5,,,,,,,,4,5,4,5,4,4,5,5,4,无,无,无,7.3,37,7,12/15/2025,财务,经营管理,A
10012270,财务中心,光储FBP,北美大区&拉美大区FBP,,,,执行层,协同方,10040535,,,,,,,,,,,,,,,,,,,,,,,,,,,,,,,,7.3,37,7,12/15/2025,财务,经营管理,A
10012270,财务中心,光储FBP,北美大区&拉美大区FBP,,,,执行层,协同方,10027038,4,4,4,3,3,4,4,4,3,4,4,4,,,,,,,,3,4,4,4,4,4,4,4,4,对待工作认真负责，及时满足业务需求。,暂无,暂无,7.3,37,7,12/15/2025,财务,经营管理,A
10012270,财务中心,光储FBP,北美大区&拉美大区FBP,,,,执行层,协同方,10021383,3,4,4,3,3,3,4,4,4,4,3,3,,,,,,,,4,4,3,4,3,3,4,4,4,勤勉、责任心强,除了合规因素考量，建议多考虑兼顾业务需求和财务可行性的方案,无,7.3,37,7,12/15/2025,财务,经营管理,A
10012270,财务中心,光储FBP,北美大区&拉美大区FBP,,,,执行层,协同方,10021158,4,5,4,5,4,5,4,5,4,5,4,5,,,,,,,,4,5,4,5,4,5,4,5,4,学习能力强，艰苦奋斗,了解真相后再发表意见,主动关注行业动态和同行优秀实践，打破固有工作思维，尝试将新方法、新思路运用到本职工作中,7.3,37,7,12/15/2025,财务,经营管理,A
10012270,财务中心,光储FBP,北美大区&拉美大区FBP,,,,执行层,协同方,10020989,4,4,4,3,3,3,5,4,4,4,4,4,,,,,,,,4,4,4,3,4,4,4,5,4,"在有业务需求的时候，能够积极配合，输出相关数据；
能够聆听和同理需求，理解和配合。
",有困难要提出来，不捂盖子,无,7.3,37,7,12/15/2025,财务,经营管理,A
10012270,财务中心,光储FBP,北美大区&拉美大区FBP,,,,执行层,协同方,10011096,5,5,5,4,5,4,4,4,5,5,3,4,,,,,,,,5,4,5,4,4,5,4,4,5,"- Demonstrates deep expertise in accounting principles, ensuring financial accuracy and compliance. His knowledge of the business side also helps the team make strategic decisions.
- Leads by example with a strong work ethic, setting a high bar for discipline and diligence. His commitment has fostered a culture of hard work and high standards.
- He’s been proactive in pushing initiatives across teams, leveraging his position close to the numbers to drive key actions forward.","- While his high standards inspire, they can sometimes feel overly intense for some team members. Finding ways to balance expectations while fostering a supportive environment will help sustain morale.
- To enhance team alignment, he could provide more regular cross-functional updates and ensure that the wider team understands not just the “what” but the “why” behind initiatives.
- As he has made significant strides adapting since relocating, continuing to focus on cultural nuances and empathetic leadership will further strengthen his relationship with the team.","-Continue to balance his high standards with supportive coaching, ensuring the team feels both challenged and supported.
-Leverage his business insight not only for financial decisions but to mentor other leaders on the financial implications of their decisions.",7.3,37,7,12/15/2025,财务,经营管理,A
10012270,财务中心,光储FBP,北美大区&拉美大区FBP,,,,执行层,协同方,10009139,5,5,5,4,5,5,4,5,5,5,4,5,,,,,,,,4,5,5,5,5,5,5,5,5,"Hard working, dedication, Challenging facing encouragements",Has room to further develop strategic thinking and long-term planning capabilities,No,7.3,37,7,12/15/2025,财务,经营管理,A
10012270,财务中心,光储FBP,北美大区&拉美大区FBP,,,,执行层,下级,10031823,,,,,,,,,,,,,,,,,,,,,,,,,,,,,,,,7.3,37,7,12/15/2025,财务,经营管理,A
10012270,财务中心,光储FBP,北美大区&拉美大区FBP,,,,执行层,下级,10027654,5,4,5,5,5,5,5,5,5,5,5,5,4,5,4,5,5,3,5,5,5,5,5,5,4,5,5,5,"My manager is highly skilled at guiding critical thinking, with a logical and meticulous approach to problem-solving. He not only provides clear direction and strategic insights, but also creates an environment that encourages learning, growth, and professional development.","One area for improvement would be increasing our team’s visibility across the organization and taking a firmer stance when working with external teams. A significant portion of our workload is driven by issues or mistakes from external teams, so stronger communication and accountability could help them better understand the impact on our team and improve overall collaboration efficiency.","Stronger communication and clearer expectations could help external teams better understand the consequences of delays or errors, ultimately improving cross-functional efficiency and reducing unnecessary operational risks.",7.3,37,7,12/15/2025,财务,经营管理,A
10012270,财务中心,光储FBP,北美大区&拉美大区FBP,,,,执行层,下级,10025235,3,2,4,3,4,4,5,3,3,4,4,3,5,5,4,3,3,3,4,5,5,5,4,3,4,5,5,5,"专业统筹与业务把控能力强
对拉美大区财务整体工作规划清晰，熟悉业务全流程风险点，能提前布局预算、存货、应收、合同财税等重点工作，统筹协调效率高，能有效带领团队推进各项重难点任务落地。
沟通协同与赋能指导到位
善于对接业务、集团及各国别同事，跨部门协同推进问题解决；日常愿意下沉指导下属工作，耐心梳理业务逻辑、账务规则与风控要点，团队带教和管理意识突出。","管理授权与工作精简分配可进一步优化
日常事务介入较细，可适当加大对下属的工作授权，精简细节管控，更多聚焦战略规划、跨高层对接及重大风险把控，释放双方精力。
常态化复盘与标准化沉淀可加强
现有工作推进落地效果好，但可进一步把成熟工作流程、对账规则、风控要点固化为标准模板和作业指引，形成可复用沉淀，降低人员交接和新人上手成本。",建议后续可定期组织团队简短业务复盘，同步集团最新财务要求、国别税务及合规新规；同时在工作安排上提前明确节点与预期标准，便于团队更高效对齐节奏、自主推进工作，进一步提升整体团队运转效率。,7.3,37,7,12/15/2025,财务,经营管理,A
10012270,财务中心,光储FBP,北美大区&拉美大区FBP,,,,执行层,下级,10011961,3,2,3,3,3,4,4,4,2,4,4,4,4,3,3,3,4,4,4,4,3,5,5,5,5,5,3,5,"叶存旺 consistently demonstrates strong cross-functional leadership and business coordination skills. He is highly effective at aligning different teams, driving collaboration, and resolving complex issues efficiently while maintaining a positive working relationship across departments.

He also shows a strong customer-oriented mindset by responding quickly to internal and external stakeholder needs and ensuring that problems are followed through to completion. His ability to stay focused on results while balancing operational priorities is a valuable example for others.

In addition, he promotes accountability and professionalism within the team. He leads by example, maintains high ethical standards, and creates a respectful and trustworthy working environment that encourages collaboration and continuous improvement.","One area for improvement could be further strengthening delegation and empowerment within the team. Providing more opportunities for team members to independently lead initiatives and make decisions could help accelerate team development and improve overall organizational scalability.

Another opportunity is to continue enhancing structured communication around long-term strategic priorities. More frequent alignment sessions or clearer visibility into department objectives and decision-making rationale may help teams better understand priorities and execute more proactively.

Additionally, continuing to expand the use of digital tools and AI-driven workflows within daily operations could further improve efficiency and support innovation across the organization.","Continue fostering open communication and encouraging innovation within the team. Maintaining a balance between operational execution and long-term talent development will further strengthen organizational performance and employee engagement.

It may also be valuable to continue mentoring emerging leaders and creating additional opportunities for knowledge sharing across teams, which can help build stronger collaboration and succession readiness for the future.",7.3,37,7,12/15/2025,财务,经营管理,A
10012270,财务中心,光储FBP,北美大区&拉美大区FBP,,,,执行层,上级,10045494,4,5,5,5,4,4,4,5,5,5,4,5,4,4,5,4,4,4,4,4,5,5,5,5,4,5,5,5,"1、能够主动融入业务，支撑经营目标达成
2、面对高强度或跨时区的沟通压力，始终保持专业交付，落地能力强","1、人才梯队建设还需要加强
2、加强财报内控和审计问题闭环",无,7.3,37,7,12/15/2025,财务,经营管理,A
10012259,制造体系,亚太工厂,印度公司,品管部,,,执行层,自己,10012259,5,5,5,5,5,3,3,3,3,4,5,5,5,2,3,3,3,4,5,4,1,2,3,3,4,4,5,5,I AM given freedom to work,NO FEEDBACK,NO FEEDBACK,7.3,37,5,,质量,质量控制(QE)-制程QE,A
10012259,制造体系,亚太工厂,印度公司,品管部,,,执行层,协同方,10047336,4,4,5,5,4,4,5,4,4,4,5,4,,,,,,,,4,4,4,5,5,5,5,4,4,"Set KPI for team QE & Leader of Quality team.
Have regular meeting quality for coaching team.",Improvement for provide specific suggestion of use format excel monitor top 3 defect with corrective action.,Please have activity of team building with cross functional team.,7.3,37,5,,质量,质量控制(QE)-制程QE,A
10012259,制造体系,亚太工厂,印度公司,品管部,,,执行层,协同方,10044725,,,,,,,,,,,,,,,,,,,,,,,,,,,,,,,,7.3,37,5,,质量,质量控制(QE)-制程QE,A
10012259,制造体系,亚太工厂,印度公司,品管部,,,执行层,协同方,10027503,4,4,5,4,5,4,5,5,4,4,4,4,,,,,,,,4,5,4,5,5,4,4,5,5,具备跨文化理解与全局视角，能够充分认识不同视角、立场及文化差异所带来的价值与潜在风险，并结合对各区域差异的理解，进行综合分析与判断；在此基础上，推动建立更具适应性的管理机制，提升组织协同效率与管理有效性。,"对整体业务流程及关键节点的理解不够清晰，在跨环节协作中偶有衔接不畅的情况。
建议： 建议系统梳理端到端流程，明确各环节职责与关键控制点；通过流程图、操作指引及实际参与项目的方式加深理解，提升流程执行的规范性与协同效率。",暂无,7.3,37,5,,质量,质量控制(QE)-制程QE,A
10012259,制造体系,亚太工厂,印度公司,品管部,,,执行层,协同方,10011704,4,4,3,4,5,4,5,4,4,5,5,5,,,,,,,,4,3,4,3,3,3,3,3,2,NA,NA,No,7.3,37,5,,质量,质量控制(QE)-制程QE,A
10012259,制造体系,亚太工厂,印度公司,品管部,,,执行层,协同方,10011145,5,4,5,5,5,4,5,5,5,5,5,5,,,,,,,,5,4,4,5,5,5,4,5,5,Need to reduce arguments. ,"All information's cant be shared to all , that he to understand  ",No,7.3,37,5,,质量,质量控制(QE)-制程QE,A
10012259,制造体系,亚太工厂,印度公司,品管部,,,执行层,协同方,10009109,5,5,5,5,4,4,5,4,5,3,4,4,,,,,,,,5,4,5,4,4,4,5,4,5,"1. Good team management 
2.Follwing the sungrow culture ","Inter-Departmental Coordination Needs to Improve
Need to Fulfill the Internal Customer Need on Time",Need Not to Be Given More Hype to Small Issues,7.3,37,5,,质量,质量控制(QE)-制程QE,A
10012259,制造体系,亚太工厂,印度公司,品管部,,,执行层,协同方,10000643,2,1,2,3,3,3,2,3,3,4,5,5,,,,,,,,4,3,2,2,1,1,1,3,3,坚守质量底线，秉持严谨负责的工作准则，严控工作细节与流程标准，保障工作高质量落地。,"增强质量管控主观能动性，培养独立思考能力，精进逻辑判断与临场决策水平。
",恪守职业操守，保障质量数据真实准确，坚持求真务实，立足客观事实履职尽责。,7.3,37,5,,质量,质量控制(QE)-制程QE,A
10012259,制造体系,亚太工厂,印度公司,品管部,,,执行层,下级,10036331,4,3,4,3,2,2,3,1,4,4,5,3,2,3,3,4,4,5,2,4,5,3,4,5,4,3,4,3,"1. **Strategic Ownership and Execution**
   The individual consistently demonstrates a strong sense of ownership, taking initiative beyond assigned responsibilities and ensuring high-quality outcomes. They are able to balance strategic thinking with execution, driving projects forward efficiently while maintaining attention to detail. Their ability to navigate ambiguity and deliver results has had a meaningful positive impact on the team.

2. **Collaboration and Team Enablement**
   One of their standout strengths is their collaborative approach. They actively support teammates, share knowledge openly, and create an environment where others feel empowered to contribute. Their communication style is thoughtful and constructive, making them someone others naturally turn to for guidance, alignment, and mentorship.

3. **Problem Solving and Continuous Improvement**
   The individual has shown exceptional capability in identifying root causes, simplifying complex problems, and implementing practical solutions that improve processes and outcomes. Rather than addressing only immediate issues, they consistently look for scalable improvements that benefit the broader organization. Their mindset of continuous learning and improvement sets a strong example for others.
","1. **Delegation and Scaling Through Others**
   The individual occasionally takes on too much personally, which can limit scalability and create unnecessary bandwidth pressure. Increasing delegation and empowering others with greater ownership would help the team grow while allowing them to focus more on high-impact strategic priorities. A useful approach could be setting clearer ownership boundaries and creating more structured opportunities for team members to independently lead initiatives.

2. **Prioritization Across Competing Initiatives**
   While highly committed and execution-focused, there are times when multiple priorities are pursued simultaneously, which can dilute focus. Sharpening prioritization — especially around distinguishing urgent work from high-impact work — could improve efficiency and reduce context switching. More explicit trade-off discussions and tighter alignment on key priorities may help maximize impact.

3. **Communicating Broader Context Earlier**
   The individual communicates effectively in execution discussions, but sharing strategic context and rationale earlier in projects could further strengthen cross-functional alignment. Providing more visibility into decision-making, dependencies, and long-term goals upfront would help stakeholders engage earlier and operate with greater clarity and autonomy.
","One additional suggestion would be to continue investing in mentorship and knowledge-sharing at a broader organizational level. The individual already has strong expertise and credibility, and creating more structured ways to share that experience — such as leading learning sessions, documenting best practices, or mentoring newer team members — could significantly amplify their impact beyond immediate project work.

It may also be valuable for them to spend more time stepping back from day-to-day execution to focus on longer-term planning and influence. As their responsibilities grow, their impact will increasingly come not only from what they personally deliver, but from how effectively they shape direction, develop others, and enable teams to succeed independently.
",7.3,37,5,,质量,质量控制(QE)-制程QE,A
10012259,制造体系,亚太工厂,印度公司,品管部,,,执行层,下级,10030545,5,5,5,5,5,5,5,5,5,5,5,5,4,4,5,4,5,5,5,5,5,5,5,5,5,5,5,5,NA,NA,NA,7.3,37,5,,质量,质量控制(QE)-制程QE,A
10012259,制造体系,亚太工厂,印度公司,品管部,,,执行层,下级,10017381,4,4,5,5,5,5,4,4,5,5,4,4,4,4,5,5,5,4,5,4,3,3,3,3,3,3,3,5,"1. Strong problem-solving ability – The individual consistently demonstrates the ability to analyze issues effectively, identify root causes, and implement practical and sustainable solutions.
2. Commitment to quality and process discipline – Shows a high level of ownership in maintaining standards, ensuring compliance with procedures, and driving continuous improvement in operations.
3. Effective teamwork and communication – Actively collaborates with cross-functional teams, communicates clearly, and supports others in achieving common goals.","1. Consistency in process adherence – At times, there are gaps in strictly following defined procedures.
Suggestion: Reinforce the importance of standard work, conduct periodic self-checks, and use checklists to ensure full compliance.
2. Proactive communication – Opportunities exist to communicate issues or risks earlier to stakeholders.
Suggestion: Provide timely updates, especially during critical situations, and adopt a more proactive approach in escalating concerns.
3. Data-driven decision making – While decisions are effective, they can be further strengthened with deeper data analysis.
Suggestion: Utilize relevant data, trend analysis, and root cause tools (like 5 Why, Pareto) to support decisions more robustly.","1. Enhance technical knowledge – Continue building deeper expertise in core processes and related technologies to improve overall effectiveness and decision-making.
2. Focus on continuous improvement initiatives – Take more ownership in identifying improvement opportunities (Kaizen, cost reduction, process optimization) and driving them to closure.
3. Time management and prioritization – Further strengthen the ability to manage multiple tasks by prioritizing high-impact activities and meeting deadlines consistently.
4. Mentoring and knowledge sharing – Actively share knowledge and best practices with team members to build overall team capability and ensure sustainability.",7.3,37,5,,质量,质量控制(QE)-制程QE,A
10012259,制造体系,亚太工厂,印度公司,品管部,,,执行层,下级,10015025,5,3,3,4,4,3,4,3,4,5,5,5,1,3,4,3,3,3,3,3,3,3,4,3,4,3,3,3,"Demonstrates excellent analytical skills in identifying issues, finding root causes, and implementing effective corrective actions while maintaining high quality standards.","Focusing on enhancing technical knowledge and staying updated with new tools, processes, and industry best practices will support long-term growth and efficiency.","Continue maintaining a proactive attitude and positive mindset while focusing on continuous improvement. Taking more initiative in mentoring team members and sharing best practices can further enhance both individual growth and overall team performance. Additionally, staying adaptable to new challenges and learning opportunities will support long-term career development.",7.3,37,5,,质量,质量控制(QE)-制程QE,A
10012259,制造体系,亚太工厂,印度公司,品管部,,,执行层,下级,10013520,5,5,5,5,5,5,5,5,5,5,5,5,5,5,5,5,5,5,4,5,5,5,5,5,5,5,5,5,He support for all,no,no,7.3,37,5,,质量,质量控制(QE)-制程QE,A
10012259,制造体系,亚太工厂,印度公司,品管部,,,执行层,上级,10009345,3,3,3,3,2,4,3,4,4,5,4,4,2,2,4,4,3,3,3,4,4,5,3,5,4,3,4,5,"1、专业的质量管理经验，带领印度本地质量团队取得优秀绩效
2、主动发现问题，积极沟通解决问题
3、面对压力时能够很好的疏导
4、优秀的沟通能力","1、尝试更深入的换位思考，提高跨部门沟通与管理协同能力
2、尝试从更全面角度分析问题，探索更加切合实际的解决方案",开放、包容、管理创新,7.3,37,5,,质量,质量控制(QE)-制程QE,A
10012091,储能技术研究所,采购部,,,,,执行层,自己,10012091,5,4,4,5,4,3,4,3,5,5,4,4,3,2,4,4,5,3,5,4,4,5,4,5,4,5,5,5,"1、有担当、不推诿：能从共同目标出发，主动承担责任；出现问题时，认真分析、复盘，不把水搅浑，不把简单问题复杂化；
2、有战略、有计划、有逻辑：重要的事情，有明确的策略、计划；出现卡点，能识别底层问题并制定针对性方案；
3、能以身作则、艰苦奋斗；看重效率和效果，不塑造比拼工作时间的氛围；杜绝职场PUA：不把压力转移、转嫁给下属、上司或者协同部门；","1、数字化能力：对于数字化工作的学习和应用，需要有明确的能力建设计划、具体举措，以应对未来工作需要；
2、时间规划能力：目前仍然陷入“紧急怪圈”，并没有找到很好的解决方案。时间规划能力，本质上是战略规划能力、沟通能力和内外部协同能力的组合；",无,7.4,40,12,,采购,品类管理,B+
10012091,储能技术研究所,采购部,,,,,执行层,协同方,10046881,4,4,3,3,4,3,3,4,4,4,4,3,,,,,,,,4,4,5,3,4,4,5,4,4,坚持合规公正，积极承担责任；善于向同事输出善意，助力团队融合；,积极担当的同时，建议考虑适当将流程性工作外移分工，考虑部门内部分工尽量避免“鞭打快牛”现象。,分出一部分精力整理部门内部工作，考虑适当将程序性工作向外分工，保障核心关键工作能及时完成。,7.4,40,12,,采购,品类管理,B+
10012091,储能技术研究所,采购部,,,,,执行层,协同方,10034087,5,4,4,4,4,4,4,4,4,5,5,5,,,,,,,,5,4,5,4,5,5,4,5,5,敢于承担挑战性任务和压力，善于跨部门协作完成复杂的任务；,关注团队搭建和人才培养；,无,7.4,40,12,,采购,品类管理,B+
10012091,储能技术研究所,采购部,,,,,执行层,协同方,10033231,4,5,4,5,4,5,4,5,4,5,4,5,,,,,,,,4,4,5,4,5,4,5,4,5,无,无,无,7.4,40,12,,采购,品类管理,B+
10012091,储能技术研究所,采购部,,,,,执行层,协同方,10032002,4,4,3,4,4,3,3,3,4,4,3,4,,,,,,,,4,3,4,4,3,3,4,4,5,资源丰富,无,无,7.4,40,12,,采购,品类管理,B+
10012091,储能技术研究所,采购部,,,,,执行层,协同方,10031948,3,3,3,4,3,3,4,4,4,4,3,4,,,,,,,,4,4,4,4,4,3,4,4,4,"1.积极处理客户需求；
2.问题积极闭环",无,无,7.4,40,12,,采购,品类管理,B+
10012091,储能技术研究所,采购部,,,,,执行层,协同方,10020665,5,5,5,5,4,5,5,4,4,5,5,5,,,,,,,,4,5,5,4,5,5,5,4,4,"1.沟通无障碍，高效；
2.担当，勇于补位；","1.加快部门相关人员招聘；
2.关注行业设备，材料价格波动；",搭建成本货架,7.4,40,12,,采购,品类管理,B+
10012091,储能技术研究所,采购部,,,,,执行层,协同方,10017874,5,5,5,5,5,5,5,5,5,5,5,5,,,,,,,,5,5,5,5,5,5,5,5,5,暂无,暂无,暂无,7.4,40,12,,采购,品类管理,B+
10012091,储能技术研究所,采购部,,,,,执行层,下级,10046968,5,5,5,5,5,4,5,5,5,4,5,5,4,5,5,5,5,5,4,5,5,5,5,5,5,5,5,5,"1. 善于倾听下属意见，能够积极采纳并推动实际改善。
2. 具备供应链全局视角，能从整体链路出发优化资源配置与协作效率。
3. 注重拓展团队思路，鼓励创新思维，推动团队开发能力的持续提升。",无,无,7.4,40,12,,采购,品类管理,B+
10012091,储能技术研究所,采购部,,,,,执行层,下级,10046466,4,5,5,4,5,5,4,5,5,4,4,4,4,4,4,5,5,5,5,4,5,5,4,5,4,5,5,5,"1、善于总结，梳理解决方案
2、思路清晰","1、部门规划，架构合理，不同阶段人力需求合理化；
2、发挥集团经验优势，多指导；",暂时没有,7.4,40,12,,采购,品类管理,B+
10012091,储能技术研究所,采购部,,,,,执行层,下级,10046404,4,5,4,5,4,4,4,5,5,5,5,4,4,4,5,4,4,4,5,5,5,4,4,5,5,5,5,5,"1.逻辑能力强，分析问题透彻。
2.对工作信息回复及时，第一时间给出解决方案。
3.亲和力强，能够听取不同的意见。","1.加快招人进度，使工作可以更加高效的展开。
",暂无,7.4,40,12,,采购,品类管理,B+
10012091,储能技术研究所,采购部,,,,,执行层,下级,10046368,5,5,5,5,4,5,5,5,5,5,4,5,5,5,4,5,5,4,5,5,5,5,4,5,5,5,5,5,"1. 该领导工作能力强，善于调动下属的工作积极性，具有出色的领导能力和良好的人际关系。
2. 该领导注重团队合作，能够协调好各方面的关系，推动团队高效运转。","1. 该领导工作认真负责，严谨细致，注重细节，能够保证工作质量。
2.该领导能够深入了解业务，熟悉市场动态，及时调整工作策略，使工作更具针对性和有效性。",无,7.4,40,12,,采购,品类管理,B+
10012091,储能技术研究所,采购部,,,,,执行层,下级,10046149,3,4,4,4,4,4,4,3,4,4,4,4,3,3,4,4,4,3,3,4,4,4,4,4,4,4,4,4,思维逻辑,关心员工的身心健康,无,7.4,40,12,,采购,品类管理,B+
10012091,储能技术研究所,采购部,,,,,执行层,下级,10045712,5,5,5,5,4,4,5,5,5,4,4,5,4,5,5,4,3,4,4,4,5,5,5,5,4,5,5,5,"1、逻辑思维能力强
2、推动性和协调能力强",需拉通部门内部信息，提升整体沟通效率,"1、待部门人员配置齐全后，应根据岗位来进行工作分配，从而更高效完成工作任务；
2、制定部门奖励机制",7.4,40,12,,采购,品类管理,B+
10012091,储能技术研究所,采购部,,,,,执行层,下级,10005064,5,4,4,4,4,4,3,4,4,4,4,4,3,3,4,4,4,4,4,4,4,4,4,5,4,5,4,5,"逻辑思路比较清晰；
能在众多工作中把握主要工作；",在新项目开始前找HR提前多招聘点人员，避免员工个人工作量太大；,等人员齐整，可以向公司申请团建基金，活跃团队氛围,7.4,40,12,,采购,品类管理,B+
10012091,储能技术研究所,采购部,,,,,执行层,上级,10031277,4,5,5,5,4,4,4,4,4,5,5,5,4,4,4,4,5,4,4,5,4,4,4,5,4,5,5,5,"1. 有原则不失灵活
2. 做事情积极主动","1. 锂电行业标准及非标采购的精细化管理
2. 关键大宗的价格趋势预估","1. 管理的精细度需要增加
2. 学会交叉验证信息",7.4,40,12,,采购,品类管理,B+
10012089,制造体系,亚太工厂,泰国公司,采购部,,,执行层,自己,10012089,2,5,4,4,4,4,4,4,4,4,4,3,4,4,4,4,4,4,4,4,4,4,5,5,5,5,5,5,乐于优化工作方式，学习新事物运用于工作中,相关方沟通交流,无,7.4,34,2,,采购,采购BP,B+
10012089,制造体系,亚太工厂,泰国公司,采购部,,,执行层,协同方,10040212,4,4,4,4,4,4,3,4,4,4,4,3,,,,,,,,3,4,4,4,5,5,4,5,5,"1.坚持原则
2.工作严谨仔细","1. 容易太注重细节后陷入抉择困难
2. 更容易接近一些，压迫感减少一些",无,7.4,34,2,,采购,采购BP,B+
10012089,制造体系,亚太工厂,泰国公司,采购部,,,执行层,协同方,10029724,5,5,5,5,5,5,4,4,3,5,5,5,,,,,,,,4,4,5,3,4,4,4,4,4,快速适应新事物,无,无,7.4,34,2,,采购,采购BP,B+
10012089,制造体系,亚太工厂,泰国公司,采购部,,,执行层,协同方,10026778,4,4,4,4,4,4,5,4,4,4,4,4,,,,,,,,4,4,4,3,5,4,4,5,5,做事严谨细致，逻辑性和计划性较强。,在采购执行过程中，时效性方面仍有提升空间。,没有,7.4,34,2,,采购,采购BP,B+
10012089,制造体系,亚太工厂,泰国公司,采购部,,,执行层,协同方,10015545,3,4,3,2,4,4,4,3,4,3,3,4,,,,,,,,3,3,3,3,3,4,5,4,5,"1.工作细心，考虑比较多
2.学习能力强","1.目标性可以更强些，加强雷厉风行的作风
2.主动协调开展工作，发挥更大的供应链整合能力",工作就是工作，不要掺杂太多的考虑想法放手的去干,7.4,34,2,,采购,采购BP,B+
10012089,制造体系,亚太工厂,泰国公司,采购部,,,执行层,协同方,10014628,4,4,4,3,4,3,5,3,4,4,4,4,,,,,,,,4,4,4,3,4,5,4,4,4,行动迅速，决策能力强，学历能力强。,可以再进一步了解供应链兄弟部门业务逻辑和瓶颈，更好地相互协作。,无,7.4,34,2,,采购,采购BP,B+
10012089,制造体系,亚太工厂,泰国公司,采购部,,,执行层,协同方,10011385,3,4,3,3,4,3,4,4,5,5,4,4,,,,,,,,5,5,4,4,5,5,5,4,4,对关键节点的把控力强，推动项目高效落地,/,/,7.4,34,2,,采购,采购BP,B+
10012089,制造体系,亚太工厂,泰国公司,采购部,,,执行层,协同方,10009345,5,5,5,4,4,4,5,4,5,5,4,5,,,,,,,,4,4,5,5,5,5,5,5,5,"1、资深的职业能力，有效解决管理问题
2、底线思维牢固，及时指正业务偏向及痛点改进工作
3、语言能力优秀，学习力强","1、解放思想，团结协作
2、换位思考，积极主动",无,7.4,34,2,,采购,采购BP,B+
10012089,制造体系,亚太工厂,泰国公司,采购部,,,执行层,协同方,10007225,4,5,4,3,4,4,4,4,4,5,4,4,,,,,,,,5,4,3,3,4,4,5,4,5,"1、能够很好的梳理组织架构、人员能力培养；
2、沟通能力较强，能与其他部门很好的沟通","1、要多到供应商处与供应商沟通供货事项，了解供应商的困难；
2、多寻找供货渠道，引导品类寻找更优质的供应商；",暂无；,7.4,34,2,,采购,采购BP,B+
10012089,制造体系,亚太工厂,泰国公司,采购部,,,执行层,协同方,10006060,4,4,4,3,4,3,4,4,3,4,3,4,,,,,,,,4,3,4,4,4,4,4,4,4,严谨工作,学习项目管理知识,学习好泰文,7.4,34,2,,采购,采购BP,B+
10012089,制造体系,亚太工厂,泰国公司,采购部,,,执行层,协同方,10005728,4,4,4,4,4,4,4,4,4,4,4,4,,,,,,,,4,4,4,4,4,4,4,4,4,交际甚少，未能做出评价,交际甚少，未能做出评价,无,7.4,34,2,,采购,采购BP,B+
10012089,制造体系,亚太工厂,泰国公司,采购部,,,执行层,协同方,10001451,5,4,4,4,4,4,5,5,4,4,4,4,,,,,,,,4,5,5,5,5,4,5,4,4,处事沉稳高效,交付风险预判能力可进一步提升,无,7.4,34,2,,采购,采购BP,B+
10012089,制造体系,亚太工厂,泰国公司,采购部,,,执行层,协同方,10000717,4,5,4,4,5,5,5,5,4,4,5,5,,,,,,,,4,4,4,4,4,5,5,5,5,工作严谨，注重团队协作及需求回馈。,本地供应商材料交付时间需要提高质量,无,7.4,34,2,,采购,采购BP,B+
10012089,制造体系,亚太工厂,泰国公司,采购部,,,执行层,下级,10026776,4,5,5,5,5,5,5,4,5,4,3,3,5,4,5,4,5,5,5,5,5,5,5,5,4,5,4,5,"1. Leadership & Decision-Making：
The demonstrates strong leadership by making clear, timely decisions and effectively guiding the team toward achieving goals. Their ability to handle challenges and provide direction helps improve overall team performance.

2. Communication & Support：
Communicate expectations clearly and are approachable when team members need support. Their willingness to listen and provide constructive feedback creates a positive and productive working environment.

3. Problem-Solving & Strategic Thinking：
Consistently show strong problem-solving skills and the ability to think strategically. Their approach to managing issues and planning ahead is beneficial for both team efficiency and long-term success.","1. Delegation & Workload Distribution：
At times, tasks could be delegated more evenly across the team.
Suggestion: Consider assigning responsibilities based on team members’ strengths and workload capacity to improve efficiency .

2. Feedback Frequency：
Feedback is helpful but could be given more regularly.
Suggestion: Scheduling short, consistent check-ins or feedback sessions can help team members improve continuously and stay aligned.","Have enhance team effectiveness by continuing to promote a culture of open communication and continuous improvement. Encouraging team members to share ideas and take initiative  Additionally , supporting skill development and knowledge sharing within the team can strengthen overall capability and long-term performance.",7.4,34,2,,采购,采购BP,B+
10012089,制造体系,亚太工厂,泰国公司,采购部,,,执行层,下级,10014328,4,5,4,5,4,4,5,4,4,5,4,5,4,5,4,4,4,5,4,4,4,4,4,5,4,4,4,5,"1、认识到不同视角、立场或文化带来的价值和风险，结合对各地区差异的理解，形成合理的管理机制
2、有效地发挥跨部门影响力，链接跨部门资源，推进复杂问题的解决",无,无,7.4,34,2,,采购,采购BP,B+
10012089,制造体系,亚太工厂,泰国公司,采购部,,,执行层,上级,10001464,4,4,4,4,5,4,5,5,4,5,4,5,5,4,5,5,5,5,5,5,5,5,4,4,4,5,5,4,积极谨慎,更乐观,无,7.4,34,2,,采购,采购BP,B+
10012030,阳光水面光伏,人力&运营中心,经营管理部,,,,执行层,自己,10012030,4,5,4,4,4,5,2,3,4,5,5,4,4,4,5,4,5,5,5,5,5,5,4,5,5,5,5,5,-,-,-,7.5,32,4,3/13/2026,战略管理,运营分析,A
10012030,阳光水面光伏,人力&运营中心,经营管理部,,,,执行层,协同方,10020874,5,5,5,5,5,5,4,4,5,4,5,5,,,,,,,,5,5,5,4,5,5,5,5,5,工作认真，能从经营角度牵头推进专项事宜,经营专项建议牵头组织、推动,同上,7.5,32,4,3/13/2026,战略管理,运营分析,A
10012030,阳光水面光伏,人力&运营中心,经营管理部,,,,执行层,协同方,10020250,4,4,4,4,4,5,4,4,4,5,4,5,,,,,,,,4,4,4,5,4,5,4,5,5,无,无,无,7.5,32,4,3/13/2026,战略管理,运营分析,A
10012030,阳光水面光伏,人力&运营中心,经营管理部,,,,执行层,协同方,10019716,4,4,4,4,3,3,3,3,5,4,4,3,,,,,,,,4,4,4,3,4,3,4,4,4,"1-诚恳务实，能很好的践行公司文化；
2-不官僚，能够带领团队完成任务",创新工作方法，提升沟通的灵活性；加强和业务部门的沟通交流，增强业务感知,无,7.5,32,4,3/13/2026,战略管理,运营分析,A
10012030,阳光水面光伏,人力&运营中心,经营管理部,,,,执行层,协同方,10013418,5,5,4,5,4,5,5,4,4,5,5,5,,,,,,,,4,4,5,4,5,5,5,5,5,"思维活跃有很多想法
有效应对领导需求",无,无,7.5,32,4,3/13/2026,战略管理,运营分析,A
10012030,阳光水面光伏,人力&运营中心,经营管理部,,,,执行层,协同方,10013097,4,4,4,4,4,4,3,4,4,3,4,4,,,,,,,,4,5,3,4,5,5,5,5,5,做事严谨,基于经营的角度给各部门一些合理建议,无,7.5,32,4,3/13/2026,战略管理,运营分析,A
10012030,阳光水面光伏,人力&运营中心,经营管理部,,,,执行层,协同方,10010556,4,3,4,4,4,4,4,4,4,4,4,4,,,,,,,,4,4,4,4,4,4,4,4,4,积极主动,无,无,7.5,32,4,3/13/2026,战略管理,运营分析,A
10012030,阳光水面光伏,人力&运营中心,经营管理部,,,,执行层,协同方,10010020,4,4,4,4,4,4,4,5,4,5,4,4,,,,,,,,4,4,4,4,4,4,4,4,4,认真仔细,主动,暂无,7.5,32,4,3/13/2026,战略管理,运营分析,A
10012030,阳光水面光伏,人力&运营中心,经营管理部,,,,执行层,协同方,10009958,4,4,4,3,3,4,4,4,4,4,4,4,,,,,,,,4,4,5,5,4,4,5,5,5,"积极响应需求，协调能力强；
思路清晰；",可更多尝试协同其他部门解决问题,暂无,7.5,32,4,3/13/2026,战略管理,运营分析,A
10012030,阳光水面光伏,人力&运营中心,经营管理部,,,,执行层,协同方,10009455,4,4,4,3,4,3,5,4,4,4,4,4,,,,,,,,3,4,4,3,3,3,4,3,4,国际化视野与语言能力,加强公司经营策划，提升公司经营效率,无,7.5,32,4,3/13/2026,战略管理,运营分析,A
10012030,阳光水面光伏,人力&运营中心,经营管理部,,,,执行层,协同方,10009303,4,5,4,4,5,4,5,5,5,5,4,3,,,,,,,,5,5,5,4,4,4,4,5,4,对公司战略分解细致，能高效跟进任务闭环,利用创新方式，更好的分解战略目标，使每一位管理者能够清晰快速理解战略目标和意义,无,7.5,32,4,3/13/2026,战略管理,运营分析,A
10012030,阳光水面光伏,人力&运营中心,经营管理部,,,,执行层,协同方,10007336,4,4,3,4,5,4,4,5,4,4,3,3,,,,,,,,3,4,4,4,5,4,5,5,5,从不同渠道获取信息，综合判断。,对业务理解需要加深,无,7.5,32,4,3/13/2026,战略管理,运营分析,A
10012030,阳光水面光伏,人力&运营中心,经营管理部,,,,执行层,协同方,10006073,5,5,4,3,3,5,5,4,4,3,4,4,,,,,,,,4,4,4,5,4,4,4,4,5,"1，经营管理工作认真负责
2，能够主动倾听业务部门的需求并推动解决","1，加强对公司产品和业务特点的学习
2，结合业务特点制定合理的经营指标",无,7.5,32,4,3/13/2026,战略管理,运营分析,A
10012030,阳光水面光伏,人力&运营中心,经营管理部,,,,执行层,协同方,10003332,4,4,4,4,4,3,4,3,4,4,4,4,,,,,,,,4,3,4,3,4,4,4,4,4,工作尽职尽责，能够高效协同配合完成工作任务。,暂无,暂无,7.5,32,4,3/13/2026,战略管理,运营分析,A
10012030,阳光水面光伏,人力&运营中心,经营管理部,,,,执行层,协同方,10000559,3,4,4,4,3,3,3,3,3,5,3,4,,,,,,,,3,4,5,3,4,3,5,4,5,"统筹经营公司规划，高效把控运营全局，推动风险预警
",提前梳理基于各部门经营管理上存在的潜在风险，建立预警机制，事前规避纠纷与经营损失。,无,7.5,32,4,3/13/2026,战略管理,运营分析,A
10012030,阳光水面光伏,人力&运营中心,经营管理部,,,,执行层,下级,10032612,4,4,5,4,5,5,4,5,5,5,5,5,4,5,5,4,4,4,5,5,5,5,4,4,4,5,5,5,"1. 快速帮助协调资源，帮助下级卡点
2. 能够优化并提升业务汇报的表现","1. 对于内部相关方诉求的合理性可进行确认
2. 可以定期进行团队讨论",暂无,7.5,32,4,3/13/2026,战略管理,运营分析,A
10012030,阳光水面光伏,人力&运营中心,经营管理部,,,,执行层,下级,10031295,4,4,4,4,4,5,4,5,4,4,5,4,3,4,5,4,5,4,5,4,4,4,4,4,3,4,4,3,考虑问题比较全面,无,无,7.5,32,4,3/13/2026,战略管理,运营分析,A
10012030,阳光水面光伏,人力&运营中心,经营管理部,,,,执行层,下级,10028210,5,5,5,4,4,5,4,4,5,5,5,5,5,5,4,5,4,4,5,4,5,4,4,4,5,4,4,5,"1. 逻辑思维能力突出；
2. 反应迅速，直接高效。","1. 业务能力过硬，建议加强团队培养、提升团队活跃度&氛围
2. 责任心强、执行力好，在统筹规划、下属赋能方面可继续提升",暂无,7.5,32,4,3/13/2026,战略管理,运营分析,A
10012030,阳光水面光伏,人力&运营中心,经营管理部,,,,执行层,下级,10011888,4,4,3,4,3,3,4,4,4,4,4,3,4,4,4,4,4,4,4,4,4,4,4,3,4,4,4,4,无,无,无,7.5,32,4,3/13/2026,战略管理,运营分析,A
10012030,阳光水面光伏,人力&运营中心,经营管理部,,,,执行层,上级,10001739,4,4,4,3,4,3,5,4,4,5,4,4,3,4,4,3,3,3,4,4,4,5,4,5,5,5,5,5,以业务为导向，责任心、执行力强,在战略洞察、投资、成本分析、创新力方面建议多些投入。,从骨干思维向管理思维转变，从自己做好事向带领小伙伴做好事转变。,7.5,32,4,3/13/2026,战略管理,运营分析,A
10011679,仁卓智能科技,采购部,,,,,执行层,自己,10011679,4,5,5,5,5,5,4,5,4,5,5,4,3,5,5,5,4,4,4,4,5,5,4,5,4,5,5,5,"1、责任心强，工作认真负责。
2、主动学习、求变，遇到事情不推诿。","1、战略思维。
",暂无,8.1,40,3,,,,
10011679,仁卓智能科技,采购部,,,,,执行层,协同方,10045560,2,2,3,2,2,2,3,2,3,2,3,2,,,,,,,,3,3,2,2,3,2,3,4,4,经验丰富,无,无,8.1,40,3,,,,
10011679,仁卓智能科技,采购部,,,,,执行层,协同方,10042906,4,4,4,4,3,3,3,3,3,4,3,3,,,,,,,,3,3,4,4,4,4,3,3,3,与供应商保持良好关系,打破部门信息壁垒,暂无,8.1,40,3,,,,
10011679,仁卓智能科技,采购部,,,,,执行层,协同方,10031943,4,3,4,4,4,3,3,2,3,4,2,3,,,,,,,,4,3,4,3,4,4,5,4,5,1、能积极配合处理工作中遇到的相关业务困难点；2、主动考虑成本管控；,考虑问题的全面性有待提升，不能仅从本部门角度考虑整体业务；,无,8.1,40,3,,,,
10011679,仁卓智能科技,采购部,,,,,执行层,协同方,10030258,5,5,5,5,5,5,4,4,4,5,5,5,,,,,,,,5,5,4,4,5,5,5,5,5,跨部门合作和合规意识,主动意识和大局意识,无,8.1,40,3,,,,
10011679,仁卓智能科技,采购部,,,,,执行层,协同方,10030208,3,3,4,4,3,3,3,4,3,4,5,3,,,,,,,,3,4,5,4,4,5,4,3,5,采购业务复杂，团队管理值得学习,保障交付进度合理性，按时按质交付,采购供应链体系要完善好,8.1,40,3,,,,
10011679,仁卓智能科技,采购部,,,,,执行层,协同方,10029063,4,4,3,4,4,4,2,4,4,4,4,4,,,,,,,,3,4,4,3,3,3,3,3,4,敬业,无,无,8.1,40,3,,,,
10011679,仁卓智能科技,采购部,,,,,执行层,协同方,10023138,4,5,4,4,3,2,3,1,3,3,3,3,,,,,,,,3,4,4,3,4,4,3,4,4,无,无,无,8.1,40,3,,,,
10011679,仁卓智能科技,采购部,,,,,执行层,协同方,10023080,5,5,5,5,5,4,5,5,5,5,5,5,,,,,,,,5,5,4,5,5,5,5,5,5,1.精准制定采购战略、采购管理制度、供应商管理体系，把控采购全流程；2、熟悉生产/经营需求，准确输出年度、批量采购计划，管控采购成本。,从“管事”转向“管人+育才”，搭建人才梯队，培养后续接班人,无,8.1,40,3,,,,
10011679,仁卓智能科技,采购部,,,,,执行层,协同方,10023028,2,4,3,3,4,4,4,2,3,4,4,4,,,,,,,,3,4,4,4,4,3,4,1,1,业务积极推进,战略思维需有效提升，团队搭建需更符合企业发展，持续学习,暂无,8.1,40,3,,,,
10011679,仁卓智能科技,采购部,,,,,执行层,协同方,10020936,4,4,4,3,3,3,3,3,4,4,4,4,,,,,,,,3,4,4,4,4,4,5,5,5,"1、善于沟通，能够抓住主要矛盾，抓大放小；
2、团结包容性较好，几乎不与人发生争执。","1、加强各产品安装顺序的认识，便于组织生产或发货顺序。
2、加强各产品现场损耗认识，便于组织合理差异价格。",无,8.1,40,3,,,,
10011679,仁卓智能科技,采购部,,,,,执行层,协同方,10017873,4,3,4,3,4,4,4,4,5,4,4,4,,,,,,,,5,4,4,3,4,4,4,4,5,1.可以快速响应紧急需求；,进一步增强商务谈判及多供应商议价，从采购角度进一步提升竞争力；,无,8.1,40,3,,,,
10011679,仁卓智能科技,采购部,,,,,执行层,下级,10033208,5,5,5,5,5,4,4,5,4,4,5,5,3,3,4,4,5,5,5,4,5,5,4,5,5,5,5,5,做事态度谦虚，为人诚恳，真诚。,为人正派 一如既往坚持原则,无,8.1,40,3,,,,
10011679,仁卓智能科技,采购部,,,,,执行层,下级,10030447,4,5,5,5,4,5,4,4,5,5,5,4,4,3,4,4,4,4,5,5,4,5,5,5,5,4,5,5,对问题的反应速度，快速准确，可以很快的找到解决问题的方法。,暂无,暂无,8.1,40,3,,,,
10011679,仁卓智能科技,采购部,,,,,执行层,下级,10018006,5,5,5,5,4,4,4,5,5,5,5,5,4,5,5,5,4,5,4,5,5,5,4,4,4,5,5,5,严谨优秀,无,无,8.1,40,3,,,,
10011679,仁卓智能科技,采购部,,,,,执行层,上级,10025953,4,4,4,3,3,4,3,3,4,3,4,4,3,4,3,4,3,4,3,4,4,3,4,4,4,4,4,4,执行力强，沟通能力强，能够在条件允许范围内不断探索，最终达成目标。,希望更加主动在大宗及标准件等方面做好数据分析（采购成本与benchmark的原材料价格的折线图对比，并给出相关性分析），在数据的基础上进行成本优化的方案规划，并做好国际供应链建设规划（目的？轻重缓急？落地规划？具体时间表？）,更加主动拉通集团内部资源进行更高层面联动，把“同等面积容量最大、同等容量发电量最高、同等发电量成本最低、全生命周期运维成本最低”的概念在内部进行推广。,8.1,40,3,,,,
10011646,光储集团,阳光户用储能公司,产品体系,产品规划中心,产品经营策略部,,执行层,自己,10011646,4,4,4,3,4,3,2,4,3,4,3,5,4,4,4,3,3,4,4,5,4,4,3,4,4,4,4,5,工作责任心及主动性,跨部门协同、深入业务,主动学习,8.1,32,0,,产品与研发,产品,A
10011646,光储集团,阳光户用储能公司,产品体系,产品规划中心,产品经营策略部,,执行层,协同方,10023682,3,3,3,3,3,2,3,4,4,2,3,3,,,,,,,,3,3,4,3,4,4,4,4,4,材料思维逻辑及交付质量高；,"团队管理能力需要进一步提升；
洞察后的成果及问题需跟踪落地；",无,8.1,32,0,,产品与研发,产品,A
10011646,光储集团,阳光户用储能公司,产品体系,产品规划中心,产品经营策略部,,执行层,协同方,10023155,5,4,4,3,3,3,4,4,4,4,4,5,,,,,,,,4,4,4,4,4,4,3,3,4,深入洞察，持续跟踪内外部客户需求及满足情况,将洞察结论转换为关键行动计划,无,8.1,32,0,,产品与研发,产品,A
10011646,光储集团,阳光户用储能公司,产品体系,产品规划中心,产品经营策略部,,执行层,协同方,10019756,5,4,5,4,3,4,5,4,4,4,4,4,,,,,,,,3,4,4,4,4,3,5,5,5,"行业内信息获取和沟通能力
对数据的理解和呈现","信息的归档能力
多语言能力",无,8.1,32,0,,产品与研发,产品,A
10011646,光储集团,阳光户用储能公司,产品体系,产品规划中心,产品经营策略部,,执行层,协同方,10015551,4,3,3,3,3,2,3,3,2,4,4,3,,,,,,,,3,3,4,2,4,4,5,5,5,对外部信息敏感，及时发布相关洞察数据,加强部门管理，提升质量管理，如需求管理，闭环情况，进度及风险等，如何传递，现在都是需求提出人自己的跟进,丰富洞察的维度及深度，现在做的很多工作都是例行工作，看不到变化，另外基于洞察能给出建议，不仅仅是信息的提供者,8.1,32,0,,产品与研发,产品,A
10011646,光储集团,阳光户用储能公司,产品体系,产品规划中心,产品经营策略部,,执行层,下级,10021575,4,4,4,4,4,3,3,3,4,4,4,4,3,3,3,3,4,4,3,4,4,4,3,4,4,4,4,5,"1.关注结果的同时也关注过程，并给予一定的过程辅导
2. 职责边界清晰，敢于表达",1.团队建设能力加强,1. 对部门及团队的发展方向有更明确的规划,8.1,32,0,,产品与研发,产品,A
10011646,光储集团,阳光户用储能公司,产品体系,产品规划中心,产品经营策略部,,执行层,下级,10015944,,,,,,,,,,,,,,,,,,,,,,,,,,,,,,,,8.1,32,0,,产品与研发,产品,A
10011646,光储集团,阳光户用储能公司,产品体系,产品规划中心,产品经营策略部,,执行层,上级,10001995,5,5,4,4,5,4,5,5,4,4,5,5,4,4,5,5,5,5,4,5,5,5,4,5,5,5,5,5,"1、自驱力强，自主规划、主动拉通完成工作；
2、思维缜密、洞察入微，能发现现象背后的逻辑，用数据和事实说话；","1、可以加强对产品规划知识的学习、提升复合能力；
",无,8.1,32,0,,产品与研发,产品,A
10011166,光储集团,营销体系,中国大区,国内销售中心,渠道部,,执行层,自己,10011166,5,5,5,4,4,5,4,4,5,5,5,4,3,4,4,4,5,4,5,4,4,4,4,5,4,4,4,4,"1、公司下发任务不推诿，想行动方法完成任务；
2、部门内部关系良好，能将部门内各区域有效的协调。","1、日常多任务并行时，需要提前任务节点，提升整体工作效率。
2、日常工作多聚焦落地执行，要提高主动预判问题，多想业务优化方向的全局思维。",无,8.2,34,0,,营销,商务销售,B+
10011166,光储集团,营销体系,中国大区,国内销售中心,渠道部,,执行层,协同方,10027075,5,5,5,5,5,4,4,4,5,5,5,5,,,,,,,,4,5,5,5,5,5,4,5,5,"1、积极深入一线，帮助前方商务人员推进各类重要项目和客户。
2、在项目不同阶段，目标明确，善于推动项目各环节进展。",对负责范围的新型业务，缺少主动性探查。,暂无,8.2,34,0,,营销,商务销售,B+
10011166,光储集团,营销体系,中国大区,国内销售中心,渠道部,,执行层,协同方,10023010,5,4,5,5,5,4,2,3,5,5,5,5,,,,,,,,5,4,5,4,5,5,5,5,5,"1、深入客户，了解客户真实诉求；
2、积极提出问题并探索解决方案；","1、对全面工作理解还不足，需要站在渠道整体业绩的维度推动业绩达成；
2、在渠道赋能上面需要加强，提升渠道商整体能力",无,8.2,34,0,,营销,商务销售,B+
10011166,光储集团,营销体系,中国大区,国内销售中心,渠道部,,执行层,协同方,10019028,5,4,5,4,5,5,5,4,5,5,5,5,,,,,,,,5,4,5,5,5,5,5,5,5,客户导向、诚恳务实、开放创新,无,无,8.2,34,0,,营销,商务销售,B+
10011166,光储集团,营销体系,中国大区,国内销售中心,渠道部,,执行层,协同方,10009508,3,4,4,4,4,3,3,5,4,5,5,4,,,,,,,,4,4,5,4,5,5,5,4,5,为项目可以创新性想办法落地,不够了解，暂无,暂无,8.2,34,0,,营销,商务销售,B+
10011166,光储集团,营销体系,中国大区,国内销售中心,渠道部,,执行层,协同方,10006815,4,4,5,4,4,4,3,4,5,5,5,5,,,,,,,,4,4,5,5,4,4,5,5,5,及时反馈前端问题，并大胆提出想法和解决思路。,可以更多的丰富对前端项目的抓手,无,8.2,34,0,,营销,商务销售,B+
10011166,光储集团,营销体系,中国大区,国内销售中心,渠道部,,执行层,下级,10035156,3,3,3,3,3,3,2,2,2,3,3,3,2,2,2,3,2,3,3,2,2,3,3,3,3,3,3,3,专业能力强，沟通能力强,项目太多精力分散,暂无,8.2,34,0,,营销,商务销售,B+
10010118,阳光水面光伏,产品/解决方案,产品中心,锚固设计部,,,执行层,上级,10013097,5,4,4,4,4,4,5,4,4,4,5,4,4,4,5,4,4,4,4,4,5,4,4,4,5,4,5,4,"1、专业扎实，并不断学习；
2、经常考虑风险项，并提出建议；
3、与外部的交流，谨慎且专业。","1、敢于突破现有的技术和方案；
2、个人领导力需要继续提高；",勇于创新，优化管理。,1.4,37,8,,,,B+
10010118,阳光水面光伏,产品/解决方案,产品中心,锚固设计部,,,执行层,下级,10019580,4,5,5,4,4,3,4,4,4,5,5,5,4,4,4,5,4,4,5,4,5,5,4,4,4,5,4,4,技能过硬，知识丰富，待人亲和，服务客户意识高,希望可以进一步带领部门发展，更加合理分配人员与任务，激励等,无,1.4,37,8,,,,B+
10010118,阳光水面光伏,产品/解决方案,产品中心,锚固设计部,,,执行层,下级,10021965,4,3,3,4,5,3,4,4,2,4,2,3,4,3,3,1,2,4,3,2,3,2,3,3,4,4,4,4,"1.行业前沿技术学习兴趣浓，
2.对技术文件及输出内容要求严谨
2.客户响应及技术反馈及时","1.组织内部氛围一般
2.工作内容较分散",无,1.4,37,8,,,,B+
10010118,阳光水面光伏,产品/解决方案,产品中心,锚固设计部,,,执行层,下级,10028580,2,2,2,2,2,2,2,1,1,2,1,2,3,2,2,2,2,3,2,1,1,1,1,3,2,4,4,4, 这个暂时想不起来，并非没有，但暂时想不起来,"说话太磨叽了，言简意赅就行了
而且不要总拿别人当傻逼好不好，受够了",别太软蛋了，主动站出来的时候有点少见,1.4,37,8,,,,B+
10010118,阳光水面光伏,产品/解决方案,产品中心,锚固设计部,,,执行层,下级,10028864,4,4,4,4,4,3,4,4,4,3,4,4,4,4,3,4,4,4,4,4,4,4,3,4,4,4,4,4,1.对国内外规范掌握情况较深；2.工作上提出一些新思路等,无,无,1.4,37,8,,,,B+
10010118,阳光水面光伏,产品/解决方案,产品中心,锚固设计部,,,执行层,下级,10042841,,,,,,,,,,,,,,,,,,,,,,,,,,,,,,,,1.4,37,8,,,,B+
10010118,阳光水面光伏,产品/解决方案,产品中心,锚固设计部,,,执行层,下级,10046437,4,4,5,4,4,3,4,4,4,4,3,4,4,4,5,4,4,4,5,4,4,5,4,4,5,4,5,4,耐心，专业度高,希望多分享经验方法，组织思想交流,无,1.4,37,8,,,,B+
10010118,阳光水面光伏,产品/解决方案,产品中心,锚固设计部,,,执行层,下级,10046443,5,5,5,5,5,5,5,5,5,5,5,5,5,5,5,5,5,5,5,5,5,5,5,5,5,5,5,5,1. 工作认真  2. 有全局意识,进一步提升团队合作,无,1.4,37,8,,,,B+
10010118,阳光水面光伏,产品/解决方案,产品中心,锚固设计部,,,执行层,协同方,10009303,4,4,4,4,4,3,5,5,4,5,4,4,,,,,,,,3,3,4,4,5,3,4,5,4,专业能力强、沟通直接,能够站在系统角度提供锚固设计方案，积极主动对接前端技术,无,1.4,37,8,,,,B+
10010118,阳光水面光伏,产品/解决方案,产品中心,锚固设计部,,,执行层,协同方,10009958,3,3,3,3,3,3,3,4,4,4,4,4,,,,,,,,3,4,4,3,4,4,4,3,5,"专业能力强，学术带头人；
积极承担业务需求，解决问题为先；",更多参与管理，加强内部凝聚力,针对擅长领域提出更多有利创新，包含业务创新及技术创新,1.4,37,8,,,,B+
10010118,阳光水面光伏,产品/解决方案,产品中心,锚固设计部,,,执行层,协同方,10010556,2,2,2,2,2,2,2,2,2,2,2,2,,,,,,,,2,2,2,2,2,2,2,2,2,专业,加强主动协作能力,无,1.4,37,8,,,,B+
10010118,阳光水面光伏,产品/解决方案,产品中心,锚固设计部,,,执行层,协同方,10010854,3,3,3,3,3,2,5,3,4,4,4,3,,,,,,,,5,5,5,3,4,4,5,5,5,专业能力过硬、解决问题的逻辑很新颖。,管理能力还有很大的发展空间，例如领导力。,人是组织的最小组成单元，除了工作还要关注其精神状态并给予一定的人文关怀。,1.4,37,8,,,,B+
10010118,阳光水面光伏,产品/解决方案,产品中心,锚固设计部,,,执行层,协同方,10014518,4,4,4,4,4,5,5,4,4,4,4,5,,,,,,,,4,4,4,5,4,4,4,4,4,"1.有大局观，能够站在很高的角度思考问题
2.持续学习，对于新的知识能够持续学习",1. 比较谨慎，当前锚固的方案和形式比较单一,无,1.4,37,8,,,,B+
10010118,阳光水面光伏,产品/解决方案,产品中心,锚固设计部,,,执行层,协同方,10016043,4,4,5,4,5,4,5,5,3,4,4,4,,,,,,,,3,4,4,4,5,4,4,5,5,专业，谨慎，有条理,增加跨部门协作沟通,跨部门宣贯先进锚固技术,1.4,37,8,,,,B+
10010118,阳光水面光伏,产品/解决方案,产品中心,锚固设计部,,,执行层,协同方,10019716,3,4,3,3,3,3,3,3,3,3,4,2,,,,,,,,3,3,3,3,2,2,3,4,4,1-专业能力较好,保持工作初心，以身作则加强公司价值观践行；提升管理能力，加强管理投入，注意从部门内部找原因及改善提升方法；部门氛围要更加开放、灵活,无,1.4,37,8,,,,B+
10010118,阳光水面光伏,产品/解决方案,产品中心,锚固设计部,,,执行层,协同方,10020874,3,2,3,3,2,3,4,4,4,3,3,4,,,,,,,,2,3,4,4,4,2,5,5,5,专业度很高，经验丰富,合理化分配团队人员，提升锚固方案出具效率，提高客户满意度，形成合理的补位机制,同上,1.4,37,8,,,,B+
10010118,阳光水面光伏,产品/解决方案,产品中心,锚固设计部,,,执行层,自己,10010118,4,3,4,5,5,4,4,5,2,5,4,5,5,5,4,4,3,3,5,3,5,5,4,5,5,4,5,5,能够主动寻求解决方案改善管理痛点难点并积极思考落实措施,遇到的困难和问题避免极端化，避免完美主义，从实践中不断获取经验，动态纠偏。,无,1.4,37,8,,,,B+
10011166,光储集团,营销体系,中国大区,国内销售中心,渠道部,,执行层,下级,10024607,3,3,2,2,2,3,3,3,3,3,3,3,2,2,3,2,3,2,2,3,3,3,3,4,3,3,1,1,目前没有,目前没有,无,8.2,34,0,,营销,商务销售,B+
10011166,光储集团,营销体系,中国大区,国内销售中心,渠道部,,执行层,上级,10006653,,,,,,,,,,,,,,,,,,,,,,,,,,,,,,,,8.2,34,0,,营销,商务销售,B+
10011166,光储集团,营销体系,中国大区,国内销售中心,渠道部,,执行层,上级,10000936,3,4,4,5,4,4,4,4,3,5,5,5,4,3,4,4,5,5,4,5,4,4,4,5,5,5,4,5,对团队很友善，而且容易听取他人意见,性格还是偏柔软，要改变自身的管理风格,敢于管理,8.2,34,0,,营销,商务销售,B+
10010955,光储集团,营销体系,中国大区,国内销售中心,西北一区（藏/青/甘/新）,,执行层,自己,10010955,5,5,5,5,5,3,4,5,5,5,5,5,3,4,5,5,5,5,5,5,5,5,5,5,5,5,5,5,"以结果为导向，并能够在过程中合理规划人力、时间、预算等各项资源，及时跟进落地情况。
对员工表现给予及时反馈，表扬优秀与进步，对于不足之处提供合理的改进建议，从而帮助员工持续提升工作表现与能力",主动探索和学习本领域相关的数字化技术、AI等，引入至部门工作中，有效提升工作效率,"积极参与公司数字化项目，助力公司数字化变革成功
根据部门目标，制定部门内部及跨部门的工作流程和沟通协作机制，促进工作高效开展",8.3,35,0,,营销,商务销售,B+
10010955,光储集团,营销体系,中国大区,国内销售中心,西北一区（藏/青/甘/新）,,执行层,协同方,10030841,5,5,5,5,5,5,4,4,5,5,5,5,,,,,,,,4,4,4,5,4,4,5,5,4,"1.有足够的项目经验并能传递指导
2.能够践行公司价值观
",暂无,暂无,8.3,35,0,,营销,商务销售,B+
10010955,光储集团,营销体系,中国大区,国内销售中心,西北一区（藏/青/甘/新）,,执行层,协同方,10027599,4,4,5,5,5,5,5,4,5,5,5,5,,,,,,,,5,5,5,5,5,5,5,4,5,愿意及时接受投建运新业务模式，并在甘肃所在地积极推进,暂无,暂无,8.3,35,0,,营销,商务销售,B+
10010955,光储集团,营销体系,中国大区,国内销售中心,西北一区（藏/青/甘/新）,,执行层,协同方,10019540,5,5,5,5,4,3,4,4,4,5,4,5,,,,,,,,4,4,4,4,5,4,4,5,5,无,无,无,8.3,35,0,,营销,商务销售,B+
10010955,光储集团,营销体系,中国大区,国内销售中心,西北一区（藏/青/甘/新）,,执行层,协同方,10018675,5,4,4,3,3,5,4,5,5,4,5,4,,,,,,,,5,5,5,5,4,5,4,5,5,平易近人，能与团队同事主动探讨营销策略及身先士卒。高层对接工作经验丰富,"1.客户体系的外部资源较少，如果有更多这方面的资源，对储能业务推动效果会更好。
",提高大区重点储能项目跟进覆盖度。,8.3,35,0,,营销,商务销售,B+
10010955,光储集团,营销体系,中国大区,国内销售中心,西北一区（藏/青/甘/新）,,执行层,协同方,10013285,4,3,4,3,4,4,4,3,4,5,5,4,,,,,,,,3,4,5,4,5,4,5,5,5,具有丰富的储能项目经验，愿意和同事分享项目运作经验,和团队成员沟通如果更加主动一些，效果更好,无,8.3,35,0,,营销,商务销售,B+
10010955,光储集团,营销体系,中国大区,国内销售中心,西北一区（藏/青/甘/新）,,执行层,协同方,10009409,3,3,3,3,2,2,3,3,3,3,3,2,,,,,,,,3,3,3,3,3,4,3,2,3,无,无,无,8.3,35,0,,营销,商务销售,B+
10010955,光储集团,营销体系,中国大区,国内销售中心,西北一区（藏/青/甘/新）,,执行层,协同方,10008506,3,3,2,3,2,2,3,2,3,3,3,3,,,,,,,,4,3,3,2,2,2,3,4,4,1.执行力强。,1，团队赋能要加强。2.业务能力加强。3，主管能动性加强,无,8.3,35,0,,营销,商务销售,B+
10010955,光储集团,营销体系,中国大区,国内销售中心,西北一区（藏/青/甘/新）,,执行层,协同方,10000760,5,5,4,5,5,4,5,4,4,5,4,4,,,,,,,,4,5,4,4,4,4,4,5,5,"1、严格遵守公司的报价流程，并对区域同事进行宣贯辅导。
2、了解市场竞争情况，积极跟家里沟通，并反馈当前市场需求。",1、带领团队破局，提高项目中标率，成为行业经理姣姣者，上升一个级别，或区域负责人。,无,8.3,35,0,,营销,商务销售,B+
10010955,光储集团,营销体系,中国大区,国内销售中心,西北一区（藏/青/甘/新）,,执行层,下级,10035156,3,3,2,2,1,1,1,1,1,1,2,1,1,1,1,1,1,1,1,1,1,3,3,1,3,3,3,3,专业能力强，沟通能力强,项目太多精力分散,暂无,8.3,35,0,,营销,商务销售,B+
10010955,光储集团,营销体系,中国大区,国内销售中心,西北一区（藏/青/甘/新）,,执行层,下级,10024607,1,1,1,1,3,3,3,3,3,3,3,2,3,3,2,3,2,3,3,3,4,4,2,2,4,4,2,1,目前没有,多参与项目,无,8.3,35,0,,营销,商务销售,B+
10010955,光储集团,营销体系,中国大区,国内销售中心,西北一区（藏/青/甘/新）,,执行层,下级,10024554,1,1,1,1,1,1,2,2,2,1,1,2,1,2,1,1,1,1,1,1,1,1,1,1,1,1,1,2,1,无,无,8.3,35,0,,营销,商务销售,B+
10010955,光储集团,营销体系,中国大区,国内销售中心,西北一区（藏/青/甘/新）,,执行层,上级,10010307,,,,,,,,,,,,,,,,,,,,,,,,,,,,,,,,8.3,35,0,,营销,商务销售,B+
10010955,光储集团,营销体系,中国大区,国内销售中心,西北一区（藏/青/甘/新）,,执行层,上级,10000936,3,4,4,5,5,4,4,5,4,5,5,5,4,3,4,4,5,5,4,5,4,4,4,5,5,5,4,5,做事认真负责，在储能方面还是专业的,加强自身能力建设，敢于走出自己的舒适区,加强学习,8.3,35,0,,营销,商务销售,B+
10010934,光储集团,营销体系,欧洲大区,南欧、英国、爱尔兰,西班牙,,执行层,自己,10010934,5,4,5,5,4,3,5,5,5,4,4,5,5,4,5,5,5,3,3,5,5,4,4,5,5,4,4,5,"Developement of tools for monitoring progress of sales in both CRM and monthly report
Comprehensive understanding on interdepartmental work, including operations, Logistics, Finance, ..and the correlation bewteen all in company results
Very strong understanding of utility business, mainly Utility PV and Utility ESS","Better understanding of strategies to improve channel businesses
Foster tighter high level connections with customers and stakeholders in the sector, usually difficult having a higher SG representative in the country",As per section 30,8.3,44,14,,营销,商务销售,A
10010934,光储集团,营销体系,欧洲大区,南欧、英国、爱尔兰,西班牙,,执行层,协同方,10044523,5,5,5,4,4,5,4,5,4,5,4,5,,,,,,,,4,4,5,4,5,5,4,4,5,"1. Experienced Company advocate - 
2. Leader 
3. Mentorship",None,None,8.3,44,14,,营销,商务销售,A
10010934,光储集团,营销体系,欧洲大区,南欧、英国、爱尔兰,西班牙,,执行层,协同方,10040666,4,3,4,4,2,3,5,5,4,3,4,3,,,,,,,,4,2,4,2,5,4,4,2,5,understanding of company processes and grey areas,cross regional team integration and collaboration,"take regional level decisions, optimisation",8.3,44,14,,营销,商务销售,A
10010934,光储集团,营销体系,欧洲大区,南欧、英国、爱尔兰,西班牙,,执行层,协同方,10031645,4,4,4,4,3,3,4,4,4,3,4,3,,,,,,,,3,3,4,4,4,3,4,4,3,Business reporting,NA,NA,8.3,44,14,,营销,商务销售,A
10010934,光储集团,营销体系,欧洲大区,南欧、英国、爱尔兰,西班牙,,执行层,协同方,10020997,4,5,4,5,4,5,5,4,4,5,4,4,,,,,,,,5,4,5,4,5,4,5,5,5,"He fosters a supportive environment where people feel comfortable sharing ideas and concerns. His openness and reliability make him a trusted leader across the  Iberica team. He consistently brings a practical mindset to complex situations, simplifying challenges and enabling clear, effective decisions. He has a deep understanding of the business and industry, allowing him to provide valuable insights and make well-informed decisions.","Due to the frequency of his travel schedule, he is not always physically present in the office, which at times can make day-to-day support feel less immediate for the team. However, he remains highly accessible and responsive, and is always available via messages or calls to provide guidance and support when needed.","We really value Javier as a lead,  always willing to help, support, and take care of the team. His approachability and commitment make a strong positive impact on both people and the business.",8.3,44,14,,营销,商务销售,A
10010934,光储集团,营销体系,欧洲大区,南欧、英国、爱尔兰,西班牙,,执行层,协同方,10018346,4,4,4,5,5,5,4,4,5,4,4,4,,,,,,,,5,4,5,4,5,5,4,4,5,na,na,na,8.3,44,14,,营销,商务销售,A
10010934,光储集团,营销体系,欧洲大区,南欧、英国、爱尔兰,西班牙,,执行层,协同方,10017371,5,4,5,4,4,4,5,5,5,5,4,4,,,,,,,,4,5,5,5,5,4,5,5,5,/,/,/,8.3,44,14,,营销,商务销售,A
10010934,光储集团,营销体系,欧洲大区,南欧、英国、爱尔兰,西班牙,,执行层,协同方,10016384,4,4,3,5,3,5,3,4,4,4,3,4,,,,,,,,2,4,3,5,3,5,2,3,3,"passion, quick mover","more big-picture view, respect cross team voice",having control and awareness across the entire value chain,8.3,44,14,,营销,商务销售,A
10010934,光储集团,营销体系,欧洲大区,南欧、英国、爱尔兰,西班牙,,执行层,协同方,10014933,4,3,3,3,3,3,3,4,4,4,4,4,,,,,,,,4,4,3,4,4,4,3,3,3,Relatively loyal to the company; understands the Spanish business well,Be a bit more open and receptive to outside ideas,Be more open and receptive to outside ideas,8.3,44,14,,营销,商务销售,A
10010934,光储集团,营销体系,欧洲大区,南欧、英国、爱尔兰,西班牙,,执行层,协同方,10012787,5,5,4,5,5,5,4,4,4,5,5,5,,,,,,,,4,5,5,4,4,4,5,5,5,Team management and motivation. Stakeholder management and communication. Leadership and making decisions.,"he is highly involved and committed, but there is chance to further delegation",Continue strengthening succession planning,8.3,44,14,,营销,商务销售,A
10010934,光储集团,营销体系,欧洲大区,南欧、英国、爱尔兰,西班牙,,执行层,协同方,10009767,4,4,5,3,4,4,3,5,4,5,5,3,,,,,,,,3,3,3,5,3,3,5,5,4,No comment,No comment,No comment,8.3,44,14,,营销,商务销售,A
10010934,光储集团,营销体系,欧洲大区,南欧、英国、爱尔兰,西班牙,,执行层,协同方,10007913,4,4,5,4,4,5,4,4,4,5,4,5,,,,,,,,4,4,4,4,5,4,5,5,5,Customer mindset,Organizational development,No comment,8.3,44,14,,营销,商务销售,A
10010934,光储集团,营销体系,欧洲大区,南欧、英国、爱尔兰,西班牙,,执行层,协同方,10007708,5,5,5,4,4,5,4,5,5,4,4,4,,,,,,,,5,4,4,4,4,4,5,5,5,Positive work attitude,PV-storage integration is being handled quite well,No comment,8.3,44,14,,营销,商务销售,A
10010934,光储集团,营销体系,欧洲大区,南欧、英国、爱尔兰,西班牙,,执行层,下级,10046178,,,,,,,,,,,,,,,,,,,,,,,,,,,,,,,,8.3,44,14,,营销,商务销售,A
10010934,光储集团,营销体系,欧洲大区,南欧、英国、爱尔兰,西班牙,,执行层,下级,10045495,5,5,5,5,4,5,5,5,5,5,5,4,3,5,5,4,4,5,3,5,5,5,4,5,4,4,4,5,"Javier consistently demonstrates a strong ability to identify market opportunities and align the team towards high-impact initiatives. His strategic clarity is something others can truly learn from.
Javier also creates a clear sense of direction and motivates the team to deliver, even under challenging conditions. Encourages accountability while maintaining a collaborative environment.
Javier handles complex situations with confidence and speed, balancing risk and opportunity effectively.",Nothing to Add,"Continue leveraging his strong leadership and commercial mindset while further investing in team development, as scaling through people will be key for sustained success.",8.3,44,14,,营销,商务销售,A
10010934,光储集团,营销体系,欧洲大区,南欧、英国、爱尔兰,西班牙,,执行层,下级,10042026,5,5,5,5,5,5,4,5,5,4,5,5,4,5,5,4,5,5,5,5,5,4,5,5,5,4,5,5,"I would like to remark that he is always available to have a close contact with him despite all his obligations. Other point that I would like to remark is his continuous desire of learning and know every aspect of the business, internal and external for example new CRM functions ","One of the points in which I think He could have a bit of improvement is about feedback, his lack of time means sometimes that feedback is not take into accoun",One of the reasons of the great performance of Sungrow Iberica is Javier so I encourage him to continue growing and developing ,8.3,44,14,,营销,商务销售,A
10010934,光储集团,营销体系,欧洲大区,南欧、英国、爱尔兰,西班牙,,执行层,下级,10036368,5,5,5,5,5,5,5,4,5,5,5,4,3,4,5,4,4,3,5,5,5,5,4,5,5,4,4,4,He is able to listen to different KAMs and it is always available and helpful with any questions or issues ther are. He is focused on his own work and it doesn't matter the workload that he will always have time for you. He also listens to the needs and goals regarding the career path of the KAMs and tries to help as much as possible fur us to obtain them,"I really appreciate being independent on my work, but it would be interesting to have a monthly 1 to 1 for us to catch up on the work I am doing, in that way I can feel also ""seen""","No more sugestions, he is an excellent boss, both in the personal and professional way",8.3,44,14,,营销,商务销售,A
10010934,光储集团,营销体系,欧洲大区,南欧、英国、爱尔兰,西班牙,,执行层,下级,10036144,5,5,4,5,5,5,5,5,4,5,5,5,4,3,3,3,4,4,3,5,5,5,5,5,5,5,5,5,"Leadership, motivation and trust in employees","Faster responses to requests, greater individual involvement as a manager ",No,8.3,44,14,,营销,商务销售,A
10010934,光储集团,营销体系,欧洲大区,南欧、英国、爱尔兰,西班牙,,执行层,下级,10031901,5,5,5,5,5,5,4,4,5,5,5,4,3,5,5,4,4,3,4,4,5,5,5,5,5,4,5,5,"He builds trust and sets an example through his daily work. He is always willing to listen and help, especially when things get really difficult.",Improve in the future plan or professional development in the future 2 years.,N/A,8.3,44,14,,营销,商务销售,A
10010934,光储集团,营销体系,欧洲大区,南欧、英国、爱尔兰,西班牙,,执行层,下级,10017055,,,,,,,,,,,,,,,,,,,,,,,,,,,,,,,,8.3,44,14,,营销,商务销售,A
10010934,光储集团,营销体系,欧洲大区,南欧、英国、爱尔兰,西班牙,,执行层,下级,10016052,5,5,5,5,4,5,5,5,5,5,5,4,5,4,4,5,5,4,5,4,5,5,4,5,5,5,5,5,"leadership, decision-making, sales",N/A,Keep it up with same energy,8.3,44,14,,营销,商务销售,A
10010934,光储集团,营销体系,欧洲大区,南欧、英国、爱尔兰,西班牙,,执行层,下级,10015565,5,5,5,5,4,5,5,5,4,5,5,4,4,4,5,5,4,4,3,4,4,5,5,5,5,5,5,5,"Great leadership, empathic and always willing to help.",Try to provide more individual feedback to team members and hold one-on-one meetings to better understand everyone’s workload and help adjust it when necessary.,No,8.3,44,14,,营销,商务销售,A
10010934,光储集团,营销体系,欧洲大区,南欧、英国、爱尔兰,西班牙,,执行层,下级,10013397,5,4,4,5,4,5,4,3,4,5,4,5,4,5,5,3,3,4,5,4,4,5,5,4,5,3,5,4,HOW TO BUILD A SOLID TEAM,be more involved in team needs not only business situation,no,8.3,44,14,,营销,商务销售,A
10010934,光储集团,营销体系,欧洲大区,南欧、英国、爱尔兰,西班牙,,执行层,上级,10009470,5,5,4,5,5,4,5,5,4,5,4,5,5,5,5,5,5,5,5,5,5,5,4,5,5,4,4,4,"Great technical knowledge, very good building teams and motivating team, very innovative ideas","More patient, putting in the shoes of other regions","Keep going, top employee, make sure the team understands and puts in the shoes of the other regions",8.3,44,14,,营销,商务销售,A
10010777,光储集团,营销体系,亚太大区,东南亚区,菲律宾,,执行层,自己,10010777,4,4,4,4,4,4,3,4,4,4,4,4,3,4,4,4,4,4,4,4,4,5,4,5,5,5,5,5,效率高，执行力强,提高拉通内部协同的效率,多倾听，多学习,1.9,32,12,1/5/2026,营销,商务销售,A
10010777,光储集团,营销体系,亚太大区,东南亚区,菲律宾,,执行层,协同方,10037875,,,,,,,,,,,,,,,,,,,,,,,,,,,,,,,,1.9,32,12,1/5/2026,营销,商务销售,A
10010777,光储集团,营销体系,亚太大区,东南亚区,菲律宾,,执行层,协同方,10025147,4,4,4,4,5,4,5,4,4,5,5,5,,,,,,,,4,5,5,5,5,5,5,5,5,客户关系紧密，推动事情能力较强,相信自己的同事,无,1.9,32,12,1/5/2026,营销,商务销售,A
10010777,光储集团,营销体系,亚太大区,东南亚区,菲律宾,,执行层,协同方,10017283,5,5,5,5,5,5,5,5,5,5,5,5,,,,,,,,5,5,5,5,5,5,5,5,5,工作认真；反馈及时；思路清晰,更多参与市场活动,暂无,1.9,32,12,1/5/2026,营销,商务销售,A
10010777,光储集团,营销体系,亚太大区,东南亚区,菲律宾,,执行层,协同方,10013980,5,4,4,3,4,3,5,4,3,5,4,4,,,,,,,,4,4,4,3,4,3,3,3,3,"主动承担责任，面对紧急或复杂问题时能够第一时间响应并推动解决，不推诿、不等待，体现出较强的责任心与执行力。
跨部门沟通协作能力优秀，能够积极协调各方资源，及时同步信息，保证项目顺利推进，值得团队学习。
工作细致且结果导向明显，不仅关注任务完成，还会提前预判风险，提高整体工作效率与质量。",团队管理可以更加深入每个模块的整体事项,没有,1.9,32,12,1/5/2026,营销,商务销售,A
10010777,光储集团,营销体系,亚太大区,东南亚区,菲律宾,,执行层,协同方,10012514,4,5,4,4,4,5,5,4,4,5,5,5,,,,,,,,4,5,4,4,5,5,5,5,5,"1. 换位思考： 在提需求时，她不仅说明“我要什么”，还会主动解释“为什么需要你做这个”以及“这件事对双方的价值”，让协作非常顺畅。
2. 积极主动有担当：跨部门协作容易陷入停滞，但她总能主动发起会议、拉群、催办，带动大家往前走","1. 建议后续处理完一个重大事件后，能和团队做个简单复盘，这样也更有利于团队的进步
2.  工作中，偶尔需求中的优先级信息没有明确说明，对方可能会按自己的理解来安排。建议可以更加明确说明自己的优先级和Deadline，保证对方能完全理解并且不耽误项目",你绝对是“快刀斩乱麻”的行动派，这一点非常值得学习。只是有时候速度过快，可能会忽略一些细节的沟通，建议后续在关键节点话一点点时间和大家同步下，让我们都能跟上你的脚步。总体而言，你是个非常优秀的合作伙伴，对团队的贡献不可替代,1.9,32,12,1/5/2026,营销,商务销售,A
10010777,光储集团,营销体系,亚太大区,东南亚区,菲律宾,,执行层,协同方,10007933,5,4,5,4,4,4,4,4,5,5,4,4,,,,,,,,4,4,4,3,4,4,4,4,5,"Very proactive when solving problems for the clients, very aggressive to get projects winning.",N/A,N/A,1.9,32,12,1/5/2026,营销,商务销售,A
10010777,光储集团,营销体系,亚太大区,东南亚区,菲律宾,,执行层,协同方,10006913,5,5,5,4,4,4,4,5,4,5,5,5,,,,,,,,4,4,4,4,4,4,4,5,5,规划及执行能力强，目标导向,加强数字化及AI工具应用，加强渠道业务理解,暂无,1.9,32,12,1/5/2026,营销,商务销售,A
10010777,光储集团,营销体系,亚太大区,东南亚区,菲律宾,,执行层,协同方,10001919,5,5,5,5,5,4,5,4,5,5,4,5,,,,,,,,4,5,5,4,5,5,5,4,5,勤奋，拼搏,暂无,暂无,1.9,32,12,1/5/2026,营销,商务销售,A
10010777,光储集团,营销体系,亚太大区,东南亚区,菲律宾,,执行层,下级,10043076,,,,,,,,,,,,,,,,,,,,,,,,,,,,,,,,1.9,32,12,1/5/2026,营销,商务销售,A
10010777,光储集团,营销体系,亚太大区,东南亚区,菲律宾,,执行层,下级,10041940,,,,,,,,,,,,,,,,,,,,,,,,,,,,,,,,1.9,32,12,1/5/2026,营销,商务销售,A
10010777,光储集团,营销体系,亚太大区,东南亚区,菲律宾,,执行层,下级,10041122,,,,,,,,,,,,,,,,,,,,,,,,,,,,,,,,1.9,32,12,1/5/2026,营销,商务销售,A
10010777,光储集团,营销体系,亚太大区,东南亚区,菲律宾,,执行层,下级,10036029,5,5,5,5,5,5,5,5,5,5,5,5,5,5,5,5,5,5,5,5,5,5,5,5,5,5,5,5,"协助下属客户对接，非常有耐性且有指导性
能够积极为团队争取资源，协助项目推进","总体做的已经非常好，可以适当增加团建活动，增强团队凝聚力，尤其是与菲律宾本地员工
",无其他意见,1.9,32,12,1/5/2026,营销,商务销售,A
10010777,光储集团,营销体系,亚太大区,东南亚区,菲律宾,,执行层,下级,10031197,5,5,5,5,5,4,5,4,5,4,5,3,5,5,5,4,5,5,4,5,5,5,3,5,5,5,4,4,"认真
勤奋
负责",注意爱惜身体,五、无,1.9,32,12,1/5/2026,营销,商务销售,A
10010777,光储集团,营销体系,亚太大区,东南亚区,菲律宾,,执行层,下级,10026597,5,5,5,5,5,5,4,4,5,4,5,5,4,4,5,5,4,5,5,5,4,5,5,4,5,5,5,5,"持之以恒坚持不懈
和蔼可亲无官僚作风
工作细节，认真可靠","工作时间和生活应该平衡
",无,1.9,32,12,1/5/2026,营销,商务销售,A
10010777,光储集团,营销体系,亚太大区,东南亚区,菲律宾,,执行层,下级,10020427,5,5,5,5,4,4,4,5,5,5,5,5,4,5,5,5,5,5,5,5,4,5,5,5,4,5,5,5,客户响应迅速，团队建议反馈效率高,更多团建活动,暂无,1.9,32,12,1/5/2026,营销,商务销售,A
10010777,光储集团,营销体系,亚太大区,东南亚区,菲律宾,,执行层,下级,10010335,5,5,5,5,5,5,5,4,5,5,5,5,3,3,4,5,5,5,5,4,5,5,4,5,5,5,5,5,"1、对于客户的需求，和项目的底层逻辑，刨根问底，不单纯局限于我司设备，且实事求是。这样有两个好处，即能以专业的视角精准匹配解决客户的诉求，又能持续加深与客户的沟通，增强客户粘性和依赖度，牢牢掌握客户资源。
2、面对突发事务及项目问题，始终秉持先解决问题、后复盘追责。不推诿、不逃避。
3、一直保持高效的工作状态，且时间规划合理。",无,无,1.9,32,12,1/5/2026,营销,商务销售,A
10010777,光储集团,营销体系,亚太大区,东南亚区,菲律宾,,执行层,上级,10005363,5,5,5,5,4,5,5,4,5,5,5,5,3,3,5,5,5,5,5,5,5,4,4,5,5,5,5,5,"积极努力学习产品知识，同时带领下属深入洞察客户需求
积极内部协调解决产品问题，成就客户",需要加强渠道管理，投入更多精力在渠道工作中避免头重脚轻。,加强团队文化建设，适当组织多一些团队集体活动,1.9,32,12,1/5/2026,营销,商务销售,A
10010578,光储集团,营销体系,中国大区,北京公司,央企大客户部,大客户二组,执行层,自己,10010578,5,5,5,5,5,5,4,4,5,5,5,5,4,4,5,5,5,5,5,5,5,5,5,5,5,5,5,5,持续学习带来的知识储备及行业认知、深度思考带来的辨别逻辑能力及创新能力、良好的心态及大局观能带动团队持续正向输出,英语能力提升、高层客情关系的储备发展,持续保持高效学习，并积极带动他人共同进步。持续保持短期（1年）、中期（3年）、长期（5年）工作规划、职业规划、个人规划，并高效执行。,4.3,32,11,,营销,商务销售,B+
10010578,光储集团,营销体系,中国大区,北京公司,央企大客户部,大客户二组,执行层,协同方,10016185,4,4,3,4,3,4,3,3,3,4,4,4,,,,,,,,3,4,4,3,4,3,4,3,4,勤于思考，市场及客户洞察敏锐，可精准识别市场风险，并能给出切实可行的应对策略。,多提供跨部门赋能分享，面向央企大客户团队做好整体赋能支撑。,无,4.3,32,11,,营销,商务销售,B+
10010578,光储集团,营销体系,中国大区,北京公司,央企大客户部,大客户二组,执行层,协同方,10010307,,,,,,,,,,,,,,,,,,,,,,,,,,,,,,,,4.3,32,11,,营销,商务销售,B+
10010578,光储集团,营销体系,中国大区,北京公司,央企大客户部,大客户二组,执行层,协同方,10008083,5,5,5,5,4,4,5,4,4,5,5,5,,,,,,,,5,5,4,4,5,5,5,5,4,勤奋好学，是团队表率，敢于挑战，善于在不同视角辩证事物，洞察分析能力强,团队组织能力建设，加速人才培养,无,4.3,32,11,,营销,商务销售,B+
10010578,光储集团,营销体系,中国大区,北京公司,央企大客户部,大客户二组,执行层,协同方,10008035,5,5,4,5,4,4,5,4,5,5,5,5,,,,,,,,5,4,4,5,4,4,4,4,4,对行业的把控能力较高，能够提出合理化建议解决问题。,工作中更侧重自身业务落地与团队任务结果达成，提高对下属员工的个性化培养、技能赋能、成长规划关注度。,暂无,4.3,32,11,,营销,商务销售,B+
10010578,光储集团,营销体系,中国大区,北京公司,央企大客户部,大客户二组,执行层,协同方,10005068,4,4,3,3,3,3,3,2,4,4,5,3,,,,,,,,3,4,4,4,4,5,5,5,5,遇到问题会及时拉通，敢于拍板决策而不是和稀泥,缺乏激情，做事情不够主动，没有和大家打成一片,暂无,4.3,32,11,,营销,商务销售,B+
10010578,光储集团,营销体系,中国大区,北京公司,央企大客户部,大客户二组,执行层,下级,10047418,5,5,5,5,5,4,4,4,5,5,5,5,4,4,5,5,5,5,5,5,5,5,5,5,5,5,5,5,热爱学习，分配工作合理，有领导力,可以更多的组织大家学习英语，让大家更好的对接海外项目,没有了,4.3,32,11,,营销,商务销售,B+
10010578,光储集团,营销体系,中国大区,北京公司,央企大客户部,大客户二组,执行层,下级,10042965,5,5,5,5,5,5,4,5,5,5,5,5,5,4,5,5,5,5,5,5,5,5,5,5,5,5,5,5,1组织的团队很团结，符合北京公司文化。2贴近团队，及时给予帮助。,更详细帮助每个客户小组分析现在困难，以及解决路径。,无,4.3,32,11,,营销,商务销售,B+
10010578,光储集团,营销体系,中国大区,北京公司,央企大客户部,大客户二组,执行层,下级,10042596,5,5,5,4,5,5,5,4,5,5,5,5,4,5,5,5,5,5,5,5,5,5,5,5,5,5,5,5,善于学习 、具有亲和力 、执行力强,暂无,暂无,4.3,32,11,,营销,商务销售,B+
10010578,光储集团,营销体系,中国大区,北京公司,央企大客户部,大客户二组,执行层,下级,10036905,5,4,4,3,4,3,4,4,4,4,4,5,3,3,4,5,5,5,5,4,4,5,5,5,5,4,5,4,"作为领导能够积极协调公司资源，跨部门协作，推动项目发展和客户关系推进
对团队成员具有洞察力，及时纠正帮助团队中每位成员",对于新业务、新场景的引入学习消化与再培训，希望能够加速转化，成为全组的能力,整体比较优秀，暂无其他建议,4.3,32,11,,营销,商务销售,B+
10010578,光储集团,营销体系,中国大区,北京公司,央企大客户部,大客户二组,执行层,下级,10036034,5,5,5,4,5,4,5,5,5,5,5,5,4,5,5,4,5,5,5,5,5,5,5,4,5,5,5,5,"以客户为导向，主动引导部门同事自我思考，并提出建议和指导。
针对不同客户，给商务同事协调公司内外部资源，达成商务目标。
关注结果的同时，关注过程。
团队管理的氛围极好。",暂无,建议多分享成功经验，赋能商务同事。,4.3,32,11,,营销,商务销售,B+
10010578,光储集团,营销体系,中国大区,北京公司,央企大客户部,大客户二组,执行层,下级,10032662,4,5,5,5,5,5,4,4,5,5,4,5,3,4,5,5,4,4,4,5,5,5,5,5,5,5,4,5,"1、按照每个组员优势分工，同组员一起探讨攻坚客户
2、关爱员工身心健康
3、积极关注行业政策，并带动组员一起学习",暂无,暂无,4.3,32,11,,营销,商务销售,B+
10010578,光储集团,营销体系,中国大区,北京公司,央企大客户部,大客户二组,执行层,下级,10016710,5,5,5,5,5,5,4,4,4,5,4,5,5,4,5,5,5,5,4,5,5,4,4,5,4,5,5,5,"1.主动学习能力
2.领导力",无,无,4.3,32,11,,营销,商务销售,B+
10010578,光储集团,营销体系,中国大区,北京公司,央企大客户部,大客户二组,执行层,下级,10015130,5,5,5,4,5,5,4,5,5,5,5,5,4,4,5,5,5,5,5,4,5,5,5,5,5,4,4,5,自我学习意思强 看重人才发展,国际化视野拓宽,无,4.3,32,11,,营销,商务销售,B+
10010578,光储集团,营销体系,中国大区,北京公司,央企大客户部,大客户二组,执行层,下级,10011335,5,5,5,5,5,4,5,5,4,5,5,4,3,4,4,3,3,4,5,5,5,5,5,4,5,4,4,5,"1、勇于创新；
2、有强大的拼搏精神；
3、行业知识丰富，值得我们学习。","1、对下级成长方面可多考虑；
2、奖惩制度可以在细致些。",暂无建议,4.3,32,11,,营销,商务销售,B+
10010578,光储集团,营销体系,中国大区,北京公司,央企大客户部,大客户二组,执行层,下级,10008002,5,5,5,5,5,5,4,5,5,5,5,5,5,4,5,5,5,5,5,5,5,5,5,5,4,5,5,4,"1充分授权，鼓励团队多元化的发展，从而完成各自的KPI；
2能根据项目情况，不定期传授优秀经验，推动团队能力多维度的提升和发展；
3积极组织开展各种活动，不断提高团队的凝聚力和战斗力。","1涉外项目管理经验需要在更多的项目中不断磨练，积累更多的操盘经验；
2管理时间允许的情况下，建议多参加商研院和MBA的学习。",无,4.3,32,11,,营销,商务销售,B+
10010578,光储集团,营销体系,中国大区,北京公司,央企大客户部,大客户二组,执行层,下级,10000112,,,,,,,,,,,,,,,,,,,,,,,,,,,,,,,,4.3,32,11,,营销,商务销售,B+
10010578,光储集团,营销体系,中国大区,北京公司,央企大客户部,大客户二组,执行层,上级,10008076,4,4,4,4,4,5,3,3,4,4,4,4,4,3,5,5,5,4,4,4,4,4,4,5,5,5,5,5,有创新思维，协同意识较强,无,无,4.3,32,11,,营销,商务销售,B+
10010557,光储集团,营销体系,拉美大区,安第斯及中美洲区域,,,执行层,自己,10010557,5,4,4,4,5,4,5,4,5,4,5,4,3,3,4,5,5,4,3,5,4,5,5,5,4,5,5,5,"During the Q1 sales team improved in bussines development, reporting.
Marketing activities significantly improved",PMO strategy perfectly aligned with sales strategy,no,8.5,38,7,,营销,营销策略,A
10010557,光储集团,营销体系,拉美大区,安第斯及中美洲区域,,,执行层,协同方,10045273,4,5,4,5,4,4,5,4,5,5,4,4,,,,,,,,5,4,5,4,4,5,5,5,4,Good sales track record. Keep good relationship with key customers.,Continue to keep open communication with team to share experience and market knowledge ,no suggestions.,8.5,38,7,,营销,营销策略,A
10010557,光储集团,营销体系,拉美大区,安第斯及中美洲区域,,,执行层,协同方,10041474,4,4,3,4,5,5,4,3,4,5,5,5,,,,,,,,4,4,3,4,4,5,5,5,4,"Maintains close communication and strong contact with customers, and efficiently resolves internal team issues","Hope to better balance work and family time, understand the team more deeply, and further improve the capabilities of the sales team",Hope you can pay attention to the tone used when communicating with colleagues and manage personal emotions,8.5,38,7,,营销,营销策略,A
10010557,光储集团,营销体系,拉美大区,安第斯及中美洲区域,,,执行层,协同方,10027138,5,4,4,5,5,4,5,4,4,5,5,4,,,,,,,,4,4,4,4,5,5,5,5,5,Deeply engaged in the business and highly responsive to market changes; manages the team with a results-oriented approach.,Improve data sensitivity and strengthen review when setting assessment metrics such as targets and budgets,No comment,8.5,38,7,,营销,营销策略,A
10010557,光储集团,营销体系,拉美大区,安第斯及中美洲区域,,,执行层,协同方,10025238,4,4,4,4,4,5,5,5,5,5,5,5,,,,,,,,5,5,5,5,5,5,5,5,5,"1. Outstanding business capability; under Gonzalo’s leadership, the Spanish-speaking countries in South America, including Chile, Colombia, Mexico, and Central America, have consistently delivered excellent results. 2. Excellent leadership and management ability; under Gonzalo’s leadership, the Andean Spanish-speaking markets have achieved strong performance across business, operations, and service metrics.","If time permits, it is suggested to learn some Chinese to facilitate communication and management with headquarters","Gonzalo demonstrates outstanding business capability, strong leadership and corporate governance skills, and a high level of cross-cultural communication finesse",8.5,38,7,,营销,营销策略,A
10010557,光储集团,营销体系,拉美大区,安第斯及中美洲区域,,,执行层,协同方,10023305,4,4,4,4,4,4,4,4,4,4,4,4,,,,,,,,4,4,4,4,4,4,4,4,4,"I answered everything ""often"" because I don't have much interaction with him.","I answered everything ""often"" because I don't have much interaction with him.",no,8.5,38,7,,营销,营销策略,A
10010557,光储集团,营销体系,拉美大区,安第斯及中美洲区域,,,执行层,协同方,10013576,4,3,3,3,4,5,5,5,4,4,4,4,,,,,,,,3,3,4,4,5,4,4,4,3,-,-,-,8.5,38,7,,营销,营销策略,A
10010557,光储集团,营销体系,拉美大区,安第斯及中美洲区域,,,执行层,协同方,10010409,,,,,,,,,,,,,,,,,,,,,,,,,,,,,,,,8.5,38,7,,营销,营销策略,A
10010557,光储集团,营销体系,拉美大区,安第斯及中美洲区域,,,执行层,下级,10045285,5,5,4,5,4,5,5,5,5,5,5,5,5,5,5,5,5,5,5,5,5,5,5,5,5,5,5,5,"Customer Centric - always focused in evaluate the best for the customers

Problems Solved - seek for the best solution for the customer

Core values of Sungrow - always showing the core values of Sungrow","Less than 6 months working with Gonzalo, not relevant areas to be improved at this moment",Not at this moment ,8.5,38,7,,营销,营销策略,A
10010557,光储集团,营销体系,拉美大区,安第斯及中美洲区域,,,执行层,下级,10044419,5,5,5,5,5,5,5,4,5,5,5,4,3,3,4,3,5,5,4,4,4,5,5,4,5,5,5,5,"Gonzalo is an excellent leader and a great salesperson who connects very well with clients and is constantly staying up to date on every market and opportunity. I believe one area for improvement would be to incorporate ESG-related aspects and values into this sales approach. While this is already part of the department’s strategy, I believe that, in addition to events, it is essential to be an active part of the ecosystem where we are developing our business—especially given the reality of Latin America. Sales must go hand in hand with our responsibility toward the ecosystem and the communities we impact.","Gonzalo is an excellent leader and a great salesperson who connects very well with clients and is constantly staying up to date on every market and opportunity. I believe one area for improvement would be to incorporate ESG-related aspects and values into this sales approach. While this is already part of the department’s strategy, I believe that, in addition to events, it is essential to be an active part of the ecosystem where we are developing our business—especially given the reality of Latin America. Sales must go hand in hand with our responsibility toward the ecosystem and the communities we impact.",Perhaps we could continue to improve our communication and teamwork,8.5,38,7,,营销,营销策略,A
10010557,光储集团,营销体系,拉美大区,安第斯及中美洲区域,,,执行层,下级,10044154,5,5,5,5,4,5,5,5,5,4,5,5,4,5,5,4,5,5,5,5,5,5,5,5,5,5,5,5,"Gonzalo has a very deep understanding of customer relations and how to address problems quickly, always seeking to add value through his actions","Knowledge in project management always goes beyond sales, as it involves creating and developing strategies to ensure that project delivery is always aligned with contractual commitments. In this sense, there is room for improvement to further internalize and deepen project management processes for risks and changes",Continuing on the same path he has been following is a great example and makes him an inspiring professional,8.5,38,7,,营销,营销策略,A
10010557,光储集团,营销体系,拉美大区,安第斯及中美洲区域,,,执行层,下级,10042436,4,4,5,4,4,4,4,5,4,3,4,3,3,4,3,3,3,3,2,3,4,4,5,5,4,5,4,5,"Great Leadership, Always has a focus in Customer Satisfaction and Great Sales Rep.","More Communication, Be more visible , More Knowledge about the Industry Standards (Engineering, Field Service)","One thing that could be improved ins to Involve more ollabprator from the Front and back Office, to commercial instances, as events, seminars and fairs. There is a lot of value in the company team, such as Project Managers, Project Engineers, HS Professionals, FS Engineers that could also be of a lot of value  during this kind of events.",8.5,38,7,,营销,营销策略,A
10010557,光储集团,营销体系,拉美大区,安第斯及中美洲区域,,,执行层,下级,10025962,5,5,4,5,4,5,5,4,5,5,5,5,5,4,5,5,4,5,5,5,5,4,5,5,4,5,5,5,"Doing Business, Customer Relationship, Discover Customer Needs.",Continue increasing customer coverage time in certain regions.,"Overall, Gonzalo performs his duties very well. Therefore, I have no further comments.",8.5,38,7,,营销,营销策略,A
10010557,光储集团,营销体系,拉美大区,安第斯及中美洲区域,,,执行层,下级,10024195,,,,,,,,,,,,,,,,,,,,,,,,,,,,,,,,8.5,38,7,,营销,营销策略,A
10010557,光储集团,营销体系,拉美大区,安第斯及中美洲区域,,,执行层,下级,10012519,5,5,4,4,5,5,5,4,4,5,5,5,2,3,4,3,5,4,3,5,3,5,4,5,5,5,4,5,"Trust in the team to develop the area.
Keep team motivation to achieve goals
Availability of resources for improvement implementations",Take more time for other areas that are not focused on sales or projects.,The confidence in the work we do motivates us because we can develop the area and address new needs; we have always had Gonzalo's support in developing new strategies and implementations.,8.5,38,7,,营销,营销策略,A
10010557,光储集团,营销体系,拉美大区,安第斯及中美洲区域,,,执行层,上级,10009037,5,5,5,5,4,4,5,4,4,5,5,5,3,5,4,4,5,4,4,5,5,5,4,4,5,5,5,4,Outstanding key-account sales ability; open-minded,Time management; empower team members more,No comment,8.5,38,7,,营销,营销策略,A
10010526,采购中心,采购策略,采购成本管理部,,,,执行层,自己,10010526,5,5,5,5,5,5,5,4,4,5,5,5,5,5,5,5,5,5,4,5,5,5,5,5,5,5,5,5,"战略解读到位
目标导向","相关方协同仍可进一步提升
社会环境感知能力仍可进一步提升",再系统化一点,8.5,36,6,,采购,采购策略-成本管理,B+
10010526,采购中心,采购策略,采购成本管理部,,,,执行层,协同方,10035513,4,4,4,4,3,3,4,4,3,4,4,4,,,,,,,,3,4,4,3,3,4,4,3,4,成本管理专业,跨部门协同可以更好,暂无,8.5,36,6,,采购,采购策略-成本管理,B+
10010526,采购中心,采购策略,采购成本管理部,,,,执行层,协同方,10012333,2,3,3,3,3,3,3,4,2,4,3,3,,,,,,,,2,4,4,3,3,3,5,4,5,严谨、认真,大局观、深入洞察,加强策略的可落地性,8.5,36,6,,采购,采购策略-成本管理,B+
10010526,采购中心,采购策略,采购成本管理部,,,,执行层,协同方,10011016,4,5,5,4,4,4,4,3,4,4,4,4,,,,,,,,4,4,5,3,5,4,5,5,5,"积极不倦的钻研精神、持续挖掘降本空间，成效显著
用自动化工具（如成本模型）替代重复劳动","多复盘与经验沉淀，从执行者进化为经验贡献者
建立轻量级同步机制，保密的前提下也能更好协同",多经验沉淀与分享,8.5,36,6,,采购,采购策略-成本管理,B+
10010526,采购中心,采购策略,采购成本管理部,,,,执行层,协同方,10001771,5,5,5,4,4,5,5,4,4,4,4,5,,,,,,,,4,4,5,4,5,5,4,5,5,无,无,无,8.5,36,6,,采购,采购策略-成本管理,B+
10010526,采购中心,采购策略,采购成本管理部,,,,执行层,协同方,10001451,5,4,4,4,4,4,4,4,3,3,4,4,,,,,,,,4,4,4,5,4,4,4,3,4,成本管控意识突出,沟通技巧需提升，需要站在对方角度多思考,无,8.5,36,6,,采购,采购策略-成本管理,B+
10010526,采购中心,采购策略,采购成本管理部,,,,执行层,协同方,10001448,5,4,4,3,3,3,4,4,4,4,4,3,,,,,,,,4,3,5,5,3,4,5,5,5,无,强化团队目标管理,无,8.5,36,6,,采购,采购策略-成本管理,B+
10010526,采购中心,采购策略,采购成本管理部,,,,执行层,协同方,10001412,,,,,,,,,,,,,,,,,,,,,,,,,,,,,,,,8.5,36,6,,采购,采购策略-成本管理,B+
10010291,光储集团,营销体系,工商业储能经营中心,营销策略部,,,执行层,上级,10009041,3,4,3,4,3,4,3,4,3,4,4,4,4,4,3,4,4,3,4,3,4,4,4,4,4,3,3,3,暂无,暂无,暂无,8.6,35,6,,营销,营销策略,B+
10010291,光储集团,营销体系,工商业储能经营中心,营销策略部,,,执行层,下级,10015336,4,4,5,5,4,4,4,3,4,5,5,4,3,4,4,4,3,4,4,5,5,5,4,4,5,4,5,5,行动力,暂无,暂无,8.6,35,6,,营销,营销策略,B+
10010291,光储集团,营销体系,工商业储能经营中心,营销策略部,,,执行层,下级,10027589,5,5,4,5,5,5,5,5,4,4,4,4,5,4,5,5,5,5,5,5,5,5,5,5,5,5,5,5,"1.主动牵头梳理全球工商储策略工作的SOP流程机制，并按计划/步骤精确分配给下属；
2.根据他团队各组的人员特点进行合理人力分配，并且关注各人员在岗位的适应性；","1.能够带动部门团队，与海外重点区域团队做更多的调研沟通，从而加深部门间的理解
2.能够快速招聘并引入团队成员，有足够的人力资源去拓展新场景市场",暂无,8.6,35,6,,营销,营销策略,B+
10010291,光储集团,营销体系,工商业储能经营中心,营销策略部,,,执行层,下级,10028637,5,5,5,5,5,4,4,4,5,5,5,5,4,4,4,4,5,4,5,4,5,4,3,4,4,4,4,5,"逻辑清晰，善于规划和思考
工作认真负责，以身作则
善于辅导下属和领导团队","追求完美，但有时过于苛刻，需要适当给足空间
",希望提升团队的精神文化活动，多开展团队活动，提升凝聚力,8.6,35,6,,营销,营销策略,B+
10010291,光储集团,营销体系,工商业储能经营中心,营销策略部,,,执行层,下级,10037493,,,,,,,,,,,,,,,,,,,,,,,,,,,,,,,,8.6,35,6,,营销,营销策略,B+
10010291,光储集团,营销体系,工商业储能经营中心,营销策略部,,,执行层,下级,10037805,5,5,5,5,4,4,4,5,4,4,5,4,4,4,4,5,4,4,4,4,5,5,4,4,4,4,5,5,"1、专业性，是我们的老师，值得我们学习
2、考虑问题的全面性，能指导我们王哪些方面思考推进工作
3、责任心，工作有强烈的责任心",全球化方面,暂无，能力很强，有责任心，值得我们学习,8.6,35,6,,营销,营销策略,B+
10010291,光储集团,营销体系,工商业储能经营中心,营销策略部,,,执行层,协同方,10002961,5,5,5,5,4,4,4,4,5,5,5,5,,,,,,,,4,5,4,4,4,5,5,5,5,能够提出一些建设性创新性建议,多换位思考，多听取不同建议后统筹考虑,无,8.6,35,6,,营销,营销策略,B+
10010291,光储集团,营销体系,工商业储能经营中心,营销策略部,,,执行层,协同方,10008083,5,5,5,5,5,5,5,5,5,5,5,5,,,,,,,,5,5,5,5,5,5,5,5,5,专业细致，敏锐洞察力，组织能力强，又善于带领队伍,拓展全球业务能力,无,8.6,35,6,,营销,营销策略,B+
10010291,光储集团,营销体系,工商业储能经营中心,营销策略部,,,执行层,协同方,10009428,4,5,4,4,4,3,4,4,4,4,4,5,,,,,,,,4,4,3,4,4,4,4,4,4,"1、对于市场趋势和复杂问题有自己独到的观点和认知，专业领域能力扎实
2、对策略执行有较强的执行力，和高标准要求
3、手把手进行一线带教和指导指点",进一步提升沟通能力技巧和兼容性,无,8.6,35,6,,营销,营销策略,B+
10010291,光储集团,营销体系,工商业储能经营中心,营销策略部,,,执行层,协同方,10009508,5,4,5,4,5,4,5,5,5,5,5,4,,,,,,,,5,4,5,4,5,5,5,4,5,"1、深耕区域业务多年，行业与技术经验扎实，面对客户技术咨询总能精准解答。
2、工作严谨负责，行事稳重，区域日常运营和风险把控到位，团队认可度高。","1、团队文化建设工作较少
2、工作负面情绪严重",暂无,8.6,35,6,,营销,营销策略,B+
10010291,光储集团,营销体系,工商业储能经营中心,营销策略部,,,执行层,协同方,10009738,5,4,4,5,4,4,5,4,3,3,5,4,,,,,,,,5,4,4,4,3,3,5,5,5,"学习能力强，能够不断学习提升专业及管理能力
以结果为导向，不轻易妥协",提高全球化视野,无,8.6,35,6,,营销,营销策略,B+
10010291,光储集团,营销体系,工商业储能经营中心,营销策略部,,,执行层,协同方,10018362,5,4,3,4,3,3,4,3,4,3,4,4,,,,,,,,3,4,5,5,4,3,5,5,5,推动能力强，自驱力强,英语能力,无,8.6,35,6,,营销,营销策略,B+
10010291,光储集团,营销体系,工商业储能经营中心,营销策略部,,,执行层,协同方,10029922,5,5,5,5,5,5,5,5,5,5,4,5,,,,,,,,5,5,5,4,4,4,4,4,5,对待工作认真，规划能力强,岗位适应性强,暂无,8.6,35,6,,营销,营销策略,B+
10010291,光储集团,营销体系,工商业储能经营中心,营销策略部,,,执行层,自己,10010291,4,5,4,5,4,4,4,5,4,4,4,4,4,4,5,4,4,5,4,5,4,5,4,5,4,5,5,5,"1-不畏困难，勇于承担
2-技术能力、营销能力全面","1-英语能力
2-人际关系处理、向上汇报与管理",无,8.6,35,6,,营销,营销策略,B+
10010526,采购中心,采购策略,采购成本管理部,,,,执行层,下级,10027813,4,4,5,4,3,4,4,4,4,5,4,4,4,5,4,4,4,5,3,4,4,5,3,4,5,5,5,5,"执行力强，能迅速响应领导的要求并分解任务指标落实。
目标和结果导向，指标意识非常强。",团队管理方面，对下属的工作反馈中，批评相对较多，鼓励表扬较少。,无。,8.5,36,6,,采购,采购策略-成本管理,B+
10010526,采购中心,采购策略,采购成本管理部,,,,执行层,下级,10027666,2,2,1,1,2,1,3,2,2,4,2,1,3,3,1,1,1,2,2,4,2,1,1,1,1,4,2,4,"1、工作积极主动性较高，能够主动承接组织任务
2、工作追求效率，对时效性把控较为严格","1、任务承接下来建议先自我消化，分派任务时确认好职责划分，同时也帮助下属共同寻找问题的解决方向
2、不建议仅追求效率，工作质量也很重要，需要给予下属提升内容质量的时间
3、持续深耕岗位所需要的专业知识",团队影响力有待提升，建议花些时间深耕专业核心,8.5,36,6,,采购,采购策略-成本管理,B+
10010526,采购中心,采购策略,采购成本管理部,,,,执行层,下级,10013930,5,5,5,4,5,5,5,4,5,5,5,5,5,5,5,5,5,4,5,5,5,5,4,5,5,5,5,5,"专业功底扎实，业务攻坚能力强
目标责任心强，担当执行力突出","战略全局思维需进一步加强
下属复杂事项的支持需精进",建议后续在工作安排与沟通对接中，平衡任务推进节奏,8.5,36,6,,采购,采购策略-成本管理,B+
10010526,采购中心,采购策略,采购成本管理部,,,,执行层,下级,10010143,4,4,4,3,4,4,4,3,4,4,4,3,4,4,4,3,4,4,3,4,4,4,4,4,3,5,4,5,始终坚持组织目标，不断递进，思考方法，实现目标,多倾听、多认同、多赞扬,无,8.5,36,6,,采购,采购策略-成本管理,B+
10010526,采购中心,采购策略,采购成本管理部,,,,执行层,下级,10009477,3,3,2,3,3,2,3,2,2,4,3,3,3,4,2,2,2,1,2,3,3,3,3,2,3,4,2,4,以结果为核心导向，目标意识强，执行果敢坚决,"1、战略统筹维度：战略顶层谋划与跨业务协同布局持续提升。
发展建议：进一步跳出现有业务板块局限，加强对行业趋势、产业链格局及集团长期战略的前置研究，主动前置谋划中长期业务布局；强化跨中心、跨部门战略协同联动，提前统筹资源、预判协同壁垒，从被动承接目标向主动规划战略落地路径转变。
2、业务管控维度：精细化过程管控与分层节奏赋能有待加强。
发展建议：在现有结果导向、高效落地的基础上，进一步细化业务全流程节点管控，建立过程复盘与动态纠偏机制；针对不同类型业务、不同能力下属，实行差异化推进节奏与辅导方式，既保结果达成，也沉淀可复制的业务方法论。
3、团队管理维度：体系化人才培养与梯队建设需持续深耕。
发展建议：授权赋能、人格化管理，搭建系统化团队人才梯队培养体系，明确骨干、后备人才成长路径与培养计划；加强对下属核心能力、短板弱项的精准诊断，做到因材施教、定向赋能，形成人才可持续输出的良性循环。",管理风格随场景灵活切换，弱化传统权威式管控，做到真正的授权赋能、信任包容，正向激励团队成员,8.5,36,6,,采购,采购策略-成本管理,B+
10010526,采购中心,采购策略,采购成本管理部,,,,执行层,上级,10001927,3,4,3,3,4,2,4,3,3,4,3,2,4,3,3,3,2,2,2,3,4,3,3,4,3,5,4,5,持续学习；解决问题,灵活调整对下属的管理方式、风格，更加开放的态度展开，多倾听，辅导，鼓励；提升柔性领导、人际协同和跨部门影响力,无,8.5,36,6,,采购,采购策略-成本管理,B+
10010409,光储集团,营销体系,拉美大区,ETS拉美,,,执行层,自己,10010409,,,,,,,,,,,,,,,,,,,,,,,,,,,,,,,,8.4,53,0,,,,B+
10010409,光储集团,营销体系,拉美大区,ETS拉美,,,执行层,协同方,10045273,3,2,3,2,3,4,3,3,4,3,3,4,,,,,,,,2,3,3,3,2,2,2,3,3,Left the company in May.,Left company in May.,no suggestions.,8.4,53,0,,,,B+
10010409,光储集团,营销体系,拉美大区,ETS拉美,,,执行层,协同方,10041474,3,2,2,2,2,3,2,2,2,3,3,3,,,,,,,,2,2,2,3,3,3,4,2,4,Maintains ongoing communication and exchange with the team,Hope to improve cross-functional communication and better execute on committed decisions,"In conversations with customers or the team, reduce the use of personal subjective opinions",8.4,53,0,,,,B+
10010409,光储集团,营销体系,拉美大区,ETS拉美,,,执行层,协同方,10027839,1,1,1,1,1,1,1,1,1,1,1,1,,,,,,,,1,1,1,1,1,1,1,1,1,"Ricardo has left the company. So ""Almost Never"" answers were considered. No feedback is needed. ","Ricardo has left the company. So ""Almost Never"" answers were considered. No feedback is needed. ","Ricardo has left the company. So ""Almost Never"" answers were considered. No feedback is needed. ",8.4,53,0,,,,B+
10010409,光储集团,营销体系,拉美大区,ETS拉美,,,执行层,协同方,10027138,3,2,2,3,3,2,3,3,2,3,3,3,,,,,,,,3,2,4,3,3,4,5,3,5,Approachable and willing to share,"Business decisions need to be made promptly and effectively, with clear guidance to the team; focus on outcomes in a results-oriented manner",No comment,8.4,53,0,,,,B+
10010409,光储集团,营销体系,拉美大区,ETS拉美,,,执行层,协同方,10023305,4,4,4,4,4,4,4,4,4,4,4,4,,,,,,,,4,4,4,4,4,4,4,4,4,"I answered everything ""often"" because I don't have much interaction with him.","I answered everything ""often"" because I don't have much interaction with him.",no,8.4,53,0,,,,B+
10010409,光储集团,营销体系,拉美大区,ETS拉美,,,执行层,协同方,10021331,1,1,1,1,2,2,1,2,2,1,1,1,,,,,,,,1,1,1,1,1,2,1,1,1,technical area,all department,no,8.4,53,0,,,,B+
10010409,光储集团,营销体系,拉美大区,ETS拉美,,,执行层,协同方,10013576,3,3,2,3,3,4,5,5,3,4,4,4,,,,,,,,3,3,4,5,4,4,3,2,3,-,-,-,8.4,53,0,,,,B+
10010409,光储集团,营销体系,拉美大区,ETS拉美,,,执行层,协同方,10010557,3,2,2,1,3,4,3,4,1,3,2,4,,,,,,,,4,3,3,4,3,3,5,3,5,Visit more frecuently to spanish countries. ,comunication between his leaders.,no,8.4,53,0,,,,B+
10010409,光储集团,营销体系,拉美大区,ETS拉美,,,执行层,下级,10046871,4,4,4,4,5,4,4,4,4,5,5,4,4,4,5,3,4,4,5,5,5,4,4,5,5,5,4,5,"Ricardo demonstrates strong commitment to operational excellence and consistently focuses on achieving results while maintaining high standards of quality and safety.         

He has excellent communication and collaboration skills, effectively coordinating with different teams and supporting problem resolution in a timely manner. 

Ricardo shows strong initiative in daily operations, proactively identifying issues and implementing practical solutions to improve efficiency and reliability.","Continue strengthening long-term strategic planning and delegation of responsibilities to further develop team autonomy.
 Increase participation in digitalization and AI-related initiatives to enhance operational processes and data analysis capabilities. 
Continue developing structured talent development plans to support the long-term growth and succession of team members.","Continue promoting collaboration across departments and sharing operational best practices with the wider organization. 

Maintain the strong focus on customer support and operational reliability while encouraging continuous innovation within the team.",8.4,53,0,,,,B+
10010409,光储集团,营销体系,拉美大区,ETS拉美,,,执行层,下级,10046835,5,4,4,4,4,5,4,4,4,5,4,4,3,4,4,4,4,4,5,4,5,4,4,5,5,4,5,5,"Great teamwork spirit and capacity to motivate team members, even in difficult times. Also a good listener to others ideas/proposals, gives always space to creativity and initiative to work with new ideas.",At the moment I don't have comments regarding improvement since it's only 2 months working with him.,No more comments.,8.4,53,0,,,,B+
10010409,光储集团,营销体系,拉美大区,ETS拉美,,,执行层,下级,10042986,5,4,4,4,5,4,5,5,4,5,5,5,4,4,5,5,5,4,5,5,5,4,4,5,5,5,5,4,"He is an amazing teacher and coach, close to their colleagues. ","He definitely needs more hours in a day, so we have the chance to have more  meetings and chances to interact.","Keep on being a good person, and a great professional.",8.4,53,0,,,,B+
10010409,光储集团,营销体系,拉美大区,ETS拉美,,,执行层,下级,10034618,5,4,3,5,3,5,5,5,3,3,4,3,3,2,3,2,4,5,5,3,3,5,5,5,5,5,5,5,"Ricardo demonstrates strong integrity, professionalism, and respect in daily interactions, helping create a positive and collaborative working environment across teams and countries.
He actively promotes a strong cultural mindset within the organization and consistently supports team unity and cooperation during challenging situations.
Ricardo shows openness to improvement initiatives and encourages positive communication and knowledge sharing within the department.","Strengthen strategic execution and follow-up mechanisms to ensure faster implementation and closure of operational initiatives and action plans.
Increase involvement in digital transformation and process automation initiatives to improve operational efficiency and scalability.
Continue developing cross-functional influence and resource coordination capabilities to accelerate decision-making and problem resolution across departments.","Ricardo has built a strong foundation in team culture, professionalism, and collaboration. Moving forward, focusing more on operational standardization, long-term planning, and execution efficiency could further strengthen both the department's performance and regional alignment.",8.4,53,0,,,,B+
10010409,光储集团,营销体系,拉美大区,ETS拉美,,,执行层,下级,10034077,4,4,3,3,4,3,4,4,4,4,4,4,3,3,3,3,4,3,3,4,3,4,3,5,3,4,4,4,"technical knowledge
empathy
trust/delegation of responsibility","reduce micromanagement
intensify opportunities for strategic alignment",no,8.4,53,0,,,,B+
10010409,光储集团,营销体系,拉美大区,ETS拉美,,,执行层,下级,10033081,,,,,,,,,,,,,,,,,,,,,,,,,,,,,,,,8.4,53,0,,,,B+
10010409,光储集团,营销体系,拉美大区,ETS拉美,,,执行层,下级,10029699,5,2,3,3,4,3,5,3,3,4,4,5,3,3,4,4,3,3,3,3,4,4,3,4,4,5,4,5,/,/,/,8.4,53,0,,,,B+
10010409,光储集团,营销体系,拉美大区,ETS拉美,,,执行层,下级,10020813,5,4,3,3,3,2,4,2,3,3,4,4,1,1,2,1,1,1,1,3,2,3,2,2,2,1,1,3,Strategic Planning and Customer Attention.,"Micromanagement  - Learn to delegate
Work Environment - Improve mood and promote motivation
Consistency - Keep consistency in opnions by avoiding changing directions too often.",Most of the improvement points addressed were caused by the top management atitude and lack of support to all attempts to do a better work.,8.4,53,0,,,,B+
10010409,光储集团,营销体系,拉美大区,ETS拉美,,,执行层,下级,10017043,5,5,5,4,5,5,5,4,4,5,5,4,2,4,3,5,5,5,4,4,5,4,4,5,4,4,5,5,"Strategic thinking
Business Development
Technical","Executive comunication - condense the idea to be comunicated
Digitalization process - have more contact with internal digital tools",Always take care of his health as a priority and not to postpone  because of work,8.4,53,0,,,,B+
10010409,光储集团,营销体系,拉美大区,ETS拉美,,,执行层,上级,10009037,3,3,3,3,2,4,2,3,2,3,3,3,3,3,2,4,3,3,3,2,3,4,4,3,4,4,1,3,Extremely patient; willing to travel for extended periods,Results-oriented; strengthen relationships with heads of other departments; improve communication with headquarters; treat team members fairly,Prioritize the interests of the company/team,8.4,53,0,,,,B+
10010407,光储集团,营销体系,欧洲大区,德语区、北欧、荷比卢、土耳其,北欧,瑞典、芬兰,执行层,自己,10010407,4,4,5,4,3,4,4,3,4,4,4,3,4,3,4,4,4,4,3,4,4,4,4,5,4,5,5,4,"Customer first, providing direct reports necessary support/coaching ",More visionary leadership ,-,8.8,45,3,,营销,商务销售,B+
10010407,光储集团,营销体系,欧洲大区,德语区、北欧、荷比卢、土耳其,北欧,瑞典、芬兰,执行层,协同方,10042855,3,4,4,2,3,4,4,5,2,5,5,4,,,,,,,,2,3,2,3,2,3,5,2,2,"Encouraging strong team performance by proactively addressing both minor and major issues as they arise. Actively listening to employees, valuing their feedback, and taking their opinions and proposed solutions into consideration.","Needs to work on communicating more clearly and being more present with the team. Should consider stepping in more frequently to demonstrate engagement, take a more active role, and confidently set expectations. Additionally, it is important to escalate and drive key topics upward to management when needed.",-,8.8,45,3,,营销,商务销售,B+
10010407,光储集团,营销体系,欧洲大区,德语区、北欧、荷比卢、土耳其,北欧,瑞典、芬兰,执行层,协同方,10041408,3,4,3,3,3,4,5,2,4,3,4,3,,,,,,,,4,4,4,3,2,3,5,3,2,Analytical approach in different situations.  ,Interpersonal communication,No more feedback,8.8,45,3,,营销,商务销售,B+
10010407,光储集团,营销体系,欧洲大区,德语区、北欧、荷比卢、土耳其,北欧,瑞典、芬兰,执行层,协同方,10032638,4,5,4,2,2,3,3,5,3,4,3,3,,,,,,,,5,4,3,4,3,3,4,5,4,Good client relationships,communication of future plans,-,8.8,45,3,,营销,商务销售,B+
10010407,光储集团,营销体系,欧洲大区,德语区、北欧、荷比卢、土耳其,北欧,瑞典、芬兰,执行层,协同方,10017371,5,4,5,4,4,4,5,5,5,5,4,4,,,,,,,,4,5,5,5,5,4,5,5,5,/,/,/,8.8,45,3,,营销,商务销售,B+
10010407,光储集团,营销体系,欧洲大区,德语区、北欧、荷比卢、土耳其,北欧,瑞典、芬兰,执行层,协同方,10016054,,,,,,,,,,,,,,,,,,,,,,,,,,,,,,,,8.8,45,3,,营销,商务销售,B+
10010407,光储集团,营销体系,欧洲大区,德语区、北欧、荷比卢、土耳其,北欧,瑞典、芬兰,执行层,协同方,10014933,3,3,3,3,2,2,3,3,3,3,3,3,,,,,,,,3,3,3,3,4,4,3,2,3,Relatively loyal to the company,Be more proactive and ambitious,Be a bit more proactive and ambitious,8.8,45,3,,营销,商务销售,B+
10010407,光储集团,营销体系,欧洲大区,德语区、北欧、荷比卢、土耳其,北欧,瑞典、芬兰,执行层,协同方,10014226,,,,,,,,,,,,,,,,,,,,,,,,,,,,,,,,8.8,45,3,,营销,商务销售,B+
10010407,光储集团,营销体系,欧洲大区,德语区、北欧、荷比卢、土耳其,北欧,瑞典、芬兰,执行层,协同方,10019859,2,2,2,2,2,1,3,1,2,3,3,2,,,,,,,,1,1,1,2,2,1,2,1,2,None ,More efficiency ,None ,8.8,45,3,,营销,商务销售,B+
10010407,光储集团,营销体系,欧洲大区,德语区、北欧、荷比卢、土耳其,北欧,瑞典、芬兰,执行层,协同方,10009767,5,4,4,4,4,4,4,5,4,5,5,3,,,,,,,,4,4,3,5,3,4,5,5,4,No comment,No comment,No comment,8.8,45,3,,营销,商务销售,B+
10010407,光储集团,营销体系,欧洲大区,德语区、北欧、荷比卢、土耳其,北欧,瑞典、芬兰,执行层,协同方,10009528,4,4,4,4,3,4,4,4,4,4,3,4,,,,,,,,4,3,4,4,4,4,4,4,4,Long term experience in Sungrow with different regions ,I don't have,I don't have,8.8,45,3,,营销,商务销售,B+
10010407,光储集团,营销体系,欧洲大区,德语区、北欧、荷比卢、土耳其,北欧,瑞典、芬兰,执行层,协同方,10007913,4,3,4,4,4,3,4,3,3,3,4,5,,,,,,,,5,4,4,4,5,4,5,5,5,Customer mindset,Organizational development,No comment,8.8,45,3,,营销,商务销售,B+
10010407,光储集团,营销体系,欧洲大区,德语区、北欧、荷比卢、土耳其,北欧,瑞典、芬兰,执行层,协同方,10007708,5,5,4,4,4,4,5,4,4,4,4,5,,,,,,,,5,4,4,4,4,4,5,5,5,Positive work attitude,"Huawei has a deep presence in the Nordic market, so we need to target specific customers for phased breakthroughs.",No comment,8.8,45,3,,营销,商务销售,B+
10010407,光储集团,营销体系,欧洲大区,德语区、北欧、荷比卢、土耳其,北欧,瑞典、芬兰,执行层,协同方,10007343,5,4,4,4,4,5,5,5,4,5,5,5,,,,,,,,4,4,5,5,5,4,4,5,4,...,...,...,8.8,45,3,,营销,商务销售,B+
10010407,光储集团,营销体系,欧洲大区,德语区、北欧、荷比卢、土耳其,北欧,瑞典、芬兰,执行层,协同方,10007027,,,,,,,,,,,,,,,,,,,,,,,,,,,,,,,,8.8,45,3,,营销,商务销售,B+
10010407,光储集团,营销体系,欧洲大区,德语区、北欧、荷比卢、土耳其,北欧,瑞典、芬兰,执行层,下级,10042522,5,5,4,5,4,3,5,5,5,5,5,4,3,3,4,4,4,3,3,4,4,5,3,5,4,5,5,5,Demonstrated leadership in resolving cross department misalignments. Highly solution oriented. Demonstrated cross market understanding. Great interpersonal skills.,"Be more proactive in defining the Country growth path. Define conditions (MWh delivered /MW delivered) for further growth of the team and current team career path in this growth.
Assign a standard back up tech support instead of ad hoc back up tech support in cases where tech support covers several countries.",No suggestions,8.8,45,3,,营销,商务销售,B+
10010407,光储集团,营销体系,欧洲大区,德语区、北欧、荷比卢、土耳其,北欧,瑞典、芬兰,执行层,下级,10029546,5,5,4,5,5,5,4,4,5,5,4,5,5,5,5,4,4,4,4,5,4,5,5,5,5,5,5,5,"Effectively manages complex organizational situations while maintaining alignment across different stakeholders and management levels; Actively coaches and supports team members in their professional growth and development; Cultivates organizational growth and provides team members with trust, autonomy, and alignment","alignment on business strategy, execution priorities, and resource allocation could help improve the team focus and efficiency",N/A,8.8,45,3,,营销,商务销售,B+
10010407,光储集团,营销体系,欧洲大区,德语区、北欧、荷比卢、土耳其,北欧,瑞典、芬兰,执行层,下级,10020637,,,,,,,,,,,,,,,,,,,,,,,,,,,,,,,,8.8,45,3,,营销,商务销售,B+
10010407,光储集团,营销体系,欧洲大区,德语区、北欧、荷比卢、土耳其,北欧,瑞典、芬兰,执行层,上级,10009084,4,3,4,4,3,3,3,3,4,4,4,5,3,4,3,4,3,3,3,5,4,3,3,4,3,4,4,4,"Has improved the business in Denmark, Finland and Norway and stabilized the teams. Very customer focused.",Internal communication sometimes not effective and therefore increases time until topics are addressed. Needs to improve cross-department realtionships.,-,8.8,45,3,,营销,商务销售,B+
